ISO-10303-21;
HEADER;
FILE_DESCRIPTION (( 'STEP AP214' ),
    '1' );
FILE_NAME ('CUI_DEVICES_TS09-63-25-WT-260-SMT-TR.step',
    '2022-05-24T20:28:23',
    ( '' ),
    ( '' ),
    'SwSTEP 2.0',
    'SolidWorks 2022',
    '' );
FILE_SCHEMA (( 'AUTOMOTIVE_DESIGN' ));
ENDSEC;

DATA;
#1 = DIRECTION ( 'NONE',  ( 1.000000000000000000, 0.0000000000000000000, 0.0000000000000000000 ) ) ;
#2 = FACE_OUTER_BOUND ( 'NONE', #8, .T. ) ;
#3 = LINE ( 'NONE', #2744, #1054 ) ;
#4 = DIMENSIONAL_EXPONENTS ( 1.000000000000000000, 0.0000000000000000000, 0.0000000000000000000, 0.0000000000000000000, 0.0000000000000000000, 0.0000000000000000000, 0.0000000000000000000 ) ;
#5 = COLOUR_RGB ( '',0.7686274509803920907, 0.7686274509803920907, 0.7686274509803920907 ) ;
#6 =( NAMED_UNIT ( * ) PLANE_ANGLE_UNIT ( ) SI_UNIT ( $, .RADIAN. ) );
#7 = CARTESIAN_POINT ( 'NONE',  ( -0.08617334877031732066, 0.06692913385826770867, 0.03892925428212862249 ) ) ;
#8 = EDGE_LOOP ( 'NONE', ( #2786, #2693, #2108, #7650 ) ) ;
#9 = CARTESIAN_POINT ( 'NONE',  ( -0.1200787401574803237, 0.01574803149606299191, 0.04724409448818897572 ) ) ;
#10 = SURFACE_SIDE_STYLE ('',( #6875 ) ) ;
#11 = AXIS2_PLACEMENT_3D ( 'NONE', #91, #7543, #8206 ) ;
#12 = EDGE_CURVE ( 'NONE', #3627, #4762, #1459, .T. ) ;
#13 =( CONVERSION_BASED_UNIT ( 'INCH', #7512 ) LENGTH_UNIT ( ) NAMED_UNIT ( #5425 ) );
#14 =( GEOMETRIC_REPRESENTATION_CONTEXT ( 3 ) GLOBAL_UNCERTAINTY_ASSIGNED_CONTEXT ( ( #7858 ) ) GLOBAL_UNIT_ASSIGNED_CONTEXT ( ( #4809, #4125, #8292 ) ) REPRESENTATION_CONTEXT ( 'NONE', 'WORKASPACE' ) );
#15 = ORIENTED_EDGE ( 'NONE', *, *, #2702, .T. ) ;
#16 = DIRECTION ( 'NONE',  ( 0.0000000000000000000, 2.409338161078900167E-16, -1.000000000000000000 ) ) ;
#17 = FILL_AREA_STYLE_COLOUR ( '', #1620 ) ;
#18 = STYLED_ITEM ( 'NONE', ( #8435 ), #5771 ) ;
#19 = DIMENSIONAL_EXPONENTS ( 1.000000000000000000, 0.0000000000000000000, 0.0000000000000000000, 0.0000000000000000000, 0.0000000000000000000, 0.0000000000000000000, 0.0000000000000000000 ) ;
#20 = FILL_AREA_STYLE ('',( #1401 ) ) ;
#21 =( GEOMETRIC_REPRESENTATION_CONTEXT ( 3 ) GLOBAL_UNCERTAINTY_ASSIGNED_CONTEXT ( ( #3530 ) ) GLOBAL_UNIT_ASSIGNED_CONTEXT ( ( #7128, #2428, #1687 ) ) REPRESENTATION_CONTEXT ( 'NONE', 'WORKASPACE' ) );
#22 = CARTESIAN_POINT ( 'NONE',  ( -0.2709745503680062728, 0.03937007874015747977, 0.01968503937007873988 ) ) ;
#23 = VECTOR ( 'NONE', #826, 39.37007874015748143 ) ;
#24 = SURFACE_SIDE_STYLE ('',( #7523 ) ) ;
#25 = ORIENTED_EDGE ( 'NONE', *, *, #8552, .T. ) ;
#26 = PLANE ( 'NONE',  #6296 ) ;
#27 =( BOUNDED_CURVE ( )  B_SPLINE_CURVE ( 3, ( #4918, #7633, #1473, #4223 ),
 .UNSPECIFIED., .F., .F. ) 
 B_SPLINE_CURVE_WITH_KNOTS ( ( 4, 4 ),
 ( 5.556410252859889987, 7.009960361499279813 ),
 .UNSPECIFIED. ) 
 CURVE ( )  GEOMETRIC_REPRESENTATION_ITEM ( )  RATIONAL_B_SPLINE_CURVE ( ( 1.000000000000000000, 0.8315474279732699703, 0.8315474279732699703, 1.000000000000000000 ) ) 
 REPRESENTATION_ITEM ( '' )  );
#28 = ORIENTED_EDGE ( 'NONE', *, *, #6533, .T. ) ;
#29 = PRESENTATION_STYLE_ASSIGNMENT (( #5476 ) ) ;
#30 =( LENGTH_UNIT ( ) NAMED_UNIT ( * ) SI_UNIT ( $, .METRE. ) );
#31 = FACE_OUTER_BOUND ( 'NONE', #1318, .T. ) ;
#32 =( NAMED_UNIT ( * ) SI_UNIT ( $, .STERADIAN. ) SOLID_ANGLE_UNIT ( ) );
#33 =( LENGTH_UNIT ( ) NAMED_UNIT ( * ) SI_UNIT ( $, .METRE. ) );
#34 = FILL_AREA_STYLE_COLOUR ( '', #2546 ) ;
#35 = EDGE_LOOP ( 'NONE', ( #1498, #2959, #7218, #4896 ) ) ;
#36 = ORIENTED_EDGE ( 'NONE', *, *, #4389, .F. ) ;
#37 = CARTESIAN_POINT ( 'NONE',  ( -0.04921259842519685318, 0.09448818897637795144, 0.01771653543307086937 ) ) ;
#38 = ORIENTED_EDGE ( 'NONE', *, *, #5711, .F. ) ;
#39 = DIMENSIONAL_EXPONENTS ( 1.000000000000000000, 0.0000000000000000000, 0.0000000000000000000, 0.0000000000000000000, 0.0000000000000000000, 0.0000000000000000000, 0.0000000000000000000 ) ;
#40 =( NAMED_UNIT ( * ) PLANE_ANGLE_UNIT ( ) SI_UNIT ( $, .RADIAN. ) );
#41 = ORIENTED_EDGE ( 'NONE', *, *, #152, .T. ) ;
#42 = CYLINDRICAL_SURFACE ( 'NONE', #1559, 0.005905511811023620231 ) ;
#43 = CARTESIAN_POINT ( 'NONE',  ( -0.09205169163721221848, 0.03926747862213775253, 0.04480759714902362439 ) ) ;
#44 = AXIS2_PLACEMENT_3D ( 'NONE', #702, #5645, #838 ) ;
#45 = LINE ( 'NONE', #3479, #2100 ) ;
#46 = ADVANCED_FACE ( 'NONE', ( #2198 ), #4946, .F. ) ;
#47 = ORIENTED_EDGE ( 'NONE', *, *, #5712, .F. ) ;
#48 = LINE ( 'NONE', #4228, #7105 ) ;
#49 = PRESENTATION_LAYER_ASSIGNMENT (  '', '', ( #6791 ) ) ;
#50 = UNCERTAINTY_MEASURE_WITH_UNIT (LENGTH_MEASURE( 1.000000000000000082E-05 ), #2058, 'distance_accuracy_value', 'NONE');
#51 = LINE ( 'NONE', #2752, #277 ) ;
#52 = EDGE_CURVE ( 'NONE', #1697, #1968, #980, .T. ) ;
#53 = AXIS2_PLACEMENT_3D ( 'NONE', #7255, #1774, #3170 ) ;
#54 = AXIS2_PLACEMENT_3D ( 'NONE', #6594, #3184, #7316 ) ;
#55 = EDGE_CURVE ( 'NONE', #7756, #675, #3683, .T. ) ;
#56 = DIRECTION ( 'NONE',  ( 1.000000000000000000, 0.0000000000000000000, 0.0000000000000000000 ) ) ;
#57 = ADVANCED_FACE ( 'NONE', ( #4486 ), #6586, .F. ) ;
#58 = ORIENTED_EDGE ( 'NONE', *, *, #7293, .F. ) ;
#59 = CARTESIAN_POINT ( 'NONE',  ( -0.09801490858492173386, 0.03149606299212600463, -0.05077081409673312590 ) ) ;
#60 = PRESENTATION_LAYER_ASSIGNMENT (  '', '', ( #8364 ) ) ;
#61 =( NAMED_UNIT ( * ) SI_UNIT ( $, .STERADIAN. ) SOLID_ANGLE_UNIT ( ) );
#62 = FILL_AREA_STYLE ('',( #2000 ) ) ;
#63 = VECTOR ( 'NONE', #4803, 39.37007874015748143 ) ;
#64 =( GEOMETRIC_REPRESENTATION_CONTEXT ( 3 ) GLOBAL_UNCERTAINTY_ASSIGNED_CONTEXT ( ( #3791 ) ) GLOBAL_UNIT_ASSIGNED_CONTEXT ( ( #2791, #2172, #103 ) ) REPRESENTATION_CONTEXT ( 'NONE', 'WORKASPACE' ) );
#65 = MECHANICAL_DESIGN_GEOMETRIC_PRESENTATION_REPRESENTATION (  '', ( #3956 ), #5106 ) ;
#66 = DIRECTION ( 'NONE',  ( 0.0000000000000000000, 0.3420201433256695456, -0.9396926207859080948 ) ) ;
#67 = ORIENTED_EDGE ( 'NONE', *, *, #7563, .T. ) ;
#68 =( NAMED_UNIT ( * ) PLANE_ANGLE_UNIT ( ) SI_UNIT ( $, .RADIAN. ) );
#69 = VERTEX_POINT ( 'NONE', #4441 ) ;
#70 =( NAMED_UNIT ( * ) PLANE_ANGLE_UNIT ( ) SI_UNIT ( $, .RADIAN. ) );
#71 = CIRCLE ( 'NONE', #4685, 0.003937007874015747977 ) ;
#72 = VECTOR ( 'NONE', #4571, 39.37007874015748143 ) ;
#73 = PRESENTATION_LAYER_ASSIGNMENT (  '', '', ( #7948 ) ) ;
#74 =( LENGTH_UNIT ( ) NAMED_UNIT ( * ) SI_UNIT ( $, .METRE. ) );
#75 = LENGTH_MEASURE_WITH_UNIT ( LENGTH_MEASURE( 0.02539999999999999897 ), #8154 );
#76 = FACE_BOUND ( 'NONE', #4050, .T. ) ;
#77 = DIMENSIONAL_EXPONENTS ( 1.000000000000000000, 0.0000000000000000000, 0.0000000000000000000, 0.0000000000000000000, 0.0000000000000000000, 0.0000000000000000000, 0.0000000000000000000 ) ;
#78 = FILL_AREA_STYLE_COLOUR ( '', #806 ) ;
#79 = DIRECTION ( 'NONE',  ( -1.000000000000000000, 0.0000000000000000000, 0.0000000000000000000 ) ) ;
#80 = VERTEX_POINT ( 'NONE', #8559 ) ;
#81 = ORIENTED_EDGE ( 'NONE', *, *, #2021, .T. ) ;
#82 = PRESENTATION_LAYER_ASSIGNMENT (  '', '', ( #238 ) ) ;
#83 = MECHANICAL_DESIGN_GEOMETRIC_PRESENTATION_REPRESENTATION (  '', ( #6681 ), #952 ) ;
#84 = CARTESIAN_POINT ( 'NONE',  ( 0.1350355830932151446, 0.01409498826347334657, 0.01181102362204724393 ) ) ;
#85 = PRESENTATION_LAYER_ASSIGNMENT (  '', '', ( #8535 ) ) ;
#86 =( GEOMETRIC_REPRESENTATION_CONTEXT ( 3 ) GLOBAL_UNCERTAINTY_ASSIGNED_CONTEXT ( ( #7049 ) ) GLOBAL_UNIT_ASSIGNED_CONTEXT ( ( #777, #6263, #2217 ) ) REPRESENTATION_CONTEXT ( 'NONE', 'WORKASPACE' ) );
#87 = ORIENTED_EDGE ( 'NONE', *, *, #2142, .T. ) ;
#88 = SURFACE_SIDE_STYLE ('',( #7588 ) ) ;
#89 = VERTEX_POINT ( 'NONE', #5876 ) ;
#90 = PLANE ( 'NONE',  #6309 ) ;
#91 = CARTESIAN_POINT ( 'NONE',  ( 0.04527559055118110520, 0.09448818897637795144, 0.01771653543307086937 ) ) ;
#92 = CARTESIAN_POINT ( 'NONE',  ( 0.1102370375520062978, 0.03937007874015747977, -0.07874015748031495954 ) ) ;
#93 = COLOUR_RGB ( '',0.7686274509803920907, 0.7686274509803920907, 0.7686274509803920907 ) ;
#94 = PRESENTATION_STYLE_ASSIGNMENT (( #5630 ) ) ;
#95 = VECTOR ( 'NONE', #5202, 39.37007874015748143 ) ;
#96 =( NAMED_UNIT ( * ) SI_UNIT ( $, .STERADIAN. ) SOLID_ANGLE_UNIT ( ) );
#97 = CARTESIAN_POINT ( 'NONE',  ( -0.1431733283613561003, 0.003937007874015747977, -0.01181102362204724393 ) ) ;
#98 = VERTEX_POINT ( 'NONE', #7208 ) ;
#99 = CARTESIAN_POINT ( 'NONE',  ( 0.05314960629921260116, 0.2164041264863913738, 0.01771653543307086937 ) ) ;
#100 =( GEOMETRIC_REPRESENTATION_CONTEXT ( 3 ) GLOBAL_UNCERTAINTY_ASSIGNED_CONTEXT ( ( #5458 ) ) GLOBAL_UNIT_ASSIGNED_CONTEXT ( ( #2647, #3914, #5342 ) ) REPRESENTATION_CONTEXT ( 'NONE', 'WORKASPACE' ) );
#101 = FACE_OUTER_BOUND ( 'NONE', #2341, .T. ) ;
#102 = DIMENSIONAL_EXPONENTS ( 1.000000000000000000, 0.0000000000000000000, 0.0000000000000000000, 0.0000000000000000000, 0.0000000000000000000, 0.0000000000000000000, 0.0000000000000000000 ) ;
#103 =( NAMED_UNIT ( * ) SI_UNIT ( $, .STERADIAN. ) SOLID_ANGLE_UNIT ( ) );
#104 = FILL_AREA_STYLE_COLOUR ( '', #582 ) ;
#105 = STYLED_ITEM ( 'NONE', ( #6649 ), #8289 ) ;
#106 = FILL_AREA_STYLE_COLOUR ( '', #4973 ) ;
#107 = ORIENTED_EDGE ( 'NONE', *, *, #6580, .T. ) ;
#108 = EDGE_CURVE ( 'NONE', #2772, #7243, #7164, .T. ) ;
#109 = DIRECTION ( 'NONE',  ( 0.0000000000000000000, -1.000000000000000000, 0.0000000000000000000 ) ) ;
#110 = CARTESIAN_POINT ( 'NONE',  ( 0.1200787401574803237, 0.04724409448818897572, -0.01968503937007873988 ) ) ;
#111 = COLOUR_RGB ( '',0.7686274509803920907, 0.7686274509803920907, 0.7686274509803920907 ) ;
#112 = EDGE_CURVE ( 'NONE', #2431, #1981, #3037, .T. ) ;
#113 = CARTESIAN_POINT ( 'NONE',  ( -0.1161417322834645688, 0.0000000000000000000, -0.06889763779527559306 ) ) ;
#114 = CARTESIAN_POINT ( 'NONE',  ( -0.1102370375520064921, 0.03937007874015747977, 0.01968503937007873988 ) ) ;
#115 = PLANE ( 'NONE',  #3817 ) ;
#116 = COLOUR_RGB ( '',0.7686274509803920907, 0.7686274509803920907, 0.7686274509803920907 ) ;
#117 = PLANE ( 'NONE',  #8371 ) ;
#118 = ORIENTED_EDGE ( 'NONE', *, *, #3415, .T. ) ;
#119 = ORIENTED_EDGE ( 'NONE', *, *, #12, .T. ) ;
#120 = DIMENSIONAL_EXPONENTS ( 1.000000000000000000, 0.0000000000000000000, 0.0000000000000000000, 0.0000000000000000000, 0.0000000000000000000, 0.0000000000000000000, 0.0000000000000000000 ) ;
#121 = LINE ( 'NONE', #2194, #3397 ) ;
#122 = PRESENTATION_STYLE_ASSIGNMENT (( #6149 ) ) ;
#123 = MANIFOLD_SOLID_BREP ( 'NONE', #6345 ) ;
#124 = ORIENTED_EDGE ( 'NONE', *, *, #7783, .F. ) ;
#125 = ORIENTED_EDGE ( 'NONE', *, *, #4014, .F. ) ;
#126 = CARTESIAN_POINT ( 'NONE',  ( 0.04724409448818897572, 0.06299212598425196763, 0.02066929133858268208 ) ) ;
#127 = ORIENTED_EDGE ( 'NONE', *, *, #441, .F. ) ;
#128 = CYLINDRICAL_SURFACE ( 'NONE', #247, 0.003937007874015749712 ) ;
#129 = ORIENTED_EDGE ( 'NONE', *, *, #4456, .T. ) ;
#130 =( GEOMETRIC_REPRESENTATION_CONTEXT ( 3 ) GLOBAL_UNCERTAINTY_ASSIGNED_CONTEXT ( ( #8753 ) ) GLOBAL_UNIT_ASSIGNED_CONTEXT ( ( #1692, #986, #5882 ) ) REPRESENTATION_CONTEXT ( 'NONE', 'WORKASPACE' ) );
#131 = UNCERTAINTY_MEASURE_WITH_UNIT (LENGTH_MEASURE( 1.000000000000000082E-05 ), #3434, 'distance_accuracy_value', 'NONE');
#132 = CARTESIAN_POINT ( 'NONE',  ( 0.04921259842519685318, 0.09842519685039370636, 0.01771653543307086937 ) ) ;
#133 = FILL_AREA_STYLE ('',( #7501 ) ) ;
#134 =( LENGTH_UNIT ( ) NAMED_UNIT ( * ) SI_UNIT ( $, .METRE. ) );
#135 = FILL_AREA_STYLE_COLOUR ( '', #5424 ) ;
#136 = EDGE_LOOP ( 'NONE', ( #7139, #2666, #7311, #6947 ) ) ;
#137 = PRESENTATION_STYLE_ASSIGNMENT (( #5590 ) ) ;
#138 = DIRECTION ( 'NONE',  ( 0.0000000000000000000, 0.0000000000000000000, -1.000000000000000000 ) ) ;
#139 = MANIFOLD_SOLID_BREP ( 'Imported2', #7195 ) ;
#140 = EDGE_CURVE ( 'NONE', #7789, #5066, #8098, .T. ) ;
#141 = CARTESIAN_POINT ( 'NONE',  ( -0.1102370375520064921, 0.01968503937007873988, 0.07283464566929134798 ) ) ;
#142 = PRODUCT_DEFINITION_SHAPE ( 'NONE', 'NONE',  #224 ) ;
#143 = SURFACE_STYLE_FILL_AREA ( #1998 ) ;
#144 = LINE ( 'NONE', #3439, #355 ) ;
#145 = LINE ( 'NONE', #5097, #23 ) ;
#146 = CARTESIAN_POINT ( 'NONE',  ( 0.1316260342594181287, 0.01212648432646549340, 0.01181102362204724393 ) ) ;
#147 = PRESENTATION_STYLE_ASSIGNMENT (( #6311 ) ) ;
#148 = CARTESIAN_POINT ( 'NONE',  ( -0.04527559055118110520, 0.09448818897637795144, 0.01771653543307086937 ) ) ;
#149 = PRESENTATION_LAYER_ASSIGNMENT (  '', '', ( #3456 ) ) ;
#150 = DIRECTION ( 'NONE',  ( -7.047314121155780399E-15, 0.0000000000000000000, 1.000000000000000000 ) ) ;
#151 =( NAMED_UNIT ( * ) PLANE_ANGLE_UNIT ( ) SI_UNIT ( $, .RADIAN. ) );
#152 = EDGE_CURVE ( 'NONE', #4122, #5752, #3820, .T. ) ;
#153 = AXIS2_PLACEMENT_3D ( 'NONE', #389, #6544, #1120 ) ;
#154 = DIRECTION ( 'NONE',  ( 0.0000000000000000000, -1.606225440719264641E-16, 1.000000000000000000 ) ) ;
#155 = AXIS2_PLACEMENT_3D ( 'NONE', #5304, #6019, #3358 ) ;
#156 = DIRECTION ( 'NONE',  ( -2.344220913482170177E-16, 0.0000000000000000000, -1.000000000000000000 ) ) ;
#157 = SURFACE_STYLE_FILL_AREA ( #3588 ) ;
#158 = EDGE_CURVE ( 'NONE', #1331, #7080, #6718, .T. ) ;
#159 = ORIENTED_EDGE ( 'NONE', *, *, #716, .T. ) ;
#160 = FILL_AREA_STYLE_COLOUR ( '', #8290 ) ;
#161 = VECTOR ( 'NONE', #4864, 39.37007874015748143 ) ;
#162 = ORIENTED_EDGE ( 'NONE', *, *, #7246, .T. ) ;
#163 = SURFACE_SIDE_STYLE ('',( #4722 ) ) ;
#164 = AXIS2_PLACEMENT_3D ( 'NONE', #4988, #6286, #708 ) ;
#165 = DIRECTION ( 'NONE',  ( 0.0000000000000000000, 1.000000000000000000, 4.336808689942025132E-16 ) ) ;
#166 = ADVANCED_FACE ( 'NONE', ( #3315 ), #7439, .T. ) ;
#167 =( NAMED_UNIT ( * ) SI_UNIT ( $, .STERADIAN. ) SOLID_ANGLE_UNIT ( ) );
#168 = LINE ( 'NONE', #5781, #3688 ) ;
#169 = SURFACE_SIDE_STYLE ('',( #669 ) ) ;
#170 = SURFACE_SIDE_STYLE ('',( #6328 ) ) ;
#171 = ADVANCED_FACE ( 'NONE', ( #8353 ), #2188, .T. ) ;
#172 = ORIENTED_EDGE ( 'NONE', *, *, #2749, .F. ) ;
#173 = FACE_BOUND ( 'NONE', #1339, .T. ) ;
#174 = ORIENTED_EDGE ( 'NONE', *, *, #4510, .F. ) ;
#175 = PLANE ( 'NONE',  #7687 ) ;
#176 = VERTEX_POINT ( 'NONE', #6356 ) ;
#177 = COLOUR_RGB ( '',0.7686274509803920907, 0.7686274509803920907, 0.7686274509803920907 ) ;
#178 =( GEOMETRIC_REPRESENTATION_CONTEXT ( 3 ) GLOBAL_UNCERTAINTY_ASSIGNED_CONTEXT ( ( #1662 ) ) GLOBAL_UNIT_ASSIGNED_CONTEXT ( ( #3393, #8176, #6789 ) ) REPRESENTATION_CONTEXT ( 'NONE', 'WORKASPACE' ) );
#179 = SURFACE_STYLE_FILL_AREA ( #811 ) ;
#180 = LINE ( 'NONE', #8423, #3536 ) ;
#181 =( NAMED_UNIT ( * ) SI_UNIT ( $, .STERADIAN. ) SOLID_ANGLE_UNIT ( ) );
#182 = DIMENSIONAL_EXPONENTS ( 1.000000000000000000, 0.0000000000000000000, 0.0000000000000000000, 0.0000000000000000000, 0.0000000000000000000, 0.0000000000000000000, 0.0000000000000000000 ) ;
#183 = SURFACE_STYLE_USAGE ( .BOTH. , #2909 ) ;
#184 = ORIENTED_EDGE ( 'NONE', *, *, #7570, .F. ) ;
#185 = DIRECTION ( 'NONE',  ( 1.000000000000000000, 0.0000000000000000000, 1.084202172485503694E-16 ) ) ;
#186 =( CONVERSION_BASED_UNIT ( 'INCH', #1433 ) LENGTH_UNIT ( ) NAMED_UNIT ( #6242 ) );
#187 = DIRECTION ( 'NONE',  ( 0.0000000000000000000, -1.000000000000000000, 0.0000000000000000000 ) ) ;
#188 = LINE ( 'NONE', #7144, #789 ) ;
#189 =( NAMED_UNIT ( * ) SI_UNIT ( $, .STERADIAN. ) SOLID_ANGLE_UNIT ( ) );
#190 = CARTESIAN_POINT ( 'NONE',  ( -0.09205169163721221848, 0.03926747862213775253, 0.04480759714902362439 ) ) ;
#191 = SURFACE_SIDE_STYLE ('',( #3013 ) ) ;
#192 = FILL_AREA_STYLE ('',( #4462 ) ) ;
#193 = SURFACE_STYLE_FILL_AREA ( #3622 ) ;
#194 = CARTESIAN_POINT ( 'NONE',  ( -0.1102370375520064921, 0.03937007874015747977, 0.07283464566929134798 ) ) ;
#195 = DIRECTION ( 'NONE',  ( 1.000000000000000000, 0.0000000000000000000, 0.0000000000000000000 ) ) ;
#196 = CARTESIAN_POINT ( 'NONE',  ( -0.09575126888440078921, 0.03937007874015747977, 0.05314960629921263585 ) ) ;
#197 = ORIENTED_EDGE ( 'NONE', *, *, #1211, .F. ) ;
#198 = FACE_OUTER_BOUND ( 'NONE', #2063, .T. ) ;
#199 = ORIENTED_EDGE ( 'NONE', *, *, #5607, .T. ) ;
#200 = DIRECTION ( 'NONE',  ( 0.0000000000000000000, 0.0000000000000000000, -1.000000000000000000 ) ) ;
#201 = CIRCLE ( 'NONE', #3943, 0.005905511811023620231 ) ;
#202 = ADVANCED_FACE ( 'NONE', ( #198 ), #5472, .F. ) ;
#203 = ORIENTED_EDGE ( 'NONE', *, *, #5329, .F. ) ;
#204 = CARTESIAN_POINT ( 'NONE',  ( -0.1122047244094488277, 0.01968503937007873988, -0.05118110236220473064 ) ) ;
#205 = CARTESIAN_POINT ( 'NONE',  ( -0.1102370375520064921, 0.01968503937007873988, -0.06496062992125983815 ) ) ;
#206 = CARTESIAN_POINT ( 'NONE',  ( 0.1122047244094488277, 0.01574803149606299191, 0.04724409448818897572 ) ) ;
#207 = FILL_AREA_STYLE ('',( #5828 ) ) ;
#208 = COLOUR_RGB ( '',0.7686274509803920907, 0.7686274509803920907, 0.7686274509803920907 ) ;
#210 =( NAMED_UNIT ( * ) PLANE_ANGLE_UNIT ( ) SI_UNIT ( $, .RADIAN. ) );
#209 = VECTOR ( 'NONE', #5571, 39.37007874015748143 ) ;
#211 = CARTESIAN_POINT ( 'NONE',  ( -0.1122047244094488277, 0.0000000000000000000, 0.04724409448818897572 ) ) ;
#212 = PRESENTATION_STYLE_ASSIGNMENT (( #7711 ) ) ;
#213 = ORIENTED_EDGE ( 'NONE', *, *, #5330, .T. ) ;
#214 = DIRECTION ( 'NONE',  ( 0.0000000000000000000, 1.000000000000000000, 0.0000000000000000000 ) ) ;
#215 = EDGE_CURVE ( 'NONE', #5037, #4833, #382, .T. ) ;
#216 = ORIENTED_EDGE ( 'NONE', *, *, #8605, .F. ) ;
#217 = PRESENTATION_STYLE_ASSIGNMENT (( #8461 ) ) ;
#218 = PRODUCT ( 'CUI_DEVICES_TS09-63-25-WT-260-SMT-TR', 'CUI_DEVICES_TS09-63-25-WT-260-SMT-TR', '', ( #1529 ) ) ;
#219 = VECTOR ( 'NONE', #1718, 39.37007874015748143 ) ;
#220 = CIRCLE ( 'NONE', #2085, 0.003937007874015741038 ) ;
#221 = COLOUR_RGB ( '',0.7686274509803920907, 0.7686274509803920907, 0.7686274509803920907 ) ;
#222 = UNCERTAINTY_MEASURE_WITH_UNIT (LENGTH_MEASURE( 1.000000000000000082E-05 ), #8233, 'distance_accuracy_value', 'NONE');
#223 = CARTESIAN_POINT ( 'NONE',  ( 0.09945084613158955422, 0.04196055061682803233, 0.04850717439621220206 ) ) ;
#224 = PRODUCT_DEFINITION ( 'UNKNOWN', '', #699, #760 ) ;
#225 = ADVANCED_FACE ( 'NONE', ( #4338 ), #2981, .F. ) ;
#226 = PRESENTATION_STYLE_ASSIGNMENT (( #7758 ) ) ;
#227 = ADVANCED_FACE ( 'NONE', ( #5730 ), #3071, .T. ) ;
#228 = LENGTH_MEASURE_WITH_UNIT ( LENGTH_MEASURE( 0.02539999999999999897 ), #8342 );
#229 = CARTESIAN_POINT ( 'NONE',  ( 0.1031504233787781388, 0.03937007874015747977, 0.04850717439621220206 ) ) ;
#230 = CIRCLE ( 'NONE', #5258, 0.003937007874015747977 ) ;
#231 = VECTOR ( 'NONE', #6175, 39.37007874015748143 ) ;
#232 = CIRCLE ( 'NONE', #2939, 0.007874015748031494219 ) ;
#233 = MECHANICAL_DESIGN_GEOMETRIC_PRESENTATION_REPRESENTATION (  '', ( #2240 ), #1358 ) ;
#234 = LINE ( 'NONE', #1789, #511 ) ;
#235 = FILL_AREA_STYLE_COLOUR ( '', #6418 ) ;
#236 = ORIENTED_EDGE ( 'NONE', *, *, #1103, .F. ) ;
#237 = CARTESIAN_POINT ( 'NONE',  ( 0.1200787401574803237, 0.04724409448818897572, 0.05511811023622047168 ) ) ;
#238 = STYLED_ITEM ( 'NONE', ( #322 ), #2687 ) ;
#240 =( NAMED_UNIT ( * ) PLANE_ANGLE_UNIT ( ) SI_UNIT ( $, .RADIAN. ) );
#239 = VECTOR ( 'NONE', #8467, 39.37007874015748143 ) ;
#241 =( GEOMETRIC_REPRESENTATION_CONTEXT ( 3 ) GLOBAL_UNCERTAINTY_ASSIGNED_CONTEXT ( ( #4457 ) ) GLOBAL_UNIT_ASSIGNED_CONTEXT ( ( #8504, #268, #1600 ) ) REPRESENTATION_CONTEXT ( 'NONE', 'WORKASPACE' ) );
#242 = DIRECTION ( 'NONE',  ( 0.0000000000000000000, 1.000000000000000000, 0.0000000000000000000 ) ) ;
#243 = SURFACE_STYLE_FILL_AREA ( #410 ) ;
#244 = DIRECTION ( 'NONE',  ( -1.000000000000000000, 0.0000000000000000000, 2.344220913482170177E-16 ) ) ;
#245 = FILL_AREA_STYLE ('',( #293 ) ) ;
#246 = CARTESIAN_POINT ( 'NONE',  ( -0.1265117110087226326, 0.009173728420953680684, 0.01181102362204724393 ) ) ;
#247 = AXIS2_PLACEMENT_3D ( 'NONE', #2994, #5172, #3043 ) ;
#248 = PRESENTATION_LAYER_ASSIGNMENT (  '', '', ( #8541 ) ) ;
#249 = FILL_AREA_STYLE ('',( #8625 ) ) ;
#250 = LINE ( 'NONE', #2972, #2357 ) ;
#251 = CARTESIAN_POINT ( 'NONE',  ( -0.1200787401574803237, 0.0000000000000000000, -0.07283464566929134798 ) ) ;
#252 = STYLED_ITEM ( 'NONE', ( #8672 ), #3121 ) ;
#253 = STYLED_ITEM ( 'NONE', ( #7502 ), #8168 ) ;
#254 = CARTESIAN_POINT ( 'NONE',  ( 0.08341662617894055054, 0.06299212598425196763, 0.05314960629921260116 ) ) ;
#255 = PRESENTATION_STYLE_ASSIGNMENT (( #6399 ) ) ;
#256 = ORIENTED_EDGE ( 'NONE', *, *, #8006, .T. ) ;
#257 = DIRECTION ( 'NONE',  ( 0.0000000000000000000, 0.0000000000000000000, 1.000000000000000000 ) ) ;
#258 = CARTESIAN_POINT ( 'NONE',  ( -0.04724409448818897572, 0.07086614173228347746, 0.02854330708661417110 ) ) ;
#259 = FILL_AREA_STYLE ('',( #4382 ) ) ;
#260 = EDGE_LOOP ( 'NONE', ( #1143, #1252, #1449, #270 ) ) ;
#261 = VECTOR ( 'NONE', #8517, 39.37007874015748143 ) ;
#262 = VERTEX_POINT ( 'NONE', #7865 ) ;
#263 = CYLINDRICAL_SURFACE ( 'NONE', #8226, 0.003937007874015749712 ) ;
#264 = LINE ( 'NONE', #7125, #5316 ) ;
#265 = PRESENTATION_STYLE_ASSIGNMENT (( #8594 ) ) ;
#266 =( LENGTH_UNIT ( ) NAMED_UNIT ( * ) SI_UNIT ( $, .METRE. ) );
#267 = PRESENTATION_LAYER_ASSIGNMENT (  '', '', ( #5708 ) ) ;
#268 =( NAMED_UNIT ( * ) PLANE_ANGLE_UNIT ( ) SI_UNIT ( $, .RADIAN. ) );
#269 = DIRECTION ( 'NONE',  ( 0.0000000000000000000, 0.0000000000000000000, -1.000000000000000000 ) ) ;
#270 = ORIENTED_EDGE ( 'NONE', *, *, #7018, .F. ) ;
#271 = PLANE ( 'NONE',  #2840 ) ;
#272 = VERTEX_POINT ( 'NONE', #3806 ) ;
#273 =( LENGTH_UNIT ( ) NAMED_UNIT ( * ) SI_UNIT ( $, .METRE. ) );
#274 = AXIS2_PLACEMENT_3D ( 'NONE', #6835, #138, #2168 ) ;
#275 = SURFACE_STYLE_FILL_AREA ( #3826 ) ;
#276 = LENGTH_MEASURE_WITH_UNIT ( LENGTH_MEASURE( 0.02539999999999999897 ), #7086 );
#277 = VECTOR ( 'NONE', #2789, 39.37007874015748143 ) ;
#278 = EDGE_CURVE ( 'NONE', #80, #8338, #1719, .T. ) ;
#279 = CARTESIAN_POINT ( 'NONE',  ( 0.1031504233787781388, 0.04330708661417323468, -0.04850717439621220206 ) ) ;
#280 = ORIENTED_EDGE ( 'NONE', *, *, #7302, .T. ) ;
#281 = VERTEX_POINT ( 'NONE', #599 ) ;
#282 = DIRECTION ( 'NONE',  ( 0.0000000000000000000, 0.0000000000000000000, 1.000000000000000000 ) ) ;
#283 = EDGE_CURVE ( 'NONE', #4649, #8287, #5953, .T. ) ;
#284 = ADVANCED_FACE ( 'NONE', ( #1274 ), #7383, .F. ) ;
#285 = VECTOR ( 'NONE', #442, 39.37007874015748143 ) ;
#286 = EDGE_CURVE ( 'NONE', #8653, #1462, #6085, .T. ) ;
#287 = DIRECTION ( 'NONE',  ( 1.000000000000000000, 5.312590645178966993E-15, 0.0000000000000000000 ) ) ;
#288 = CARTESIAN_POINT ( 'NONE',  ( 0.1102370375520064921, 0.03149606299212598381, -1.195192356022515635E-17 ) ) ;
#289 = SURFACE_SIDE_STYLE ('',( #8618 ) ) ;
#290 = FACE_OUTER_BOUND ( 'NONE', #6040, .T. ) ;
#291 = CARTESIAN_POINT ( 'NONE',  ( 0.1161417322834645688, 0.01968503937007873988, 0.07283464566929134798 ) ) ;
#292 = VECTOR ( 'NONE', #3319, 39.37007874015748143 ) ;
#293 = FILL_AREA_STYLE_COLOUR ( '', #1655 ) ;
#294 = UNCERTAINTY_MEASURE_WITH_UNIT (LENGTH_MEASURE( 1.000000000000000082E-05 ), #6910, 'distance_accuracy_value', 'NONE');
#295 = SURFACE_SIDE_STYLE ('',( #3618 ) ) ;
#296 = LENGTH_MEASURE_WITH_UNIT ( LENGTH_MEASURE( 0.02539999999999999897 ), #2315 );
#297 = ADVANCED_FACE ( 'NONE', ( #6753 ), #2631, .T. ) ;
#298 = AXIS2_PLACEMENT_3D ( 'NONE', #3769, #7704, #8411 ) ;
#299 = LINE ( 'NONE', #1812, #7330 ) ;
#300 = FILL_AREA_STYLE ('',( #8486 ) ) ;
#301 = STYLED_ITEM ( 'NONE', ( #3613 ), #4224 ) ;
#302 = ORIENTED_EDGE ( 'NONE', *, *, #485, .T. ) ;
#303 = ORIENTED_EDGE ( 'NONE', *, *, #5282, .T. ) ;
#304 =( CONVERSION_BASED_UNIT ( 'INCH', #3718 ) LENGTH_UNIT ( ) NAMED_UNIT ( #4471 ) );
#305 = ORIENTED_EDGE ( 'NONE', *, *, #2322, .T. ) ;
#306 = VECTOR ( 'NONE', #5345, 39.37007874015748143 ) ;
#307 = CARTESIAN_POINT ( 'NONE',  ( -0.2709745503680062728, 0.03937007874015747977, 0.07283464566929134798 ) ) ;
#308 = CARTESIAN_POINT ( 'NONE',  ( 0.1414685539444577034, 0.002952755905511810983, -0.01181102362204724393 ) ) ;
#309 =( LENGTH_UNIT ( ) NAMED_UNIT ( * ) SI_UNIT ( $, .METRE. ) );
#310 = CARTESIAN_POINT ( 'NONE',  ( -0.09966963588909724669, 0.04135943069846763354, -0.05081510719521811076 ) ) ;
#311 = CARTESIAN_POINT ( 'NONE',  ( -0.1200787401574803237, 0.01968503937007873988, -0.05118110236220473064 ) ) ;
#312 = VERTEX_POINT ( 'NONE', #5328 ) ;
#313 = CARTESIAN_POINT ( 'NONE',  ( 0.1200787401574803237, -0.009085487128351082964, -0.01968503937007873988 ) ) ;
#314 = ORIENTED_EDGE ( 'NONE', *, *, #7514, .T. ) ;
#315 = COLOUR_RGB ( '',0.7686274509803920907, 0.7686274509803920907, 0.7686274509803920907 ) ;
#316 = PRESENTATION_LAYER_ASSIGNMENT (  '', '', ( #4332 ) ) ;
#317 =( NAMED_UNIT ( * ) SI_UNIT ( $, .STERADIAN. ) SOLID_ANGLE_UNIT ( ) );
#318 = CARTESIAN_POINT ( 'NONE',  ( 0.09843617638165540196, 0.03937007874015569647, 0.05360920844283528081 ) ) ;
#319 = PLANE ( 'NONE',  #7817 ) ;
#320 = ORIENTED_EDGE ( 'NONE', *, *, #7836, .T. ) ;
#321 = EDGE_LOOP ( 'NONE', ( #1549, #3766, #1824 ) ) ;
#322 = PRESENTATION_STYLE_ASSIGNMENT (( #1083 ) ) ;
#323 = AXIS2_PLACEMENT_3D ( 'NONE', #5418, #6746, #8271 ) ;
#324 = EDGE_CURVE ( 'NONE', #2772, #892, #1060, .T. ) ;
#325 = UNCERTAINTY_MEASURE_WITH_UNIT (LENGTH_MEASURE( 1.000000000000000082E-05 ), #4254, 'distance_accuracy_value', 'NONE');
#326 = CARTESIAN_POINT ( 'NONE',  ( 0.1200787401574803237, 0.01968503937007873988, -0.04724409448818897572 ) ) ;
#327 = PRESENTATION_STYLE_ASSIGNMENT (( #3660 ) ) ;
#328 = DIRECTION ( 'NONE',  ( 0.0000000000000000000, 0.0000000000000000000, -1.000000000000000000 ) ) ;
#329 = PRESENTATION_STYLE_ASSIGNMENT (( #6482 ) ) ;
#330 = DIRECTION ( 'NONE',  ( 0.0000000000000000000, 4.336808689942025132E-16, -1.000000000000000000 ) ) ;
#331 = EDGE_CURVE ( 'NONE', #6851, #7429, #1541, .T. ) ;
#332 = UNCERTAINTY_MEASURE_WITH_UNIT (LENGTH_MEASURE( 1.000000000000000082E-05 ), #3778, 'distance_accuracy_value', 'NONE');
#333 = DIRECTION ( 'NONE',  ( 0.0000000000000000000, 0.0000000000000000000, -1.000000000000000000 ) ) ;
#334 = ADVANCED_FACE ( 'NONE', ( #695 ), #4796, .T. ) ;
#335 = CARTESIAN_POINT ( 'NONE',  ( -0.1161417322834645688, 0.0000000000000000000, 0.06889763779527559306 ) ) ;
#336 = ADVANCED_FACE ( 'NONE', ( #1349 ), #3534, .F. ) ;
#337 = VECTOR ( 'NONE', #855, 39.37007874015748143 ) ;
#338 = SURFACE_SIDE_STYLE ('',( #3667 ) ) ;
#339 = EDGE_LOOP ( 'NONE', ( #2016, #5072, #4984, #2109, #7247, #5646, #4937, #6153, #2503, #3140, #8778, #1125 ) ) ;
#340 = DIRECTION ( 'NONE',  ( -1.000000000000000000, 0.0000000000000000000, 0.0000000000000000000 ) ) ;
#341 = CARTESIAN_POINT ( 'NONE',  ( 0.09945084613158955422, 0.04196055061682803233, -0.04850717439621220206 ) ) ;
#342 = ORIENTED_EDGE ( 'NONE', *, *, #7460, .F. ) ;
#343 = CARTESIAN_POINT ( 'NONE',  ( -0.04527559055118110520, 0.06299212598425196763, 0.02559055118110236532 ) ) ;
#344 = CARTESIAN_POINT ( 'NONE',  ( 0.09945084613158955422, 0.04196055061682803233, 0.05314960629921260116 ) ) ;
#345 = CARTESIAN_POINT ( 'NONE',  ( -0.05511811023622047168, 0.07086614173228347746, 0.02066929133858268208 ) ) ;
#346 = SURFACE_SIDE_STYLE ('',( #3681 ) ) ;
#347 = LENGTH_MEASURE_WITH_UNIT ( LENGTH_MEASURE( 0.02539999999999999897 ), #3724 );
#348 = PRESENTATION_STYLE_ASSIGNMENT (( #437 ) ) ;
#349 = ORIENTED_EDGE ( 'NONE', *, *, #1467, .T. ) ;
#350 = VERTEX_POINT ( 'NONE', #110 ) ;
#351 = SURFACE_STYLE_FILL_AREA ( #1034 ) ;
#352 = CARTESIAN_POINT ( 'NONE',  ( 0.1102370375520062978, 0.04724409448818897572, -0.05511811023622047168 ) ) ;
#353 = DIMENSIONAL_EXPONENTS ( 1.000000000000000000, 0.0000000000000000000, 0.0000000000000000000, 0.0000000000000000000, 0.0000000000000000000, 0.0000000000000000000, 0.0000000000000000000 ) ;
#354 = ORIENTED_EDGE ( 'NONE', *, *, #7623, .T. ) ;
#355 = VECTOR ( 'NONE', #635, 39.37007874015748143 ) ;
#356 = ORIENTED_EDGE ( 'NONE', *, *, #1642, .F. ) ;
#357 = CARTESIAN_POINT ( 'NONE',  ( -0.1200787401574803237, 0.01968503937007873988, 0.06102362204724410405 ) ) ;
#358 = FILL_AREA_STYLE_COLOUR ( '', #1271 ) ;
#359 = VERTEX_POINT ( 'NONE', #2843 ) ;
#360 = DIRECTION ( 'NONE',  ( 0.0000000000000000000, 0.0000000000000000000, 1.000000000000000000 ) ) ;
#361 = VECTOR ( 'NONE', #2678, 39.37007874015748143 ) ;
#362 =( NAMED_UNIT ( * ) SI_UNIT ( $, .STERADIAN. ) SOLID_ANGLE_UNIT ( ) );
#363 = CIRCLE ( 'NONE', #4688, 0.007874015748031495954 ) ;
#364 = DIRECTION ( 'NONE',  ( 0.0000000000000000000, 1.000000000000000000, 0.0000000000000000000 ) ) ;
#365 =( NAMED_UNIT ( * ) PLANE_ANGLE_UNIT ( ) SI_UNIT ( $, .RADIAN. ) );
#366 = SURFACE_STYLE_FILL_AREA ( #5994 ) ;
#367 =( NAMED_UNIT ( * ) PLANE_ANGLE_UNIT ( ) SI_UNIT ( $, .RADIAN. ) );
#368 = CARTESIAN_POINT ( 'NONE',  ( -0.1200787401574803237, -0.009085487128351082964, 0.01968503937007873988 ) ) ;
#369 =( LENGTH_UNIT ( ) NAMED_UNIT ( * ) SI_UNIT ( $, .METRE. ) );
#370 = PRESENTATION_LAYER_ASSIGNMENT (  '', '', ( #2807 ) ) ;
#371 = VECTOR ( 'NONE', #6454, 39.37007874015748143 ) ;
#372 = PRESENTATION_LAYER_ASSIGNMENT (  '', '', ( #7683 ) ) ;
#373 = DIRECTION ( 'NONE',  ( -1.000000000000000000, -0.0000000000000000000, 0.0000000000000000000 ) ) ;
#374 = DIRECTION ( 'NONE',  ( 1.000000000000000000, 4.917492902039890596E-17, 0.0000000000000000000 ) ) ;
#375 = COLOUR_RGB ( '',0.7686274509803920907, 0.7686274509803920907, 0.7686274509803920907 ) ;
#376 = COLOUR_RGB ( '',0.2980392156862745057, 0.2980392156862745057, 0.2980392156862745057 ) ;
#377 = EDGE_CURVE ( 'NONE', #5339, #4022, #5941, .T. ) ;
#378 = SURFACE_STYLE_FILL_AREA ( #3851 ) ;
#379 = ORIENTED_EDGE ( 'NONE', *, *, #5507, .T. ) ;
#380 = CARTESIAN_POINT ( 'NONE',  ( 0.1200787401574803237, 0.04724409448818897572, -0.05511811023622047168 ) ) ;
#381 = FACE_OUTER_BOUND ( 'NONE', #260, .T. ) ;
#382 = LINE ( 'NONE', #6535, #911 ) ;
#383 = SURFACE_STYLE_USAGE ( .BOTH. , #4431 ) ;
#384 = ORIENTED_EDGE ( 'NONE', *, *, #446, .T. ) ;
#385 = ADVANCED_FACE ( 'NONE', ( #5679 ), #5854, .T. ) ;
#386 = AXIS2_PLACEMENT_3D ( 'NONE', #8152, #6189, #8288 ) ;
#387 = LINE ( 'NONE', #3944, #2450 ) ;
#388 = FILL_AREA_STYLE ('',( #6542 ) ) ;
#389 = CARTESIAN_POINT ( 'NONE',  ( 0.1161417322834645688, 0.03937007874015747977, -0.06889763779527559306 ) ) ;
#390 =( NAMED_UNIT ( * ) PLANE_ANGLE_UNIT ( ) SI_UNIT ( $, .RADIAN. ) );
#391 = STYLED_ITEM ( 'NONE', ( #1081 ), #8286 ) ;
#392 =( NAMED_UNIT ( * ) PLANE_ANGLE_UNIT ( ) SI_UNIT ( $, .RADIAN. ) );
#393 = EDGE_LOOP ( 'NONE', ( #3508, #5790, #754, #2364 ) ) ;
#394 = VERTEX_POINT ( 'NONE', #8481 ) ;
#395 = DIRECTION ( 'NONE',  ( 0.0000000000000000000, 0.0000000000000000000, -1.000000000000000000 ) ) ;
#396 = DIRECTION ( 'NONE',  ( 0.3236155771181855600, -0.8891264907159881492, -0.3236155771181845608 ) ) ;
#397 =( NAMED_UNIT ( * ) SI_UNIT ( $, .STERADIAN. ) SOLID_ANGLE_UNIT ( ) );
#398 = CARTESIAN_POINT ( 'NONE',  ( -0.1200787401574803237, 0.01968503937007873988, -0.06889763779527559306 ) ) ;
#399 = LENGTH_MEASURE_WITH_UNIT ( LENGTH_MEASURE( 0.02539999999999999897 ), #6552 );
#400 = EDGE_LOOP ( 'NONE', ( #6093, #1560, #1155, #2382 ) ) ;
#401 = CARTESIAN_POINT ( 'NONE',  ( -0.1003937007874015908, 0.03926747862213775253, -0.04480759714902362439 ) ) ;
#402 = FACE_OUTER_BOUND ( 'NONE', #3929, .T. ) ;
#403 = EDGE_LOOP ( 'NONE', ( #1563, #5951, #3383, #6266 ) ) ;
#404 =( NAMED_UNIT ( * ) PLANE_ANGLE_UNIT ( ) SI_UNIT ( $, .RADIAN. ) );
#405 = ORIENTED_EDGE ( 'NONE', *, *, #1467, .F. ) ;
#406 = AXIS2_PLACEMENT_3D ( 'NONE', #1797, #8617, #5756 ) ;
#407 = DIRECTION ( 'NONE',  ( 1.084202172485503694E-16, 0.0000000000000000000, 1.000000000000000000 ) ) ;
#408 = LENGTH_MEASURE_WITH_UNIT ( LENGTH_MEASURE( 0.02539999999999999897 ), #7278 );
#409 = VECTOR ( 'NONE', #5591, 39.37007874015748143 ) ;
#410 = FILL_AREA_STYLE ('',( #6561 ) ) ;
#411 = CARTESIAN_POINT ( 'NONE',  ( 0.1200787401574803237, 0.01574803149606299191, 0.04724409448818897572 ) ) ;
#412 = VECTOR ( 'NONE', #5702, 39.37007874015748143 ) ;
#413 = PRESENTATION_STYLE_ASSIGNMENT (( #1855 ) ) ;
#414 =( NAMED_UNIT ( * ) PLANE_ANGLE_UNIT ( ) SI_UNIT ( $, .RADIAN. ) );
#415 = DIRECTION ( 'NONE',  ( -1.741473112329314938E-32, -1.000000000000000000, -1.606225440719264641E-16 ) ) ;
#416 = UNCERTAINTY_MEASURE_WITH_UNIT (LENGTH_MEASURE( 1.000000000000000082E-05 ), #431, 'distance_accuracy_value', 'NONE');
#417 = CARTESIAN_POINT ( 'NONE',  ( -0.1200787401574803237, 0.0000000000000000000, 0.06889763779527559306 ) ) ;
#418 = SURFACE_STYLE_FILL_AREA ( #4706 ) ;
#419 =( LENGTH_UNIT ( ) NAMED_UNIT ( * ) SI_UNIT ( $, .METRE. ) );
#420 = DIRECTION ( 'NONE',  ( 0.0000000000000000000, 0.0000000000000000000, -1.000000000000000000 ) ) ;
#421 = CARTESIAN_POINT ( 'NONE',  ( 0.1200787401574803237, 0.03937007874015747977, 0.06889763779527559306 ) ) ;
#422 = ORIENTED_EDGE ( 'NONE', *, *, #485, .F. ) ;
#423 = SURFACE_STYLE_USAGE ( .BOTH. , #3269 ) ;
#424 =( NAMED_UNIT ( * ) SI_UNIT ( $, .STERADIAN. ) SOLID_ANGLE_UNIT ( ) );
#425 = STYLED_ITEM ( 'NONE', ( #1725 ), #3857 ) ;
#426 =( NAMED_UNIT ( * ) SI_UNIT ( $, .STERADIAN. ) SOLID_ANGLE_UNIT ( ) );
#427 = FACE_OUTER_BOUND ( 'NONE', #2520, .T. ) ;
#428 = ORIENTED_EDGE ( 'NONE', *, *, #6974, .F. ) ;
#429 = EDGE_CURVE ( 'NONE', #5752, #2331, #6393, .T. ) ;
#430 = CARTESIAN_POINT ( 'NONE',  ( 0.09575126888440098349, 0.03937007874015747977, 0.05590632889058937127 ) ) ;
#431 =( CONVERSION_BASED_UNIT ( 'INCH', #8802 ) LENGTH_UNIT ( ) NAMED_UNIT ( #3519 ) );
#432 = COLOUR_RGB ( '',0.7686274509803920907, 0.7686274509803920907, 0.7686274509803920907 ) ;
#433 =( NAMED_UNIT ( * ) SI_UNIT ( $, .STERADIAN. ) SOLID_ANGLE_UNIT ( ) );
#434 = DIMENSIONAL_EXPONENTS ( 1.000000000000000000, 0.0000000000000000000, 0.0000000000000000000, 0.0000000000000000000, 0.0000000000000000000, 0.0000000000000000000, 0.0000000000000000000 ) ;
#436 = EDGE_CURVE ( 'NONE', #7539, #3353, #250, .T. ) ;
#435 = LINE ( 'NONE', #5514, #7946 ) ;
#437 = SURFACE_STYLE_USAGE ( .BOTH. , #1731 ) ;
#438 = ORIENTED_EDGE ( 'NONE', *, *, #6846, .T. ) ;
#439 = CARTESIAN_POINT ( 'NONE',  ( -0.1200787401574803237, 0.03937007874015747977, -0.06889763779527559306 ) ) ;
#440 = EDGE_LOOP ( 'NONE', ( #3087, #1347, #7474, #7762 ) ) ;
#441 = EDGE_CURVE ( 'NONE', #80, #1657, #7365, .T. ) ;
#442 = DIRECTION ( 'NONE',  ( 0.0000000000000000000, 0.0000000000000000000, -1.000000000000000000 ) ) ;
#443 = FACE_OUTER_BOUND ( 'NONE', #6609, .T. ) ;
#444 = CARTESIAN_POINT ( 'NONE',  ( 0.0000000000000000000, 0.0000000000000000000, 0.0000000000000000000 ) ) ;
#445 =( NAMED_UNIT ( * ) PLANE_ANGLE_UNIT ( ) SI_UNIT ( $, .RADIAN. ) );
#446 = EDGE_CURVE ( 'NONE', #3074, #6916, #3709, .T. ) ;
#447 = VECTOR ( 'NONE', #783, 39.37007874015748143 ) ;
#448 = ADVANCED_FACE ( 'NONE', ( #1621 ), #7104, .T. ) ;
#449 = DIRECTION ( 'NONE',  ( -0.1039620511844979722, -0.9891328443778537594, 0.1039620511844979722 ) ) ;
#450 = ORIENTED_EDGE ( 'NONE', *, *, #7943, .F. ) ;
#451 = FILL_AREA_STYLE_COLOUR ( '', #3277 ) ;
#452 = EDGE_LOOP ( 'NONE', ( #876, #487, #8450, #3152 ) ) ;
#453 = ORIENTED_EDGE ( 'NONE', *, *, #1359, .T. ) ;
#454 = VECTOR ( 'NONE', #7328, 39.37007874015748143 ) ;
#455 = VECTOR ( 'NONE', #3215, 39.37007874015748143 ) ;
#456 = DIRECTION ( 'NONE',  ( -1.741473112329314938E-32, -1.000000000000000000, -1.606225440719264641E-16 ) ) ;
#457 = CARTESIAN_POINT ( 'NONE',  ( -0.1380590051106606320, 0.0009842519685039369942, 0.01181102362204724393 ) ) ;
#458 = DIRECTION ( 'NONE',  ( -1.000000000000000000, 0.0000000000000000000, 0.0000000000000000000 ) ) ;
#459 = VECTOR ( 'NONE', #2860, 39.37007874015748143 ) ;
#460 =( NAMED_UNIT ( * ) PLANE_ANGLE_UNIT ( ) SI_UNIT ( $, .RADIAN. ) );
#461 =( GEOMETRIC_REPRESENTATION_CONTEXT ( 3 ) GLOBAL_UNCERTAINTY_ASSIGNED_CONTEXT ( ( #6613 ) ) GLOBAL_UNIT_ASSIGNED_CONTEXT ( ( #3758, #4516, #8754 ) ) REPRESENTATION_CONTEXT ( 'NONE', 'WORKASPACE' ) );
#462 = VERTEX_POINT ( 'NONE', #8667 ) ;
#463 = LINE ( 'NONE', #1806, #7257 ) ;
#464 = CARTESIAN_POINT ( 'NONE',  ( 0.05511811023622047168, -0.06114854350730373339, -0.02066929133858268208 ) ) ;
#465 = PLANE ( 'NONE',  #7385 ) ;
#466 = CARTESIAN_POINT ( 'NONE',  ( 0.05314960629921260116, 0.09448818897637795144, 0.01771653543307086937 ) ) ;
#467 = VERTEX_POINT ( 'NONE', #7285 ) ;
#468 = CARTESIAN_POINT ( 'NONE',  ( -0.1122047244094488277, 0.01574803149606299191, 0.05118110236220473064 ) ) ;
#469 = CARTESIAN_POINT ( 'NONE',  ( -0.1200787401574803237, 0.03149606299212598381, 0.01968503937007873988 ) ) ;
#470 = ORIENTED_EDGE ( 'NONE', *, *, #3583, .T. ) ;
#471 =( NAMED_UNIT ( * ) SI_UNIT ( $, .STERADIAN. ) SOLID_ANGLE_UNIT ( ) );
#472 = COLOUR_RGB ( '',0.7686274509803920907, 0.7686274509803920907, 0.7686274509803920907 ) ;
#473 = SURFACE_STYLE_FILL_AREA ( #7964 ) ;
#474 = FILL_AREA_STYLE ('',( #5296 ) ) ;
#475 = DIRECTION ( 'NONE',  ( 0.0000000000000000000, 0.0000000000000000000, 1.000000000000000000 ) ) ;
#476 =( CONVERSION_BASED_UNIT ( 'INCH', #2598 ) LENGTH_UNIT ( ) NAMED_UNIT ( #6804 ) );
#477 = ORIENTED_EDGE ( 'NONE', *, *, #7991, .T. ) ;
#478 = VECTOR ( 'NONE', #4492, 39.37007874015748143 ) ;
#479 = VERTEX_POINT ( 'NONE', #4562 ) ;
#480 = LENGTH_MEASURE_WITH_UNIT ( LENGTH_MEASURE( 0.02539999999999999897 ), #4630 );
#481 = DIRECTION ( 'NONE',  ( 1.000000000000000000, 0.0000000000000000000, -2.168404344971010347E-16 ) ) ;
#482 = LINE ( 'NONE', #4594, #1950 ) ;
#483 = LINE ( 'NONE', #6685, #6227 ) ;
#484 = STYLED_ITEM ( 'NONE', ( #5234 ), #587 ) ;
#485 = EDGE_CURVE ( 'NONE', #8029, #3627, #3159, .T. ) ;
#486 = ORIENTED_EDGE ( 'NONE', *, *, #6431, .T. ) ;
#487 = ORIENTED_EDGE ( 'NONE', *, *, #7176, .T. ) ;
#488 = ORIENTED_EDGE ( 'NONE', *, *, #7313, .T. ) ;
#489 = DIMENSIONAL_EXPONENTS ( 1.000000000000000000, 0.0000000000000000000, 0.0000000000000000000, 0.0000000000000000000, 0.0000000000000000000, 0.0000000000000000000, 0.0000000000000000000 ) ;
#490 = DIRECTION ( 'NONE',  ( 1.000000000000000000, 0.0000000000000000000, 0.0000000000000000000 ) ) ;
#491 = ORIENTED_EDGE ( 'NONE', *, *, #3641, .T. ) ;
#492 = UNCERTAINTY_MEASURE_WITH_UNIT (LENGTH_MEASURE( 1.000000000000000082E-05 ), #7340, 'distance_accuracy_value', 'NONE');
#493 = EDGE_CURVE ( 'NONE', #1888, #6851, #8712, .T. ) ;
#494 = DIRECTION ( 'NONE',  ( 0.0000000000000000000, 0.0000000000000000000, -1.000000000000000000 ) ) ;
#495 =( CONVERSION_BASED_UNIT ( 'INCH', #3882 ) LENGTH_UNIT ( ) NAMED_UNIT ( #4 ) );
#496 = DIRECTION ( 'NONE',  ( 0.0000000000000000000, 0.0000000000000000000, 1.000000000000000000 ) ) ;
#497 = PRESENTATION_LAYER_ASSIGNMENT (  '', '', ( #4371 ) ) ;
#498 = STYLED_ITEM ( 'NONE', ( #1445 ), #767 ) ;
#499 = VECTOR ( 'NONE', #3035, 39.37007874015748143 ) ;
#500 = FILL_AREA_STYLE ('',( #3934 ) ) ;
#501 = FACE_OUTER_BOUND ( 'NONE', #1451, .T. ) ;
#502 = ORIENTED_EDGE ( 'NONE', *, *, #283, .F. ) ;
#503 = LINE ( 'NONE', #7334, #3219 ) ;
#504 = COLOUR_RGB ( '',0.7686274509803920907, 0.7686274509803920907, 0.7686274509803920907 ) ;
#505 = CIRCLE ( 'NONE', #1356, 0.003937007874015749712 ) ;
#506 = COLOUR_RGB ( '',0.7686274509803920907, 0.7686274509803920907, 0.7686274509803920907 ) ;
#507 = CARTESIAN_POINT ( 'NONE',  ( 0.1122047244094488277, 0.01968503937007873988, 0.06496062992125983815 ) ) ;
#508 = DIRECTION ( 'NONE',  ( 0.0000000000000000000, 0.0000000000000000000, -1.000000000000000000 ) ) ;
#509 = COLOUR_RGB ( '',0.7686274509803920907, 0.7686274509803920907, 0.7686274509803920907 ) ;
#510 = VERTEX_POINT ( 'NONE', #1145 ) ;
#511 = VECTOR ( 'NONE', #7317, 39.37007874015748143 ) ;
#512 = CIRCLE ( 'NONE', #2949, 0.003937007874015749712 ) ;
#513 = FILL_AREA_STYLE ('',( #3896 ) ) ;
#514 = PRESENTATION_STYLE_ASSIGNMENT (( #3343 ) ) ;
#515 = LENGTH_MEASURE_WITH_UNIT ( LENGTH_MEASURE( 0.02539999999999999897 ), #559 );
#516 = CARTESIAN_POINT ( 'NONE',  ( 0.1031504233787781388, 0.03937007874015747977, -0.04850717439621220206 ) ) ;
#517 = MECHANICAL_DESIGN_GEOMETRIC_PRESENTATION_REPRESENTATION (  '', ( #6977 ), #7969 ) ;
#518 = MECHANICAL_DESIGN_GEOMETRIC_PRESENTATION_REPRESENTATION (  '', ( #4698 ), #1957 ) ;
#519 = CARTESIAN_POINT ( 'NONE',  ( -0.09575126888440081696, 0.04196055061682803233, -0.05220675164340077973 ) ) ;
#520 = FILL_AREA_STYLE_COLOUR ( '', #5244 ) ;
#521 = ORIENTED_EDGE ( 'NONE', *, *, #2580, .F. ) ;
#522 = VECTOR ( 'NONE', #2566, 39.37007874015748143 ) ;
#523 = COLOUR_RGB ( '',0.7686274509803920907, 0.7686274509803920907, 0.7686274509803920907 ) ;
#524 = LENGTH_MEASURE_WITH_UNIT ( LENGTH_MEASURE( 0.02539999999999999897 ), #7839 );
#525 = EDGE_LOOP ( 'NONE', ( #5441, #4383, #850, #1027 ) ) ;
#526 = EDGE_CURVE ( 'NONE', #7559, #2244, #2669, .T. ) ;
#527 = CARTESIAN_POINT ( 'NONE',  ( 0.1316260342594181287, 0.01212648432646549340, 0.01181102362204724393 ) ) ;
#528 =( LENGTH_UNIT ( ) NAMED_UNIT ( * ) SI_UNIT ( $, .METRE. ) );
#529 = PRESENTATION_STYLE_ASSIGNMENT (( #2652 ) ) ;
#530 = DIMENSIONAL_EXPONENTS ( 1.000000000000000000, 0.0000000000000000000, 0.0000000000000000000, 0.0000000000000000000, 0.0000000000000000000, 0.0000000000000000000, 0.0000000000000000000 ) ;
#531 =( CONVERSION_BASED_UNIT ( 'INCH', #6693 ) LENGTH_UNIT ( ) NAMED_UNIT ( #3482 ) );
#532 = ORIENTED_EDGE ( 'NONE', *, *, #2034, .T. ) ;
#533 = SURFACE_STYLE_USAGE ( .BOTH. , #1745 ) ;
#534 = ORIENTED_EDGE ( 'NONE', *, *, #215, .F. ) ;
#535 = LENGTH_MEASURE_WITH_UNIT ( LENGTH_MEASURE( 0.02539999999999999897 ), #3965 );
#536 = AXIS2_PLACEMENT_3D ( 'NONE', #1177, #2440, #3927 ) ;
#537 = DIRECTION ( 'NONE',  ( 0.0000000000000000000, 1.000000000000000000, 0.0000000000000000000 ) ) ;
#538 = EDGE_CURVE ( 'NONE', #8862, #3822, #4944, .T. ) ;
#539 = FILL_AREA_STYLE_COLOUR ( '', #5611 ) ;
#540 = SURFACE_SIDE_STYLE ('',( #6070 ) ) ;
#541 = EDGE_CURVE ( 'NONE', #7659, #6358, #2361, .T. ) ;
#542 =( GEOMETRIC_REPRESENTATION_CONTEXT ( 3 ) GLOBAL_UNCERTAINTY_ASSIGNED_CONTEXT ( ( #7668 ) ) GLOBAL_UNIT_ASSIGNED_CONTEXT ( ( #6678, #3139, #3776 ) ) REPRESENTATION_CONTEXT ( 'NONE', 'WORKASPACE' ) );
#543 = DIRECTION ( 'NONE',  ( 0.0000000000000000000, -1.000000000000000000, 0.0000000000000000000 ) ) ;
#544 = EDGE_CURVE ( 'NONE', #7155, #1917, #3889, .T. ) ;
#545 = EDGE_CURVE ( 'NONE', #566, #312, #8789, .T. ) ;
#546 = ORIENTED_EDGE ( 'NONE', *, *, #3258, .F. ) ;
#547 = DIRECTION ( 'NONE',  ( 0.0000000000000000000, 0.0000000000000000000, -1.000000000000000000 ) ) ;
#548 =( NAMED_UNIT ( * ) PLANE_ANGLE_UNIT ( ) SI_UNIT ( $, .RADIAN. ) );
#549 = DIMENSIONAL_EXPONENTS ( 1.000000000000000000, 0.0000000000000000000, 0.0000000000000000000, 0.0000000000000000000, 0.0000000000000000000, 0.0000000000000000000, 0.0000000000000000000 ) ;
#550 =( LENGTH_UNIT ( ) NAMED_UNIT ( * ) SI_UNIT ( $, .METRE. ) );
#551 = SURFACE_STYLE_FILL_AREA ( #6712 ) ;
#552 = VECTOR ( 'NONE', #8218, 39.37007874015748143 ) ;
#553 = SURFACE_SIDE_STYLE ('',( #7337 ) ) ;
#554 = CARTESIAN_POINT ( 'NONE',  ( -0.1431733283613561003, -0.001968503937007873988, 0.01181102362204724393 ) ) ;
#555 = EDGE_CURVE ( 'NONE', #6740, #7524, #503, .T. ) ;
#556 = ORIENTED_EDGE ( 'NONE', *, *, #5329, .T. ) ;
#557 = CARTESIAN_POINT ( 'NONE',  ( -0.2709745503680062728, 0.03937007874015747977, 0.07283464566929134798 ) ) ;
#558 = VECTOR ( 'NONE', #6593, 39.37007874015748143 ) ;
#559 =( LENGTH_UNIT ( ) NAMED_UNIT ( * ) SI_UNIT ( $, .METRE. ) );
#560 = CARTESIAN_POINT ( 'NONE',  ( -0.1200787401574803237, 0.0000000000000000000, -0.04724409448818897572 ) ) ;
#561 = SURFACE_STYLE_FILL_AREA ( #2637 ) ;
#562 = FILL_AREA_STYLE ('',( #5249 ) ) ;
#563 = CYLINDRICAL_SURFACE ( 'NONE', #6097, 0.003937007874015749712 ) ;
#564 = VECTOR ( 'NONE', #1453, 39.37007874015748143 ) ;
#565 = CARTESIAN_POINT ( 'NONE',  ( 0.1102370375520062978, 0.01968503937007873988, -0.07874015748031495954 ) ) ;
#566 = VERTEX_POINT ( 'NONE', #3257 ) ;
#567 = EDGE_LOOP ( 'NONE', ( #3684, #8856, #6414, #6679, #7441, #2725, #5578, #1609 ) ) ;
#568 = CARTESIAN_POINT ( 'NONE',  ( 0.0000000000000000000, 0.06299212598425196763, -0.03617253169075181074 ) ) ;
#569 = VECTOR ( 'NONE', #5163, 39.37007874015748143 ) ;
#570 = PRESENTATION_STYLE_ASSIGNMENT (( #4592 ) ) ;
#571 = SURFACE_SIDE_STYLE ('',( #2146 ) ) ;
#572 =( NAMED_UNIT ( * ) SI_UNIT ( $, .STERADIAN. ) SOLID_ANGLE_UNIT ( ) );
#573 =( NAMED_UNIT ( * ) PLANE_ANGLE_UNIT ( ) SI_UNIT ( $, .RADIAN. ) );
#574 = AXIS2_PLACEMENT_3D ( 'NONE', #4645, #1293, #1182 ) ;
#575 = ORIENTED_EDGE ( 'NONE', *, *, #5553, .T. ) ;
#576 = CARTESIAN_POINT ( 'NONE',  ( -0.08987292601750590526, 0.06827566985561278612, -0.03892925428212862249 ) ) ;
#577 = ORIENTED_EDGE ( 'NONE', *, *, #7612, .T. ) ;
#578 =( CONVERSION_BASED_UNIT ( 'INCH', #5354 ) LENGTH_UNIT ( ) NAMED_UNIT ( #2790 ) );
#579 = UNCERTAINTY_MEASURE_WITH_UNIT (LENGTH_MEASURE( 1.000000000000000082E-05 ), #3579, 'distance_accuracy_value', 'NONE');
#580 = LINE ( 'NONE', #7541, #5018 ) ;
#581 = CARTESIAN_POINT ( 'NONE',  ( -0.1161417322834645688, 0.01968503937007873988, -0.06889763779527559306 ) ) ;
#582 = COLOUR_RGB ( '',0.2980392156862745057, 0.2980392156862745057, 0.2980392156862745057 ) ;
#583 = SURFACE_STYLE_USAGE ( .BOTH. , #6735 ) ;
#584 =( NAMED_UNIT ( * ) SI_UNIT ( $, .STERADIAN. ) SOLID_ANGLE_UNIT ( ) );
#585 = DIRECTION ( 'NONE',  ( -1.000000000000000000, 0.0000000000000000000, 0.0000000000000000000 ) ) ;
#586 = SURFACE_STYLE_USAGE ( .BOTH. , #4225 ) ;
#587 = ADVANCED_FACE ( 'NONE', ( #2583 ), #8082, .F. ) ;
#588 = PRESENTATION_LAYER_ASSIGNMENT (  '', '', ( #870 ) ) ;
#589 = ORIENTED_EDGE ( 'NONE', *, *, #6364, .T. ) ;
#590 = DIMENSIONAL_EXPONENTS ( 1.000000000000000000, 0.0000000000000000000, 0.0000000000000000000, 0.0000000000000000000, 0.0000000000000000000, 0.0000000000000000000, 0.0000000000000000000 ) ;
#591 =( GEOMETRIC_REPRESENTATION_CONTEXT ( 3 ) GLOBAL_UNCERTAINTY_ASSIGNED_CONTEXT ( ( #6709 ) ) GLOBAL_UNIT_ASSIGNED_CONTEXT ( ( #7870, #4301, #3813 ) ) REPRESENTATION_CONTEXT ( 'NONE', 'WORKASPACE' ) );
#592 = CARTESIAN_POINT ( 'NONE',  ( -0.1200787401574803237, 0.0000000000000000000, 0.04724409448818897572 ) ) ;
#593 = VECTOR ( 'NONE', #2975, 39.37007874015748143 ) ;
#594 =( NAMED_UNIT ( * ) PLANE_ANGLE_UNIT ( ) SI_UNIT ( $, .RADIAN. ) );
#595 = DIRECTION ( 'NONE',  ( -1.000000000000000000, 0.0000000000000000000, 0.0000000000000000000 ) ) ;
#596 = EDGE_LOOP ( 'NONE', ( #3001, #4670, #2775, #1688 ) ) ;
#597 = EDGE_CURVE ( 'NONE', #6865, #7699, #201, .T. ) ;
#598 = DIRECTION ( 'NONE',  ( 1.000000000000000000, 0.0000000000000000000, 6.505213034913030548E-15 ) ) ;
#599 = CARTESIAN_POINT ( 'NONE',  ( -0.1102370375520064921, 0.03149606299212598381, -0.01968503937007873988 ) ) ;
#600 = MECHANICAL_DESIGN_GEOMETRIC_PRESENTATION_REPRESENTATION (  '', ( #5490 ), #3917 ) ;
#601 = PRESENTATION_LAYER_ASSIGNMENT (  '', '', ( #5768 ) ) ;
#602 = ADVANCED_FACE ( 'NONE', ( #2624 ), #263, .T. ) ;
#603 = ADVANCED_FACE ( 'NONE', ( #6490 ), #6406, .T. ) ;
#604 = SURFACE_STYLE_USAGE ( .BOTH. , #8144 ) ;
#605 = PRESENTATION_STYLE_ASSIGNMENT (( #6757 ) ) ;
#606 = SURFACE_STYLE_USAGE ( .BOTH. , #3172 ) ;
#607 = DIMENSIONAL_EXPONENTS ( 1.000000000000000000, 0.0000000000000000000, 0.0000000000000000000, 0.0000000000000000000, 0.0000000000000000000, 0.0000000000000000000, 0.0000000000000000000 ) ;
#608 =( CONVERSION_BASED_UNIT ( 'INCH', #8059 ) LENGTH_UNIT ( ) NAMED_UNIT ( #6783 ) );
#609 = ORIENTED_EDGE ( 'NONE', *, *, #6315, .T. ) ;
#610 = LINE ( 'NONE', #8191, #4576 ) ;
#611 = ORIENTED_EDGE ( 'NONE', *, *, #5564, .T. ) ;
#612 = FILL_AREA_STYLE ('',( #1284 ) ) ;
#613 = LENGTH_MEASURE_WITH_UNIT ( LENGTH_MEASURE( 0.02539999999999999897 ), #7926 );
#614 = DIRECTION ( 'NONE',  ( 1.000000000000000000, 0.0000000000000000000, 0.0000000000000000000 ) ) ;
#615 = CARTESIAN_POINT ( 'NONE',  ( -0.1200787401574803237, -0.009085487128351082964, -0.01968503937007873988 ) ) ;
#616 = FACE_OUTER_BOUND ( 'NONE', #2825, .T. ) ;
#617 = FACE_OUTER_BOUND ( 'NONE', #7610, .T. ) ;
#618 =( GEOMETRIC_REPRESENTATION_CONTEXT ( 3 ) GLOBAL_UNCERTAINTY_ASSIGNED_CONTEXT ( ( #7294 ) ) GLOBAL_UNIT_ASSIGNED_CONTEXT ( ( #6808, #6933, #7700 ) ) REPRESENTATION_CONTEXT ( 'NONE', 'WORKASPACE' ) );
#619 = ORIENTED_EDGE ( 'NONE', *, *, #868, .T. ) ;
#620 = DIRECTION ( 'NONE',  ( 1.000000000000000000, 0.0000000000000000000, 0.0000000000000000000 ) ) ;
#621 = ORIENTED_EDGE ( 'NONE', *, *, #5443, .F. ) ;
#622 = ORIENTED_EDGE ( 'NONE', *, *, #4110, .T. ) ;
#623 = PRESENTATION_STYLE_ASSIGNMENT (( #7452 ) ) ;
#624 = AXIS2_PLACEMENT_3D ( 'NONE', #5319, #5281, #4019 ) ;
#625 = CARTESIAN_POINT ( 'NONE',  ( -0.05314960629921260116, 0.2164041264863913738, 0.01771653543307086937 ) ) ;
#626 = CARTESIAN_POINT ( 'NONE',  ( 0.04527559055118110520, 0.06299212598425196763, -0.01771653543307086937 ) ) ;
#627 = LINE ( 'NONE', #8265, #6831 ) ;
#628 = SURFACE_STYLE_USAGE ( .BOTH. , #2120 ) ;
#629 = COLOUR_RGB ( '',0.7686274509803920907, 0.7686274509803920907, 0.7686274509803920907 ) ;
#630 = ORIENTED_EDGE ( 'NONE', *, *, #1157, .F. ) ;
#631 = CARTESIAN_POINT ( 'NONE',  ( -0.1031504233787781388, 0.03149606299212598381, -0.05590632889058937127 ) ) ;
#632 = FILL_AREA_STYLE ('',( #3385 ) ) ;
#633 = PLANE ( 'NONE',  #274 ) ;
#634 = DIRECTION ( 'NONE',  ( 0.0000000000000000000, -1.000000000000000000, 0.0000000000000000000 ) ) ;
#635 = DIRECTION ( 'NONE',  ( -1.000000000000000000, 0.0000000000000000000, 1.084202172485503694E-16 ) ) ;
#636 = STYLED_ITEM ( 'NONE', ( #752 ), #6854 ) ;
#637 = AXIS2_PLACEMENT_3D ( 'NONE', #2224, #869, #4151 ) ;
#638 = CARTESIAN_POINT ( 'NONE',  ( -0.1200787401574803237, 0.0000000000000000000, -0.06496062992125983815 ) ) ;
#639 = DIRECTION ( 'NONE',  ( 0.0000000000000000000, 0.0000000000000000000, -1.000000000000000000 ) ) ;
#640 = ORIENTED_EDGE ( 'NONE', *, *, #541, .T. ) ;
#641 =( NAMED_UNIT ( * ) SI_UNIT ( $, .STERADIAN. ) SOLID_ANGLE_UNIT ( ) );
#642 = COLOUR_RGB ( '',0.2980392156862745057, 0.2980392156862745057, 0.2980392156862745057 ) ;
#643 = COLOUR_RGB ( '',0.2980392156862745057, 0.2980392156862745057, 0.2980392156862745057 ) ;
#644 = COLOUR_RGB ( '',0.2980392156862745057, 0.2980392156862745057, 0.2980392156862745057 ) ;
#645 = DIMENSIONAL_EXPONENTS ( 1.000000000000000000, 0.0000000000000000000, 0.0000000000000000000, 0.0000000000000000000, 0.0000000000000000000, 0.0000000000000000000, 0.0000000000000000000 ) ;
#646 =( CONVERSION_BASED_UNIT ( 'INCH', #6799 ) LENGTH_UNIT ( ) NAMED_UNIT ( #8690 ) );
#647 = EDGE_CURVE ( 'NONE', #6588, #4855, #5247, .T. ) ;
#648 = DIRECTION ( 'NONE',  ( 0.0000000000000000000, 0.0000000000000000000, -1.000000000000000000 ) ) ;
#649 = CIRCLE ( 'NONE', #2533, 0.003937007874015749712 ) ;
#650 = VECTOR ( 'NONE', #5837, 39.37007874015748143 ) ;
#651 = COLOUR_RGB ( '',0.2980392156862745057, 0.2980392156862745057, 0.2980392156862745057 ) ;
#652 =( NAMED_UNIT ( * ) PLANE_ANGLE_UNIT ( ) SI_UNIT ( $, .RADIAN. ) );
#653 = APPLICATION_CONTEXT ( 'automotive_design' ) ;
#654 = EDGE_CURVE ( 'NONE', #1968, #3407, #3211, .T. ) ;
#655 = DIRECTION ( 'NONE',  ( 1.000000000000000000, 0.0000000000000000000, 0.0000000000000000000 ) ) ;
#656 = ADVANCED_FACE ( 'NONE', ( #8592 ), #2505, .F. ) ;
#657 = EDGE_LOOP ( 'NONE', ( #5526, #3966, #6760, #4410 ) ) ;
#658 = FACE_OUTER_BOUND ( 'NONE', #6016, .T. ) ;
#659 = EDGE_LOOP ( 'NONE', ( #8032, #6652, #745, #8224 ) ) ;
#660 = LENGTH_MEASURE_WITH_UNIT ( LENGTH_MEASURE( 0.02539999999999999897 ), #4765 );
#661 = STYLED_ITEM ( 'NONE', ( #3335 ), #2593 ) ;
#662 = VECTOR ( 'NONE', #4605, 39.37007874015748143 ) ;
#663 = VECTOR ( 'NONE', #667, 39.37007874015748143 ) ;
#664 = COLOUR_RGB ( '',0.7686274509803920907, 0.7686274509803920907, 0.7686274509803920907 ) ;
#665 = LENGTH_MEASURE_WITH_UNIT ( LENGTH_MEASURE( 0.02539999999999999897 ), #5434 );
#666 = DIRECTION ( 'NONE',  ( 1.000000000000000000, 0.0000000000000000000, 0.0000000000000000000 ) ) ;
#667 = DIRECTION ( 'NONE',  ( -1.741473112329314938E-32, -1.000000000000000000, -1.606225440719264641E-16 ) ) ;
#668 = SURFACE_STYLE_USAGE ( .BOTH. , #6819 ) ;
#669 = SURFACE_STYLE_FILL_AREA ( #2900 ) ;
#670 = MECHANICAL_DESIGN_GEOMETRIC_PRESENTATION_REPRESENTATION (  '', ( #4552 ), #3979 ) ;
#671 = VECTOR ( 'NONE', #340, 39.37007874015748143 ) ;
#672 = FILL_AREA_STYLE ('',( #34 ) ) ;
#673 = ORIENTED_EDGE ( 'NONE', *, *, #4842, .T. ) ;
#674 = CARTESIAN_POINT ( 'NONE',  ( 0.09380814114305804918, 0.03444167326641416754, -0.04656404665486942041 ) ) ;
#675 = VERTEX_POINT ( 'NONE', #7305 ) ;
#676 =( CONVERSION_BASED_UNIT ( 'INCH', #1464 ) LENGTH_UNIT ( ) NAMED_UNIT ( #5562 ) );
#677 = UNCERTAINTY_MEASURE_WITH_UNIT (LENGTH_MEASURE( 1.000000000000000082E-05 ), #5891, 'distance_accuracy_value', 'NONE');
#678 = CIRCLE ( 'NONE', #6550, 0.003937007874015749712 ) ;
#679 = CARTESIAN_POINT ( 'NONE',  ( 0.1200787401574803237, 0.03937007874015747977, 0.01968503937007873988 ) ) ;
#680 = PRESENTATION_STYLE_ASSIGNMENT (( #583 ) ) ;
#681 = DIRECTION ( 'NONE',  ( 1.084202172485503694E-16, 0.0000000000000000000, 1.000000000000000000 ) ) ;
#682 = LINE ( 'NONE', #3432, #3652 ) ;
#683 = CARTESIAN_POINT ( 'NONE',  ( -0.1200787401574803237, 0.03937007874015747977, 0.07283464566929134798 ) ) ;
#684 = VECTOR ( 'NONE', #4731, 39.37007874015748143 ) ;
#685 = FILL_AREA_STYLE ('',( #8211 ) ) ;
#686 = ORIENTED_EDGE ( 'NONE', *, *, #3486, .F. ) ;
#687 = CARTESIAN_POINT ( 'NONE',  ( 0.1200787401574803237, 0.03937007874015747977, 0.05511811023622047168 ) ) ;
#688 = FILL_AREA_STYLE_COLOUR ( '', #7576 ) ;
#689 = PLANE ( 'NONE',  #1113 ) ;
#690 = LINE ( 'NONE', #2753, #3955 ) ;
#691 =( LENGTH_UNIT ( ) NAMED_UNIT ( * ) SI_UNIT ( $, .METRE. ) );
#692 = DIRECTION ( 'NONE',  ( 0.0000000000000000000, 0.0000000000000000000, 1.000000000000000000 ) ) ;
#693 = VERTEX_POINT ( 'NONE', #3310 ) ;
#694 =( NAMED_UNIT ( * ) PLANE_ANGLE_UNIT ( ) SI_UNIT ( $, .RADIAN. ) );
#695 = FACE_OUTER_BOUND ( 'NONE', #4170, .T. ) ;
#696 = VECTOR ( 'NONE', #6225, 39.37007874015748143 ) ;
#697 = AXIS2_PLACEMENT_3D ( 'NONE', #4704, #2033, #1266 ) ;
#698 = LENGTH_MEASURE_WITH_UNIT ( LENGTH_MEASURE( 0.02539999999999999897 ), #6314 );
#699 = PRODUCT_DEFINITION_FORMATION_WITH_SPECIFIED_SOURCE ( 'ANY', '', #218, .NOT_KNOWN. ) ;
#700 = LINE ( 'NONE', #3450, #7409 ) ;
#701 = VECTOR ( 'NONE', #456, 39.37007874015748143 ) ;
#702 = CARTESIAN_POINT ( 'NONE',  ( -0.1003937007874015908, 0.04330708661417323468, 0.05590632889058937127 ) ) ;
#703 = VERTEX_POINT ( 'NONE', #8848 ) ;
#704 = ADVANCED_FACE ( 'NONE', ( #5372 ), #6756, .T. ) ;
#705 = EDGE_LOOP ( 'NONE', ( #5916, #8004, #3674, #58, #8767, #36, #7028, #7141 ) ) ;
#706 = SURFACE_SIDE_STYLE ('',( #8812 ) ) ;
#707 = EDGE_CURVE ( 'NONE', #8514, #4048, #2555, .T. ) ;
#708 = DIRECTION ( 'NONE',  ( 0.0000000000000000000, 2.409338161078900167E-16, -1.000000000000000000 ) ) ;
#709 = DIRECTION ( 'NONE',  ( 0.0000000000000000000, 0.0000000000000000000, 1.000000000000000000 ) ) ;
#710 = DIMENSIONAL_EXPONENTS ( 1.000000000000000000, 0.0000000000000000000, 0.0000000000000000000, 0.0000000000000000000, 0.0000000000000000000, 0.0000000000000000000, 0.0000000000000000000 ) ;
#711 =( BOUNDED_CURVE ( )  B_SPLINE_CURVE ( 3, ( #2728, #1409, #4205, #2054 ),
 .UNSPECIFIED., .F., .T. ) 
 B_SPLINE_CURVE_WITH_KNOTS ( ( 4, 4 ),
 ( 5.556410252859889987, 7.009960361499279813 ),
 .UNSPECIFIED. ) 
 CURVE ( )  GEOMETRIC_REPRESENTATION_ITEM ( )  RATIONAL_B_SPLINE_CURVE ( ( 1.000000000000000000, 0.8315474279732699703, 0.8315474279732699703, 1.000000000000000000 ) ) 
 REPRESENTATION_ITEM ( '' )  );
#712 = SURFACE_STYLE_USAGE ( .BOTH. , #2771 ) ;
#713 = ORIENTED_EDGE ( 'NONE', *, *, #1520, .F. ) ;
#714 = ORIENTED_EDGE ( 'NONE', *, *, #6205, .F. ) ;
#715 = CARTESIAN_POINT ( 'NONE',  ( -0.04527559055118110520, 0.09448818897637795144, -0.01771653543307086937 ) ) ;
#716 = EDGE_CURVE ( 'NONE', #7080, #6132, #5333, .T. ) ;
#717 = EDGE_LOOP ( 'NONE', ( #4548, #3195, #6053, #8568, #611, #4256, #6370, #1547, #3280, #2191, #4309, #5620 ) ) ;
#718 = STYLED_ITEM ( 'NONE', ( #843 ), #3850 ) ;
#719 = DIRECTION ( 'NONE',  ( -1.016643762873329831E-31, -1.000000000000000000, -4.336808689942025132E-16 ) ) ;
#720 = EDGE_CURVE ( 'NONE', #6853, #6208, #1909, .T. ) ;
#721 = FILL_AREA_STYLE ('',( #7591 ) ) ;
#722 = ADVANCED_FACE ( 'NONE', ( #6715 ), #8763, .T. ) ;
#723 = DIRECTION ( 'NONE',  ( -0.3236155771181853935, -0.8891264907159878161, -0.3236155771181853935 ) ) ;
#724 = CARTESIAN_POINT ( 'NONE',  ( -0.2709745503680062728, 0.01968503937007873988, -0.04724409448818897572 ) ) ;
#725 = LENGTH_MEASURE_WITH_UNIT ( LENGTH_MEASURE( 0.02539999999999999897 ), #1295 );
#726 = CARTESIAN_POINT ( 'NONE',  ( 0.1200787401574803237, 0.01901624810599303328, 0.01181102362204724393 ) ) ;
#727 = ORIENTED_EDGE ( 'NONE', *, *, #7712, .T. ) ;
#728 = SURFACE_STYLE_FILL_AREA ( #7549 ) ;
#729 = PRESENTATION_LAYER_ASSIGNMENT (  '', '', ( #5617 ) ) ;
#730 = LINE ( 'NONE', #7637, #552 ) ;
#731 = DIMENSIONAL_EXPONENTS ( 1.000000000000000000, 0.0000000000000000000, 0.0000000000000000000, 0.0000000000000000000, 0.0000000000000000000, 0.0000000000000000000, 0.0000000000000000000 ) ;
#732 = FACE_OUTER_BOUND ( 'NONE', #5517, .T. ) ;
#733 =( NAMED_UNIT ( * ) PLANE_ANGLE_UNIT ( ) SI_UNIT ( $, .RADIAN. ) );
#734 = VECTOR ( 'NONE', #3797, 39.37007874015748143 ) ;
#735 = CARTESIAN_POINT ( 'NONE',  ( -0.1001844051475986874, 0.03937007874015747977, 0.05590632889058938515 ) ) ;
#736 = PRESENTATION_LAYER_ASSIGNMENT (  '', '', ( #5048 ) ) ;
#737 = ORIENTED_EDGE ( 'NONE', *, *, #7886, .F. ) ;
#738 = LINE ( 'NONE', #7734, #6672 ) ;
#739 = VECTOR ( 'NONE', #1764, 39.37007874015748143 ) ;
#740 = VECTOR ( 'NONE', #1765, 39.37007874015748143 ) ;
#741 = CARTESIAN_POINT ( 'NONE',  ( 0.1122047244094488277, 0.01968503937007873988, -0.07283464566929134798 ) ) ;
#742 = SURFACE_STYLE_USAGE ( .BOTH. , #6885 ) ;
#743 = PRESENTATION_LAYER_ASSIGNMENT (  '', '', ( #8759 ) ) ;
#744 = AXIS2_PLACEMENT_3D ( 'NONE', #1305, #3440, #8794 ) ;
#745 = ORIENTED_EDGE ( 'NONE', *, *, #6635, .T. ) ;
#746 = DIRECTION ( 'NONE',  ( 0.0000000000000000000, -1.000000000000000000, 0.0000000000000000000 ) ) ;
#747 = ORIENTED_EDGE ( 'NONE', *, *, #1749, .F. ) ;
#748 = DIMENSIONAL_EXPONENTS ( 1.000000000000000000, 0.0000000000000000000, 0.0000000000000000000, 0.0000000000000000000, 0.0000000000000000000, 0.0000000000000000000, 0.0000000000000000000 ) ;
#749 = SURFACE_SIDE_STYLE ('',( #2766 ) ) ;
#750 = CARTESIAN_POINT ( 'NONE',  ( 0.09380814114305804918, 0.03444167326641416754, 0.04656404665486942041 ) ) ;
#751 = CARTESIAN_POINT ( 'NONE',  ( -0.09575126888440081696, 0.03937007874015747977, 0.05590632889058937127 ) ) ;
#752 = PRESENTATION_STYLE_ASSIGNMENT (( #6235 ) ) ;
#753 = CARTESIAN_POINT ( 'NONE',  ( 0.0000000000000000000, 0.0000000000000000000, -0.04724409448818897572 ) ) ;
#754 = ORIENTED_EDGE ( 'NONE', *, *, #7712, .F. ) ;
#755 = ORIENTED_EDGE ( 'NONE', *, *, #8664, .T. ) ;
#756 =( NAMED_UNIT ( * ) SI_UNIT ( $, .STERADIAN. ) SOLID_ANGLE_UNIT ( ) );
#757 = ORIENTED_EDGE ( 'NONE', *, *, #5557, .F. ) ;
#758 = DIRECTION ( 'NONE',  ( -1.000000000000000000, 0.0000000000000000000, 2.344220913482170177E-16 ) ) ;
#759 = ORIENTED_EDGE ( 'NONE', *, *, #8375, .F. ) ;
#760 = PRODUCT_DEFINITION_CONTEXT ( 'detailed design', #653, 'design' ) ;
#761 = FILL_AREA_STYLE ('',( #8259 ) ) ;
#762 = CARTESIAN_POINT ( 'NONE',  ( 0.08263703577853426241, 0.06513403300579152788, -0.03539294129034559200 ) ) ;
#763 = DIRECTION ( 'NONE',  ( 0.0000000000000000000, -1.000000000000000000, -4.336808689942014778E-16 ) ) ;
#764 = DIRECTION ( 'NONE',  ( 1.000000000000000000, 0.0000000000000000000, 1.084202172485503694E-16 ) ) ;
#765 = STYLED_ITEM ( 'NONE', ( #514 ), #284 ) ;
#767 = ADVANCED_FACE ( 'NONE', ( #1489 ), #3584, .T. ) ;
#766 = PRESENTATION_LAYER_ASSIGNMENT (  '', '', ( #6216 ) ) ;
#768 = CARTESIAN_POINT ( 'NONE',  ( -0.1265117110087226326, 0.01901624810599307144, 0.01181102362204724393 ) ) ;
#769 = EDGE_CURVE ( 'NONE', #6615, #3325, #7022, .T. ) ;
#770 = ORIENTED_EDGE ( 'NONE', *, *, #7355, .T. ) ;
#771 = DIMENSIONAL_EXPONENTS ( 1.000000000000000000, 0.0000000000000000000, 0.0000000000000000000, 0.0000000000000000000, 0.0000000000000000000, 0.0000000000000000000, 0.0000000000000000000 ) ;
#772 = LENGTH_MEASURE_WITH_UNIT ( LENGTH_MEASURE( 0.02539999999999999897 ), #2122 );
#773 = EDGE_CURVE ( 'NONE', #8275, #6588, #8793, .T. ) ;
#774 = PRESENTATION_LAYER_ASSIGNMENT (  '', '', ( #4074 ) ) ;
#775 = UNCERTAINTY_MEASURE_WITH_UNIT (LENGTH_MEASURE( 1.000000000000000082E-05 ), #8455, 'distance_accuracy_value', 'NONE');
#776 = PRESENTATION_STYLE_ASSIGNMENT (( #1392 ) ) ;
#777 =( CONVERSION_BASED_UNIT ( 'INCH', #6389 ) LENGTH_UNIT ( ) NAMED_UNIT ( #2768 ) );
#778 = AXIS2_PLACEMENT_3D ( 'NONE', #4609, #1900, #8043 ) ;
#779 = DIRECTION ( 'NONE',  ( 1.000000000000000000, 0.0000000000000000000, 0.0000000000000000000 ) ) ;
#780 = ORIENTED_EDGE ( 'NONE', *, *, #5440, .F. ) ;
#781 =( NAMED_UNIT ( * ) SI_UNIT ( $, .STERADIAN. ) SOLID_ANGLE_UNIT ( ) );
#782 = CIRCLE ( 'NONE', #1937, 0.003937007874015741038 ) ;
#783 = DIRECTION ( 'NONE',  ( 3.516331370223255265E-16, 0.0000000000000000000, 1.000000000000000000 ) ) ;
#784 =( LENGTH_UNIT ( ) NAMED_UNIT ( * ) SI_UNIT ( $, .METRE. ) );
#785 = DIMENSIONAL_EXPONENTS ( 1.000000000000000000, 0.0000000000000000000, 0.0000000000000000000, 0.0000000000000000000, 0.0000000000000000000, 0.0000000000000000000, 0.0000000000000000000 ) ;
#786 = PLANE ( 'NONE',  #8671 ) ;
#787 = AXIS2_PLACEMENT_3D ( 'NONE', #3629, #66, #919 ) ;
#788 = PRESENTATION_LAYER_ASSIGNMENT (  '', '', ( #7796 ) ) ;
#789 = VECTOR ( 'NONE', #6433, 39.37007874015748143 ) ;
#790 = PRESENTATION_LAYER_ASSIGNMENT (  '', '', ( #1496 ) ) ;
#791 = ORIENTED_EDGE ( 'NONE', *, *, #446, .F. ) ;
#792 = ORIENTED_EDGE ( 'NONE', *, *, #7820, .F. ) ;
#793 = AXIS2_PLACEMENT_3D ( 'NONE', #8142, #3270, #1312 ) ;
#794 = VECTOR ( 'NONE', #7882, 39.37007874015748143 ) ;
#795 =( GEOMETRIC_REPRESENTATION_CONTEXT ( 3 ) GLOBAL_UNCERTAINTY_ASSIGNED_CONTEXT ( ( #5796 ) ) GLOBAL_UNIT_ASSIGNED_CONTEXT ( ( #1816, #1190, #8002 ) ) REPRESENTATION_CONTEXT ( 'NONE', 'WORKASPACE' ) );
#796 = DIRECTION ( 'NONE',  ( 0.9396926207859082059, -0.3420201433256693790, 0.0000000000000000000 ) ) ;
#797 = LENGTH_MEASURE_WITH_UNIT ( LENGTH_MEASURE( 0.02539999999999999897 ), #6101 );
#798 = SURFACE_STYLE_FILL_AREA ( #886 ) ;
#799 =( LENGTH_UNIT ( ) NAMED_UNIT ( * ) SI_UNIT ( $, .METRE. ) );
#800 = LINE ( 'NONE', #7777, #6546 ) ;
#801 = CARTESIAN_POINT ( 'NONE',  ( 0.1200787401574803237, 0.03937007874015747977, -0.07283464566929134798 ) ) ;
#802 = ORIENTED_EDGE ( 'NONE', *, *, #6091, .F. ) ;
#803 = AXIS2_PLACEMENT_3D ( 'NONE', #1700, #7047, #8385 ) ;
#804 = COLOUR_RGB ( '',0.7686274509803920907, 0.7686274509803920907, 0.7686274509803920907 ) ;
#805 = FILL_AREA_STYLE ('',( #5081 ) ) ;
#806 = COLOUR_RGB ( '',0.7686274509803920907, 0.7686274509803920907, 0.7686274509803920907 ) ;
#807 = ORIENTED_EDGE ( 'NONE', *, *, #2739, .F. ) ;
#808 = EDGE_LOOP ( 'NONE', ( #882, #5618, #1769, #6198, #2707, #2950, #2290, #1906 ) ) ;
#809 = CARTESIAN_POINT ( 'NONE',  ( -0.04724409448818897572, -0.06114854350730373339, -0.02854330708661417110 ) ) ;
#810 =( NAMED_UNIT ( * ) PLANE_ANGLE_UNIT ( ) SI_UNIT ( $, .RADIAN. ) );
#811 = FILL_AREA_STYLE ('',( #4137 ) ) ;
#812 = STYLED_ITEM ( 'NONE', ( #7276 ), #2795 ) ;
#813 = CARTESIAN_POINT ( 'NONE',  ( 0.0000000000000000000, 0.03149606299212598381, -0.05590632889058937127 ) ) ;
#814 = AXIS2_PLACEMENT_3D ( 'NONE', #8027, #5888, #2518 ) ;
#815 = DIMENSIONAL_EXPONENTS ( 1.000000000000000000, 0.0000000000000000000, 0.0000000000000000000, 0.0000000000000000000, 0.0000000000000000000, 0.0000000000000000000, 0.0000000000000000000 ) ;
#816 =( CONVERSION_BASED_UNIT ( 'INCH', #6375 ) LENGTH_UNIT ( ) NAMED_UNIT ( #6219 ) );
#817 =( LENGTH_UNIT ( ) NAMED_UNIT ( * ) SI_UNIT ( $, .METRE. ) );
#818 = ORIENTED_EDGE ( 'NONE', *, *, #6641, .T. ) ;
#819 =( NAMED_UNIT ( * ) PLANE_ANGLE_UNIT ( ) SI_UNIT ( $, .RADIAN. ) );
#820 = MECHANICAL_DESIGN_GEOMETRIC_PRESENTATION_REPRESENTATION (  '', ( #4557 ), #100 ) ;
#821 = COLOUR_RGB ( '',0.7686274509803920907, 0.7686274509803920907, 0.7686274509803920907 ) ;
#822 = ADVANCED_FACE ( 'NONE', ( #1352 ), #5601, .T. ) ;
#823 = SURFACE_STYLE_FILL_AREA ( #7553 ) ;
#824 = SURFACE_SIDE_STYLE ('',( #4031 ) ) ;
#825 = CARTESIAN_POINT ( 'NONE',  ( -0.1431733283613561003, 0.001968503937007873988, 0.01181102362204724393 ) ) ;
#826 = DIRECTION ( 'NONE',  ( 1.000000000000000000, 0.0000000000000000000, 0.0000000000000000000 ) ) ;
#827 = ADVANCED_FACE ( 'NONE', ( #2317 ), #2927, .T. ) ;
#828 = CARTESIAN_POINT ( 'NONE',  ( 0.08987292601750590526, 0.06827566985561278612, -0.03892925428212862249 ) ) ;
#829 = AXIS2_PLACEMENT_3D ( 'NONE', #5791, #8469, #6377 ) ;
#830 = CARTESIAN_POINT ( 'NONE',  ( -0.1431733283613561003, 0.001968503937007873988, -0.01181102362204724393 ) ) ;
#831 = UNCERTAINTY_MEASURE_WITH_UNIT (LENGTH_MEASURE( 1.000000000000000082E-05 ), #3271, 'distance_accuracy_value', 'NONE');
#832 =( NAMED_UNIT ( * ) SI_UNIT ( $, .STERADIAN. ) SOLID_ANGLE_UNIT ( ) );
#833 = DIRECTION ( 'NONE',  ( 1.000000000000000000, 0.0000000000000000000, 0.0000000000000000000 ) ) ;
#834 = EDGE_CURVE ( 'NONE', #3187, #6588, #4424, .T. ) ;
#835 =( LENGTH_UNIT ( ) NAMED_UNIT ( * ) SI_UNIT ( $, .METRE. ) );
#836 = STYLED_ITEM ( 'NONE', ( #2711 ), #8819 ) ;
#837 = LINE ( 'NONE', #1404, #7239 ) ;
#838 = DIRECTION ( 'NONE',  ( 0.0000000000000000000, 0.0000000000000000000, 1.000000000000000000 ) ) ;
#839 = ORIENTED_EDGE ( 'NONE', *, *, #6580, .F. ) ;
#840 = CARTESIAN_POINT ( 'NONE',  ( -0.1200787401574803237, 0.01901624810599303328, 0.01181102362204724393 ) ) ;
#841 = ORIENTED_EDGE ( 'NONE', *, *, #5553, .F. ) ;
#842 = MECHANICAL_DESIGN_GEOMETRIC_PRESENTATION_REPRESENTATION (  '', ( #2845 ), #8716 ) ;
#843 = PRESENTATION_STYLE_ASSIGNMENT (( #8291 ) ) ;
#844 = FILL_AREA_STYLE ('',( #4900 ) ) ;
#845 = DIRECTION ( 'NONE',  ( 0.0000000000000000000, 0.0000000000000000000, 1.000000000000000000 ) ) ;
#846 =( NAMED_UNIT ( * ) PLANE_ANGLE_UNIT ( ) SI_UNIT ( $, .RADIAN. ) );
#847 = FILL_AREA_STYLE_COLOUR ( '', #6905 ) ;
#848 = ORIENTED_EDGE ( 'NONE', *, *, #5393, .T. ) ;
#849 = CARTESIAN_POINT ( 'NONE',  ( 0.1431733283613561003, 0.003937007874015747977, -0.01181102362204724393 ) ) ;
#850 = ORIENTED_EDGE ( 'NONE', *, *, #3457, .T. ) ;
#851 = ORIENTED_EDGE ( 'NONE', *, *, #8156, .F. ) ;
#852 = UNCERTAINTY_MEASURE_WITH_UNIT (LENGTH_MEASURE( 1.000000000000000082E-05 ), #4121, 'distance_accuracy_value', 'NONE');
#853 = CYLINDRICAL_SURFACE ( 'NONE', #4615, 0.003937007874015741038 ) ;
#854 = CARTESIAN_POINT ( 'NONE',  ( 0.1200787401574803237, 0.0000000000000000000, -0.04724409448818897572 ) ) ;
#855 = DIRECTION ( 'NONE',  ( 0.0000000000000000000, -1.000000000000000000, 0.0000000000000000000 ) ) ;
#856 = FILL_AREA_STYLE ('',( #899 ) ) ;
#857 =( GEOMETRIC_REPRESENTATION_CONTEXT ( 3 ) GLOBAL_UNCERTAINTY_ASSIGNED_CONTEXT ( ( #5363 ) ) GLOBAL_UNIT_ASSIGNED_CONTEXT ( ( #1920, #7352, #8603 ) ) REPRESENTATION_CONTEXT ( 'NONE', 'WORKASPACE' ) );
#858 = ORIENTED_EDGE ( 'NONE', *, *, #4124, .F. ) ;
#859 = LENGTH_MEASURE_WITH_UNIT ( LENGTH_MEASURE( 0.02539999999999999897 ), #6509 );
#860 = SURFACE_STYLE_USAGE ( .BOTH. , #3612 ) ;
#861 = PRESENTATION_LAYER_ASSIGNMENT (  '', '', ( #425 ) ) ;
#862 = CARTESIAN_POINT ( 'NONE',  ( -0.04527559055118110520, 0.09448818897637795144, 0.02165354330708661734 ) ) ;
#863 = DIRECTION ( 'NONE',  ( 0.0000000000000000000, 0.0000000000000000000, 1.000000000000000000 ) ) ;
#864 = CARTESIAN_POINT ( 'NONE',  ( -0.1265117110087226326, 0.01507924023197730438, 0.01181102362204724393 ) ) ;
#865 = FILL_AREA_STYLE_COLOUR ( '', #651 ) ;
#866 = DIMENSIONAL_EXPONENTS ( 1.000000000000000000, 0.0000000000000000000, 0.0000000000000000000, 0.0000000000000000000, 0.0000000000000000000, 0.0000000000000000000, 0.0000000000000000000 ) ;
#867 =( GEOMETRIC_REPRESENTATION_CONTEXT ( 3 ) GLOBAL_UNCERTAINTY_ASSIGNED_CONTEXT ( ( #2751 ) ) GLOBAL_UNIT_ASSIGNED_CONTEXT ( ( #3970, #3330, #6654 ) ) REPRESENTATION_CONTEXT ( 'NONE', 'WORKASPACE' ) );
#868 = EDGE_CURVE ( 'NONE', #1251, #3513, #3019, .T. ) ;
#869 = DIRECTION ( 'NONE',  ( 0.0000000000000000000, 4.336808689942025132E-16, -1.000000000000000000 ) ) ;
#870 = STYLED_ITEM ( 'NONE', ( #4438 ), #5556 ) ;
#871 = LINE ( 'NONE', #1625, #1444 ) ;
#872 = STYLED_ITEM ( 'NONE', ( #570 ), #4559 ) ;
#873 = SURFACE_STYLE_FILL_AREA ( #2362 ) ;
#874 = EDGE_CURVE ( 'NONE', #4764, #5267, #7197, .T. ) ;
#875 = CARTESIAN_POINT ( 'NONE',  ( -0.1102370375520064921, 0.04724409448818897572, -0.05511811023622047168 ) ) ;
#876 = ORIENTED_EDGE ( 'NONE', *, *, #555, .T. ) ;
#877 =( NAMED_UNIT ( * ) SI_UNIT ( $, .STERADIAN. ) SOLID_ANGLE_UNIT ( ) );
#878 = ORIENTED_EDGE ( 'NONE', *, *, #3413, .F. ) ;
#879 = CARTESIAN_POINT ( 'NONE',  ( 0.0000000000000000000, 0.09448818897637795144, -0.02165354330708661734 ) ) ;
#880 = COLOUR_RGB ( '',0.7686274509803920907, 0.7686274509803920907, 0.7686274509803920907 ) ;
#881 = EDGE_CURVE ( 'NONE', #5576, #5212, #7108, .T. ) ;
#882 = ORIENTED_EDGE ( 'NONE', *, *, #1694, .F. ) ;
#883 = EDGE_CURVE ( 'NONE', #98, #1842, #5724, .T. ) ;
#884 = SURFACE_SIDE_STYLE ('',( #1597 ) ) ;
#885 =( LENGTH_UNIT ( ) NAMED_UNIT ( * ) SI_UNIT ( $, .METRE. ) );
#886 = FILL_AREA_STYLE ('',( #5654 ) ) ;
#887 = CIRCLE ( 'NONE', #1033, 0.003937007874015749712 ) ;
#888 = DIRECTION ( 'NONE',  ( 0.0000000000000000000, 0.0000000000000000000, -1.000000000000000000 ) ) ;
#889 = ORIENTED_EDGE ( 'NONE', *, *, #7453, .T. ) ;
#890 = ORIENTED_EDGE ( 'NONE', *, *, #6587, .F. ) ;
#891 = CARTESIAN_POINT ( 'NONE',  ( 0.1102370375520062978, 0.03937007874015747977, 0.06496062992125983815 ) ) ;
#892 = VERTEX_POINT ( 'NONE', #5196 ) ;
#893 =( NAMED_UNIT ( * ) PLANE_ANGLE_UNIT ( ) SI_UNIT ( $, .RADIAN. ) );
#894 = VECTOR ( 'NONE', #5759, 39.37007874015748143 ) ;
#895 = CARTESIAN_POINT ( 'NONE',  ( 0.1122047244094488277, 0.03937007874015747977, -0.07283464566929134798 ) ) ;
#896 = CARTESIAN_POINT ( 'NONE',  ( 0.1122047244094488277, 1.801168110546586844E-18, 0.04724409448818897572 ) ) ;
#897 = DIRECTION ( 'NONE',  ( 4.917492902039899224E-17, 1.000000000000000000, 0.0000000000000000000 ) ) ;
#898 = PRESENTATION_STYLE_ASSIGNMENT (( #8466 ) ) ;
#899 = FILL_AREA_STYLE_COLOUR ( '', #804 ) ;
#900 =( NAMED_UNIT ( * ) PLANE_ANGLE_UNIT ( ) SI_UNIT ( $, .RADIAN. ) );
#901 = ORIENTED_EDGE ( 'NONE', *, *, #5323, .F. ) ;
#902 = DIRECTION ( 'NONE',  ( 0.0000000000000000000, 0.0000000000000000000, 1.000000000000000000 ) ) ;
#903 =( LENGTH_UNIT ( ) NAMED_UNIT ( * ) SI_UNIT ( $, .METRE. ) );
#904 =( GEOMETRIC_REPRESENTATION_CONTEXT ( 3 ) GLOBAL_UNCERTAINTY_ASSIGNED_CONTEXT ( ( #5597 ) ) GLOBAL_UNIT_ASSIGNED_CONTEXT ( ( #1110, #2279, #5023 ) ) REPRESENTATION_CONTEXT ( 'NONE', 'WORKASPACE' ) );
#905 = PLANE ( 'NONE',  #1574 ) ;
#906 = DIRECTION ( 'NONE',  ( -0.0000000000000000000, 1.000000000000000000, 0.0000000000000000000 ) ) ;
#907 =( NAMED_UNIT ( * ) PLANE_ANGLE_UNIT ( ) SI_UNIT ( $, .RADIAN. ) );
#908 = DIRECTION ( 'NONE',  ( 0.0000000000000000000, 4.336808689942025132E-16, -1.000000000000000000 ) ) ;
#909 = UNCERTAINTY_MEASURE_WITH_UNIT (LENGTH_MEASURE( 1.000000000000000082E-05 ), #4344, 'distance_accuracy_value', 'NONE');
#910 = FACE_OUTER_BOUND ( 'NONE', #400, .T. ) ;
#911 = VECTOR ( 'NONE', #1591, 39.37007874015748143 ) ;
#912 = DIRECTION ( 'NONE',  ( -1.000000000000000000, 0.0000000000000000000, 0.0000000000000000000 ) ) ;
#913 = LINE ( 'NONE', #7738, #6517 ) ;
#914 = COLOUR_RGB ( '',0.7686274509803920907, 0.7686274509803920907, 0.7686274509803920907 ) ;
#915 = VECTOR ( 'NONE', #5347, 39.37007874015748143 ) ;
#916 = CARTESIAN_POINT ( 'NONE',  ( 0.04527559055118110520, 0.09842519685039370636, -0.02165354330708661734 ) ) ;
#917 = FILL_AREA_STYLE ('',( #6316 ) ) ;
#918 = ORIENTED_EDGE ( 'NONE', *, *, #2319, .T. ) ;
#919 = DIRECTION ( 'NONE',  ( -1.000000000000000000, 0.0000000000000000000, 0.0000000000000000000 ) ) ;
#920 = ORIENTED_EDGE ( 'NONE', *, *, #4740, .F. ) ;
#921 = DIRECTION ( 'NONE',  ( 0.0000000000000000000, 0.0000000000000000000, -1.000000000000000000 ) ) ;
#922 =( GEOMETRIC_REPRESENTATION_CONTEXT ( 3 ) GLOBAL_UNCERTAINTY_ASSIGNED_CONTEXT ( ( #2548 ) ) GLOBAL_UNIT_ASSIGNED_CONTEXT ( ( #8634, #810, #7124 ) ) REPRESENTATION_CONTEXT ( 'NONE', 'WORKASPACE' ) );
#923 = ORIENTED_EDGE ( 'NONE', *, *, #3137, .T. ) ;
#924 = EDGE_CURVE ( 'NONE', #7027, #350, #913, .T. ) ;
#925 = DIRECTION ( 'NONE',  ( 0.0000000000000000000, 0.0000000000000000000, -1.000000000000000000 ) ) ;
#926 = FACE_OUTER_BOUND ( 'NONE', #403, .T. ) ;
#927 =( NAMED_UNIT ( * ) PLANE_ANGLE_UNIT ( ) SI_UNIT ( $, .RADIAN. ) );
#928 = MECHANICAL_DESIGN_GEOMETRIC_PRESENTATION_REPRESENTATION (  '', ( #7796 ), #1494 ) ;
#929 = ADVANCED_FACE ( 'NONE', ( #1586 ), #3808, .T. ) ;
#930 = EDGE_CURVE ( 'NONE', #8159, #2811, #7906, .T. ) ;
#931 = ADVANCED_FACE ( 'NONE', ( #3938 ), #4063, .F. ) ;
#932 = ORIENTED_EDGE ( 'NONE', *, *, #7467, .T. ) ;
#933 = LENGTH_MEASURE_WITH_UNIT ( LENGTH_MEASURE( 0.02539999999999999897 ), #8459 );
#934 = VERTEX_POINT ( 'NONE', #3160 ) ;
#935 = FILL_AREA_STYLE ('',( #2383 ) ) ;
#936 = CIRCLE ( 'NONE', #5961, 0.003937007874015749712 ) ;
#937 = COLOUR_RGB ( '',0.2980392156862745057, 0.2980392156862745057, 0.2980392156862745057 ) ;
#938 = PRESENTATION_LAYER_ASSIGNMENT (  '', '', ( #3239 ) ) ;
#939 = CYLINDRICAL_SURFACE ( 'NONE', #8011, 0.007874015748031495954 ) ;
#940 = LENGTH_MEASURE_WITH_UNIT ( LENGTH_MEASURE( 0.02539999999999999897 ), #7171 );
#941 = LINE ( 'NONE', #4955, #5972 ) ;
#942 = FILL_AREA_STYLE_COLOUR ( '', #4800 ) ;
#943 = EDGE_CURVE ( 'NONE', #3599, #1217, #1814, .T. ) ;
#944 = VECTOR ( 'NONE', #902, 39.37007874015748143 ) ;
#945 = VECTOR ( 'NONE', #6082, 39.37007874015748143 ) ;
#946 = MECHANICAL_DESIGN_GEOMETRIC_PRESENTATION_REPRESENTATION (  '', ( #1503 ), #5398 ) ;
#947 = ORIENTED_EDGE ( 'NONE', *, *, #1480, .F. ) ;
#948 = ORIENTED_EDGE ( 'NONE', *, *, #6031, .T. ) ;
#949 = PLANE ( 'NONE',  #803 ) ;
#950 =( BOUNDED_SURFACE ( )  B_SPLINE_SURFACE ( 3, 2, ( 
 ( #5839, #2254, #3044 ),
 ( #5788, #318, #7216 ),
 ( #7883, #8566, #5137 ),
 ( #4448, #7138, #229 ) ),
 .UNSPECIFIED., .F., .F., .T. ) 
 B_SPLINE_SURFACE_WITH_KNOTS ( ( 4, 4 ),
 ( 3, 3 ),
 ( 5.556410252859889987, 7.009960361499279813 ),
 ( 0.0000000000000000000, 1.000000000000000000 ),
 .UNSPECIFIED. ) 
 GEOMETRIC_REPRESENTATION_ITEM ( )  RATIONAL_B_SPLINE_SURFACE ( (
 ( 1.000000000000000000, 0.8191520442889920206, 1.000000000000000000),
 ( 1.000000000000000000, 0.8650791541936180273, 1.000000000000000000),
 ( 1.000000000000000000, 0.8650791541936190265, 1.000000000000000000),
 ( 1.000000000000000000, 0.8191520442889910214, 1.000000000000000000) ) ) 
 REPRESENTATION_ITEM ( '' )  SURFACE ( )  );
#951 = UNCERTAINTY_MEASURE_WITH_UNIT (LENGTH_MEASURE( 1.000000000000000082E-05 ), #3746, 'distance_accuracy_value', 'NONE');
#952 =( GEOMETRIC_REPRESENTATION_CONTEXT ( 3 ) GLOBAL_UNCERTAINTY_ASSIGNED_CONTEXT ( ( #2828 ) ) GLOBAL_UNIT_ASSIGNED_CONTEXT ( ( #816, #2346, #96 ) ) REPRESENTATION_CONTEXT ( 'NONE', 'WORKASPACE' ) );
#953 = COLOUR_RGB ( '',0.2980392156862745057, 0.2980392156862745057, 0.2980392156862745057 ) ;
#954 = LENGTH_MEASURE_WITH_UNIT ( LENGTH_MEASURE( 0.02539999999999999897 ), #3614 );
#955 = LENGTH_MEASURE_WITH_UNIT ( LENGTH_MEASURE( 0.02539999999999999897 ), #1755 );
#956 = FILL_AREA_STYLE_COLOUR ( '', #7400 ) ;
#957 = PLANE ( 'NONE',  #5962 ) ;
#958 = AXIS2_PLACEMENT_3D ( 'NONE', #8695, #4589, #395 ) ;
#959 = MECHANICAL_DESIGN_GEOMETRIC_PRESENTATION_REPRESENTATION (  '', ( #3103 ), #5130 ) ;
#960 =( CONVERSION_BASED_UNIT ( 'INCH', #6349 ) LENGTH_UNIT ( ) NAMED_UNIT ( #3421 ) );
#961 = PRESENTATION_STYLE_ASSIGNMENT (( #4513 ) ) ;
#962 = FILL_AREA_STYLE_COLOUR ( '', #2059 ) ;
#963 = CARTESIAN_POINT ( 'NONE',  ( -0.1102370375520064921, 0.04724409448818897572, 0.05511811023622047168 ) ) ;
#964 = ORIENTED_EDGE ( 'NONE', *, *, #5931, .T. ) ;
#965 = SURFACE_SIDE_STYLE ('',( #7109 ) ) ;
#966 =( LENGTH_UNIT ( ) NAMED_UNIT ( * ) SI_UNIT ( $, .METRE. ) );
#967 =( CONVERSION_BASED_UNIT ( 'INCH', #7114 ) LENGTH_UNIT ( ) NAMED_UNIT ( #7477 ) );
#968 = ORIENTED_EDGE ( 'NONE', *, *, #4945, .T. ) ;
#969 = DIRECTION ( 'NONE',  ( -1.000000000000000000, 5.312590645178966993E-15, 0.0000000000000000000 ) ) ;
#970 =( NAMED_UNIT ( * ) PLANE_ANGLE_UNIT ( ) SI_UNIT ( $, .RADIAN. ) );
#971 =( LENGTH_UNIT ( ) NAMED_UNIT ( * ) SI_UNIT ( $, .METRE. ) );
#972 = ORIENTED_EDGE ( 'NONE', *, *, #707, .T. ) ;
#973 = CIRCLE ( 'NONE', #829, 0.003937007874015746242 ) ;
#974 =( LENGTH_UNIT ( ) NAMED_UNIT ( * ) SI_UNIT ( $, .METRE. ) );
#975 = VERTEX_POINT ( 'NONE', #1861 ) ;
#976 = CARTESIAN_POINT ( 'NONE',  ( 0.0000000000000000000, 0.03543307086614173873, 0.06889763779527559306 ) ) ;
#977 = DIRECTION ( 'NONE',  ( 2.344220913482170177E-16, 1.606225440719264641E-16, -1.000000000000000000 ) ) ;
#978 = CARTESIAN_POINT ( 'NONE',  ( 0.04527559055118110520, 0.09448818897637795144, 0.01771653543307086937 ) ) ;
#979 = ADVANCED_FACE ( 'NONE', ( #7377 ), #465, .F. ) ;
#980 = LINE ( 'NONE', #1123, #8339 ) ;
#981 = EDGE_LOOP ( 'NONE', ( #4909, #1794, #1465, #1592 ) ) ;
#982 = CARTESIAN_POINT ( 'NONE',  ( -0.1200787401574803237, 0.01968503937007873988, 0.04724409448818897572 ) ) ;
#983 = ORIENTED_EDGE ( 'NONE', *, *, #5811, .F. ) ;
#984 = CARTESIAN_POINT ( 'NONE',  ( 0.1316260342594181287, 0.01212648432646549340, 0.01181102362204724393 ) ) ;
#985 = MECHANICAL_DESIGN_GEOMETRIC_PRESENTATION_REPRESENTATION (  '', ( #1691 ), #5717 ) ;
#986 =( NAMED_UNIT ( * ) PLANE_ANGLE_UNIT ( ) SI_UNIT ( $, .RADIAN. ) );
#987 = STYLED_ITEM ( 'NONE', ( #2019 ), #3302 ) ;
#988 = DIRECTION ( 'NONE',  ( 0.0000000000000000000, 1.000000000000000000, 0.0000000000000000000 ) ) ;
#989 = DIRECTION ( 'NONE',  ( 0.0000000000000000000, 0.0000000000000000000, 1.000000000000000000 ) ) ;
#990 = EDGE_CURVE ( 'NONE', #3928, #8810, #5594, .T. ) ;
#991 = VERTEX_POINT ( 'NONE', #825 ) ;
#992 = LENGTH_MEASURE_WITH_UNIT ( LENGTH_MEASURE( 0.02539999999999999897 ), #817 );
#993 = ORIENTED_EDGE ( 'NONE', *, *, #493, .F. ) ;
#994 = CIRCLE ( 'NONE', #1275, 0.003937007874015749712 ) ;
#995 = APPLICATION_PROTOCOL_DEFINITION ( 'draft international standard', 'automotive_design', 1998, #8163 ) ;
#996 = EDGE_CURVE ( 'NONE', #7093, #479, #690, .T. ) ;
#997 = EDGE_CURVE ( 'NONE', #1329, #6925, #144, .T. ) ;
#998 =( LENGTH_UNIT ( ) NAMED_UNIT ( * ) SI_UNIT ( $, .METRE. ) );
#999 = PLANE ( 'NONE',  #1032 ) ;
#1000 = CARTESIAN_POINT ( 'NONE',  ( 0.1200787401574803237, 0.01574803149606299191, 0.05118110236220473064 ) ) ;
#1001 = VECTOR ( 'NONE', #1500, 39.37007874015748143 ) ;
#1002 = FILL_AREA_STYLE_COLOUR ( '', #4245 ) ;
#1003 = DIRECTION ( 'NONE',  ( -1.000000000000000000, 0.0000000000000000000, 0.0000000000000000000 ) ) ;
#1004 = FILL_AREA_STYLE ('',( #3662 ) ) ;
#1005 =( GEOMETRIC_REPRESENTATION_CONTEXT ( 3 ) GLOBAL_UNCERTAINTY_ASSIGNED_CONTEXT ( ( #2584 ) ) GLOBAL_UNIT_ASSIGNED_CONTEXT ( ( #4767, #6285, #2009 ) ) REPRESENTATION_CONTEXT ( 'NONE', 'WORKASPACE' ) );
#1006 = CARTESIAN_POINT ( 'NONE',  ( -0.1102370375520064921, 0.04724409448818897572, -0.05511811023622047168 ) ) ;
#1007 = SURFACE_STYLE_FILL_AREA ( #5857 ) ;
#1008 = FACE_OUTER_BOUND ( 'NONE', #7115, .T. ) ;
#1009 = DIRECTION ( 'NONE',  ( -1.000000000000000000, 0.0000000000000000000, 0.0000000000000000000 ) ) ;
#1010 = AXIS2_PLACEMENT_3D ( 'NONE', #2045, #5715, #4277 ) ;
#1011 = ORIENTED_EDGE ( 'NONE', *, *, #5073, .T. ) ;
#1012 = CARTESIAN_POINT ( 'NONE',  ( 0.1122047244094488277, 0.0000000000000000000, -0.07283464566929134798 ) ) ;
#1013 = FILL_AREA_STYLE ('',( #6576 ) ) ;
#1014 = SURFACE_SIDE_STYLE ('',( #8407 ) ) ;
#1015 = LENGTH_MEASURE_WITH_UNIT ( LENGTH_MEASURE( 0.02539999999999999897 ), #8682 );
#1016 = ORIENTED_EDGE ( 'NONE', *, *, #7678, .F. ) ;
#1017 = PRESENTATION_LAYER_ASSIGNMENT (  '', '', ( #872 ) ) ;
#1018 =( CONVERSION_BASED_UNIT ( 'INCH', #1300 ) LENGTH_UNIT ( ) NAMED_UNIT ( #1189 ) );
#1019 = DIRECTION ( 'NONE',  ( 1.000000000000000000, 0.0000000000000000000, 0.0000000000000000000 ) ) ;
#1020 = LINE ( 'NONE', #7162, #1515 ) ;
#1021 = FACE_OUTER_BOUND ( 'NONE', #4349, .T. ) ;
#1022 =( NAMED_UNIT ( * ) SI_UNIT ( $, .STERADIAN. ) SOLID_ANGLE_UNIT ( ) );
#1023 = FACE_OUTER_BOUND ( 'NONE', #2511, .T. ) ;
#1024 = COLOUR_RGB ( '',0.7686274509803920907, 0.7686274509803920907, 0.7686274509803920907 ) ;
#1025 = AXIS2_PLACEMENT_3D ( 'NONE', #5912, #6581, #7307 ) ;
#1026 = CARTESIAN_POINT ( 'NONE',  ( 0.05314960629921260116, 0.2164041264863913738, -0.01771653543307086937 ) ) ;
#1027 = ORIENTED_EDGE ( 'NONE', *, *, #3242, .F. ) ;
#1028 = SURFACE_SIDE_STYLE ('',( #7971 ) ) ;
#1029 = ORIENTED_EDGE ( 'NONE', *, *, #2152, .T. ) ;
#1030 = FILL_AREA_STYLE ('',( #4310 ) ) ;
#1031 = CARTESIAN_POINT ( 'NONE',  ( 0.04527559055118110520, 0.2164041264863913738, 0.01771653543307086937 ) ) ;
#1032 = AXIS2_PLACEMENT_3D ( 'NONE', #3053, #4364, #6474 ) ;
#1033 = AXIS2_PLACEMENT_3D ( 'NONE', #335, #1713, #7060 ) ;
#1034 = FILL_AREA_STYLE ('',( #6420 ) ) ;
#1035 = LINE ( 'NONE', #6373, #8679 ) ;
#1036 = PRESENTATION_STYLE_ASSIGNMENT (( #7760 ) ) ;
#1037 = SURFACE_STYLE_FILL_AREA ( #1887 ) ;
#1038 = EDGE_LOOP ( 'NONE', ( #8797, #6196, #1570, #8612 ) ) ;
#1039 =( NAMED_UNIT ( * ) SI_UNIT ( $, .STERADIAN. ) SOLID_ANGLE_UNIT ( ) );
#1040 = ORIENTED_EDGE ( 'NONE', *, *, #4065, .F. ) ;
#1041 = AXIS2_PLACEMENT_3D ( 'NONE', #8067, #7405, #1927 ) ;
#1042 =( CONVERSION_BASED_UNIT ( 'INCH', #859 ) LENGTH_UNIT ( ) NAMED_UNIT ( #6470 ) );
#1043 = UNCERTAINTY_MEASURE_WITH_UNIT (LENGTH_MEASURE( 1.000000000000000082E-05 ), #5739, 'distance_accuracy_value', 'NONE');
#1044 =( NAMED_UNIT ( * ) SI_UNIT ( $, .STERADIAN. ) SOLID_ANGLE_UNIT ( ) );
#1045 = EDGE_CURVE ( 'NONE', #4833, #1888, #4191, .T. ) ;
#1046 = FILL_AREA_STYLE_COLOUR ( '', #7169 ) ;
#1047 = DIRECTION ( 'NONE',  ( 1.000000000000000000, 0.0000000000000000000, 0.0000000000000000000 ) ) ;
#1048 = DIRECTION ( 'NONE',  ( 0.0000000000000000000, -1.000000000000000000, 0.0000000000000000000 ) ) ;
#1049 = EDGE_CURVE ( 'NONE', #262, #6916, #6172, .T. ) ;
#1050 = SURFACE_SIDE_STYLE ('',( #8439 ) ) ;
#1051 = UNCERTAINTY_MEASURE_WITH_UNIT (LENGTH_MEASURE( 1.000000000000000082E-05 ), #1860, 'distance_accuracy_value', 'NONE');
#1052 =( NAMED_UNIT ( * ) SI_UNIT ( $, .STERADIAN. ) SOLID_ANGLE_UNIT ( ) );
#1053 = DIRECTION ( 'NONE',  ( -0.3236155771181853935, 0.8891264907159878161, 0.3236155771181853935 ) ) ;
#1054 = VECTOR ( 'NONE', #5534, 39.37007874015748143 ) ;
#1055 = DIRECTION ( 'NONE',  ( 0.0000000000000000000, 0.0000000000000000000, 1.000000000000000000 ) ) ;
#1056 = ORIENTED_EDGE ( 'NONE', *, *, #1870, .F. ) ;
#1057 = DIRECTION ( 'NONE',  ( 0.3236155771181850049, -0.8891264907159880382, 0.3236155771181855045 ) ) ;
#1058 = DIRECTION ( 'NONE',  ( 0.0000000000000000000, 0.0000000000000000000, -1.000000000000000000 ) ) ;
#1059 = ORIENTED_EDGE ( 'NONE', *, *, #6041, .F. ) ;
#1060 = CIRCLE ( 'NONE', #2504, 0.003937007874015749712 ) ;
#1061 = DIRECTION ( 'NONE',  ( -1.000000000000000000, 0.0000000000000000000, 0.0000000000000000000 ) ) ;
#1062 = DIRECTION ( 'NONE',  ( 0.0000000000000000000, 0.0000000000000000000, -1.000000000000000000 ) ) ;
#1063 = LINE ( 'NONE', #6361, #4180 ) ;
#1064 = PRESENTATION_STYLE_ASSIGNMENT (( #3814 ) ) ;
#1065 = DIRECTION ( 'NONE',  ( 1.000000000000000000, 0.0000000000000000000, 0.0000000000000000000 ) ) ;
#1066 = CARTESIAN_POINT ( 'NONE',  ( -0.09805920168340709342, 0.04135943069846637066, -0.05242554140090897874 ) ) ;
#1067 = PRESENTATION_LAYER_ASSIGNMENT (  '', '', ( #2779 ) ) ;
#1068 = DIRECTION ( 'NONE',  ( 0.0000000000000000000, 0.0000000000000000000, -1.000000000000000000 ) ) ;
#1069 = ORIENTED_EDGE ( 'NONE', *, *, #883, .T. ) ;
#1070 =( NAMED_UNIT ( * ) SI_UNIT ( $, .STERADIAN. ) SOLID_ANGLE_UNIT ( ) );
#1071 = ORIENTED_EDGE ( 'NONE', *, *, #3457, .F. ) ;
#1072 = CYLINDRICAL_SURFACE ( 'NONE', #958, 0.003937007874015749712 ) ;
#1073 = CARTESIAN_POINT ( 'NONE',  ( -0.09205169163721221848, 0.03926747862213775253, -0.04480759714902362439 ) ) ;
#1074 = MECHANICAL_DESIGN_GEOMETRIC_PRESENTATION_REPRESENTATION (  '', ( #498 ), #3949 ) ;
#1075 = DIRECTION ( 'NONE',  ( 0.9396926207859080948, 0.3420201433256695456, 0.0000000000000000000 ) ) ;
#1076 = DIRECTION ( 'NONE',  ( 1.000000000000000000, 0.0000000000000000000, 0.0000000000000000000 ) ) ;
#1077 = DIRECTION ( 'NONE',  ( 0.0000000000000000000, 0.0000000000000000000, 1.000000000000000000 ) ) ;
#1078 = ORIENTED_EDGE ( 'NONE', *, *, #4068, .F. ) ;
#1079 = DIRECTION ( 'NONE',  ( 0.0000000000000000000, 1.606225440719264641E-16, -1.000000000000000000 ) ) ;
#1080 = MECHANICAL_DESIGN_GEOMETRIC_PRESENTATION_REPRESENTATION (  '', ( #1941 ), #6950 ) ;
#1081 = PRESENTATION_STYLE_ASSIGNMENT (( #533 ) ) ;
#1082 = ORIENTED_EDGE ( 'NONE', *, *, #2848, .T. ) ;
#1083 = SURFACE_STYLE_USAGE ( .BOTH. , #5045 ) ;
#1084 = ORIENTED_EDGE ( 'NONE', *, *, #4566, .T. ) ;
#1085 = SURFACE_SIDE_STYLE ('',( #3742 ) ) ;
#1086 = CARTESIAN_POINT ( 'NONE',  ( -0.1003937007874015908, 0.03937007874015747977, 0.05314960629921260116 ) ) ;
#1087 = FACE_OUTER_BOUND ( 'NONE', #4616, .T. ) ;
#1088 = FACE_OUTER_BOUND ( 'NONE', #2484, .T. ) ;
#1089 = VECTOR ( 'NONE', #1048, 39.37007874015748143 ) ;
#1090 = VECTOR ( 'NONE', #5584, 39.37007874015748143 ) ;
#1091 =( GEOMETRIC_REPRESENTATION_CONTEXT ( 3 ) GLOBAL_UNCERTAINTY_ASSIGNED_CONTEXT ( ( #8388 ) ) GLOBAL_UNIT_ASSIGNED_CONTEXT ( ( #4841, #733, #7470 ) ) REPRESENTATION_CONTEXT ( 'NONE', 'WORKASPACE' ) );
#1092 = FACE_OUTER_BOUND ( 'NONE', #567, .T. ) ;
#1093 = LENGTH_MEASURE_WITH_UNIT ( LENGTH_MEASURE( 0.02539999999999999897 ), #6769 );
#1094 = LINE ( 'NONE', #3790, #3388 ) ;
#1095 = UNCERTAINTY_MEASURE_WITH_UNIT (LENGTH_MEASURE( 1.000000000000000082E-05 ), #2623, 'distance_accuracy_value', 'NONE');
#1096 = LINE ( 'NONE', #2165, #6130 ) ;
#1097 = ADVANCED_FACE ( 'NONE', ( #8219, #4840 ), #3392, .T. ) ;
#1098 = FILL_AREA_STYLE_COLOUR ( '', #629 ) ;
#1099 = VECTOR ( 'NONE', #3737, 39.37007874015748143 ) ;
#1100 = AXIS2_PLACEMENT_3D ( 'NONE', #279, #7088, #2870 ) ;
#1101 =( GEOMETRIC_REPRESENTATION_CONTEXT ( 3 ) GLOBAL_UNCERTAINTY_ASSIGNED_CONTEXT ( ( #8573 ) ) GLOBAL_UNIT_ASSIGNED_CONTEXT ( ( #7853, #3287, #5349 ) ) REPRESENTATION_CONTEXT ( 'NONE', 'WORKASPACE' ) );
#1102 = FILL_AREA_STYLE_COLOUR ( '', #1024 ) ;
#1103 = EDGE_CURVE ( 'NONE', #703, #8458, #6788, .T. ) ;
#1104 = SURFACE_SIDE_STYLE ('',( #1007 ) ) ;
#1105 = PRESENTATION_LAYER_ASSIGNMENT (  '', '', ( #3838 ) ) ;
#1106 = UNCERTAINTY_MEASURE_WITH_UNIT (LENGTH_MEASURE( 1.000000000000000082E-05 ), #2852, 'distance_accuracy_value', 'NONE');
#1107 = VERTEX_POINT ( 'NONE', #2839 ) ;
#1108 = EDGE_CURVE ( 'NONE', #2813, #3852, #220, .T. ) ;
#1109 = DIRECTION ( 'NONE',  ( 0.0000000000000000000, 1.000000000000000000, 0.0000000000000000000 ) ) ;
#1110 =( CONVERSION_BASED_UNIT ( 'INCH', #3673 ) LENGTH_UNIT ( ) NAMED_UNIT ( #1813 ) );
#1111 = FILL_AREA_STYLE ('',( #3028 ) ) ;
#1112 = ORIENTED_EDGE ( 'NONE', *, *, #1537, .F. ) ;
#1113 = AXIS2_PLACEMENT_3D ( 'NONE', #8174, #634, #7375 ) ;
#1114 = EDGE_CURVE ( 'NONE', #7284, #7571, #188, .T. ) ;
#1115 = EDGE_CURVE ( 'NONE', #1329, #8071, #2916, .T. ) ;
#1116 = SURFACE_STYLE_FILL_AREA ( #5778 ) ;
#1117 = DIRECTION ( 'NONE',  ( 1.000000000000000000, 4.917492902039899224E-17, 0.0000000000000000000 ) ) ;
#1118 = CARTESIAN_POINT ( 'NONE',  ( 0.1102370375520064921, 0.03149606299212598381, -0.06496062992125983815 ) ) ;
#1119 = DIRECTION ( 'NONE',  ( -1.000000000000000000, 0.0000000000000000000, 1.084202172485503694E-16 ) ) ;
#1120 = DIRECTION ( 'NONE',  ( 0.0000000000000000000, 0.0000000000000000000, -1.000000000000000000 ) ) ;
#1121 = CARTESIAN_POINT ( 'NONE',  ( -0.1003937007874015908, 0.04330708661417323468, 0.05590632889058937127 ) ) ;
#1122 = CIRCLE ( 'NONE', #3419, 0.001968503937007879193 ) ;
#1123 = CARTESIAN_POINT ( 'NONE',  ( 0.04527559055118110520, 0.09842519685039370636, 0.02165354330708661734 ) ) ;
#1124 = ORIENTED_EDGE ( 'NONE', *, *, #7877, .T. ) ;
#1125 = ORIENTED_EDGE ( 'NONE', *, *, #597, .T. ) ;
#1126 = CARTESIAN_POINT ( 'NONE',  ( 0.1594488188976377896, -0.001968503937007873988, 0.01181102362204724393 ) ) ;
#1127 = SURFACE_SIDE_STYLE ('',( #351 ) ) ;
#1128 = SURFACE_SIDE_STYLE ('',( #7403 ) ) ;
#1129 =( NAMED_UNIT ( * ) PLANE_ANGLE_UNIT ( ) SI_UNIT ( $, .RADIAN. ) );
#1130 = ORIENTED_EDGE ( 'NONE', *, *, #2915, .F. ) ;
#1131 = LINE ( 'NONE', #2049, #6268 ) ;
#1132 = VECTOR ( 'NONE', #3856, 39.37007874015748143 ) ;
#1133 = VERTEX_POINT ( 'NONE', #2967 ) ;
#1134 = DIMENSIONAL_EXPONENTS ( 1.000000000000000000, 0.0000000000000000000, 0.0000000000000000000, 0.0000000000000000000, 0.0000000000000000000, 0.0000000000000000000, 0.0000000000000000000 ) ;
#1135 = CARTESIAN_POINT ( 'NONE',  ( -0.09575126888440081696, 0.04196055061682803233, 0.05220675164340077973 ) ) ;
#1136 = PRESENTATION_LAYER_ASSIGNMENT (  '', '', ( #2845 ) ) ;
#1137 = UNCERTAINTY_MEASURE_WITH_UNIT (LENGTH_MEASURE( 1.000000000000000082E-05 ), #7229, 'distance_accuracy_value', 'NONE');
#1138 = CARTESIAN_POINT ( 'NONE',  ( 0.0000000000000000000, 0.03149606299212598381, 0.06496062992125983815 ) ) ;
#1139 = PLANE ( 'NONE',  #6816 ) ;
#1140 =( NAMED_UNIT ( * ) PLANE_ANGLE_UNIT ( ) SI_UNIT ( $, .RADIAN. ) );
#1141 = LINE ( 'NONE', #2489, #6107 ) ;
#1142 = AXIS2_PLACEMENT_3D ( 'NONE', #4052, #5401, #6777 ) ;
#1143 = ORIENTED_EDGE ( 'NONE', *, *, #5564, .F. ) ;
#1144 =( NAMED_UNIT ( * ) SI_UNIT ( $, .STERADIAN. ) SOLID_ANGLE_UNIT ( ) );
#1145 = CARTESIAN_POINT ( 'NONE',  ( -0.1431733283613561003, -0.001968503937007873988, -0.01181102362204724393 ) ) ;
#1146 = UNCERTAINTY_MEASURE_WITH_UNIT (LENGTH_MEASURE( 1.000000000000000082E-05 ), #5682, 'distance_accuracy_value', 'NONE');
#1147 = FILL_AREA_STYLE_COLOUR ( '', #880 ) ;
#1148 = DIRECTION ( 'NONE',  ( -2.168404344971010347E-16, 0.0000000000000000000, -1.000000000000000000 ) ) ;
#1149 = SURFACE_STYLE_FILL_AREA ( #5365 ) ;
#1150 = LINE ( 'NONE', #6572, #4379 ) ;
#1151 = ORIENTED_EDGE ( 'NONE', *, *, #1585, .T. ) ;
#1152 = LENGTH_MEASURE_WITH_UNIT ( LENGTH_MEASURE( 0.02539999999999999897 ), #4617 );
#1153 = CARTESIAN_POINT ( 'NONE',  ( 0.1431733283613561003, -0.001968503937007873988, -0.01181102362204724393 ) ) ;
#1154 = VECTOR ( 'NONE', #3032, 39.37007874015748143 ) ;
#1155 = ORIENTED_EDGE ( 'NONE', *, *, #5206, .T. ) ;
#1156 = CARTESIAN_POINT ( 'NONE',  ( 0.1161417322834645688, 0.01968503937007873988, -0.06889763779527559306 ) ) ;
#1157 = EDGE_CURVE ( 'NONE', #5037, #5301, #5673, .T. ) ;
#1158 = COLOUR_RGB ( '',1.000000000000000000, 1.000000000000000000, 1.000000000000000000 ) ;
#1159 = LINE ( 'NONE', #8688, #6953 ) ;
#1160 = LINE ( 'NONE', #5914, #2741 ) ;
#1161 = FILL_AREA_STYLE ('',( #520 ) ) ;
#1162 = FILL_AREA_STYLE_COLOUR ( '', #4632 ) ;
#1163 = EDGE_CURVE ( 'NONE', #1917, #8445, #5848, .T. ) ;
#1164 = ORIENTED_EDGE ( 'NONE', *, *, #1532, .F. ) ;
#1165 = PRESENTATION_STYLE_ASSIGNMENT (( #7210 ) ) ;
#1166 = ORIENTED_EDGE ( 'NONE', *, *, #1919, .T. ) ;
#1167 = FACE_OUTER_BOUND ( 'NONE', #1790, .T. ) ;
#1168 =( GEOMETRIC_REPRESENTATION_CONTEXT ( 3 ) GLOBAL_UNCERTAINTY_ASSIGNED_CONTEXT ( ( #3113 ) ) GLOBAL_UNIT_ASSIGNED_CONTEXT ( ( #5628, #1565, #2068 ) ) REPRESENTATION_CONTEXT ( 'NONE', 'WORKASPACE' ) );
#1169 = CARTESIAN_POINT ( 'NONE',  ( 0.07605369873274114845, 0.09607917982663662093, 0.03250918149174097938 ) ) ;
#1170 = SURFACE_SIDE_STYLE ('',( #4768 ) ) ;
#1171 = DIRECTION ( 'NONE',  ( -0.0000000000000000000, 1.000000000000000000, 0.0000000000000000000 ) ) ;
#1172 = STYLED_ITEM ( 'NONE', ( #1685 ), #5508 ) ;
#1173 = AXIS2_PLACEMENT_3D ( 'NONE', #3077, #6408, #2334 ) ;
#1174 =( NAMED_UNIT ( * ) SI_UNIT ( $, .STERADIAN. ) SOLID_ANGLE_UNIT ( ) );
#1175 = ORIENTED_EDGE ( 'NONE', *, *, #1881, .F. ) ;
#1176 =( CONVERSION_BASED_UNIT ( 'INCH', #5221 ) LENGTH_UNIT ( ) NAMED_UNIT ( #3367 ) );
#1177 = CARTESIAN_POINT ( 'NONE',  ( 0.08617334877031732066, 0.06692913385826770867, -0.03892925428212862249 ) ) ;
#1178 = EDGE_LOOP ( 'NONE', ( #609, #8099, #7626, #1420 ) ) ;
#1179 = CARTESIAN_POINT ( 'NONE',  ( -0.1414685539444577034, 0.002952755905511810983, -0.01181102362204724393 ) ) ;
#1180 = ORIENTED_EDGE ( 'NONE', *, *, #6382, .T. ) ;
#1181 = PRESENTATION_LAYER_ASSIGNMENT (  '', '', ( #2181 ) ) ;
#1182 = DIRECTION ( 'NONE',  ( 1.000000000000000000, -4.917492902039890596E-17, 0.0000000000000000000 ) ) ;
#1183 = AXIS2_PLACEMENT_3D ( 'NONE', #3084, #1068, #8596 ) ;
#1184 = CARTESIAN_POINT ( 'NONE',  ( 0.04527559055118110520, 0.2164041264863913738, 0.02559055118110236532 ) ) ;
#1185 = VECTOR ( 'NONE', #5050, 39.37007874015748143 ) ;
#1186 = ORIENTED_EDGE ( 'NONE', *, *, #6908, .T. ) ;
#1187 = FILL_AREA_STYLE ('',( #8711 ) ) ;
#1188 =( CONVERSION_BASED_UNIT ( 'INCH', #3978 ) LENGTH_UNIT ( ) NAMED_UNIT ( #2574 ) );
#1189 = DIMENSIONAL_EXPONENTS ( 1.000000000000000000, 0.0000000000000000000, 0.0000000000000000000, 0.0000000000000000000, 0.0000000000000000000, 0.0000000000000000000, 0.0000000000000000000 ) ;
#1190 =( NAMED_UNIT ( * ) PLANE_ANGLE_UNIT ( ) SI_UNIT ( $, .RADIAN. ) );
#1191 = UNCERTAINTY_MEASURE_WITH_UNIT (LENGTH_MEASURE( 1.000000000000000082E-05 ), #646, 'distance_accuracy_value', 'NONE');
#1192 = EDGE_LOOP ( 'NONE', ( #7082, #6368, #5310, #6530 ) ) ;
#1193 = STYLED_ITEM ( 'NONE', ( #2724 ), #166 ) ;
#1194 = DIRECTION ( 'NONE',  ( 0.0000000000000000000, 0.0000000000000000000, 1.000000000000000000 ) ) ;
#1195 =( NAMED_UNIT ( * ) SI_UNIT ( $, .STERADIAN. ) SOLID_ANGLE_UNIT ( ) );
#1196 = ORIENTED_EDGE ( 'NONE', *, *, #5990, .F. ) ;
#1197 = ADVANCED_FACE ( 'NONE', ( #5716 ), #7765, .F. ) ;
#1198 = ORIENTED_EDGE ( 'NONE', *, *, #7893, .T. ) ;
#1199 =( CONVERSION_BASED_UNIT ( 'INCH', #2342 ) LENGTH_UNIT ( ) NAMED_UNIT ( #39 ) );
#1200 = ADVANCED_FACE ( 'NONE', ( #290 ), #5799, .F. ) ;
#1201 = EDGE_CURVE ( 'NONE', #8811, #7450, #1851, .T. ) ;
#1202 = SURFACE_STYLE_USAGE ( .BOTH. , #1128 ) ;
#1203 = PRESENTATION_STYLE_ASSIGNMENT (( #1980 ) ) ;
#1204 = ORIENTED_EDGE ( 'NONE', *, *, #538, .T. ) ;
#1205 = SURFACE_STYLE_FILL_AREA ( #8611 ) ;
#1206 = CARTESIAN_POINT ( 'NONE',  ( -0.1431733283613561003, 0.003937007874015747977, 0.01181102362204724393 ) ) ;
#1207 = ORIENTED_EDGE ( 'NONE', *, *, #324, .F. ) ;
#1208 = ORIENTED_EDGE ( 'NONE', *, *, #4061, .T. ) ;
#1209 = EDGE_LOOP ( 'NONE', ( #2646, #41, #1914, #2563 ) ) ;
#1210 = LINE ( 'NONE', #7324, #3297 ) ;
#1211 = EDGE_CURVE ( 'NONE', #4402, #7415, #6702, .T. ) ;
#1212 = CARTESIAN_POINT ( 'NONE',  ( -0.04527559055118110520, 0.09842519685039370636, 0.01771653543307086937 ) ) ;
#1213 = VECTOR ( 'NONE', #7359, 39.37007874015748143 ) ;
#1214 =( GEOMETRIC_REPRESENTATION_CONTEXT ( 3 ) GLOBAL_UNCERTAINTY_ASSIGNED_CONTEXT ( ( #4824 ) ) GLOBAL_UNIT_ASSIGNED_CONTEXT ( ( #608, #5336, #1195 ) ) REPRESENTATION_CONTEXT ( 'NONE', 'WORKASPACE' ) );
#1215 = MECHANICAL_DESIGN_GEOMETRIC_PRESENTATION_REPRESENTATION (  '', ( #8088 ), #64 ) ;
#1216 = SURFACE_SIDE_STYLE ('',( #2578 ) ) ;
#1217 = VERTEX_POINT ( 'NONE', #4695 ) ;
#1218 = DIMENSIONAL_EXPONENTS ( 1.000000000000000000, 0.0000000000000000000, 0.0000000000000000000, 0.0000000000000000000, 0.0000000000000000000, 0.0000000000000000000, 0.0000000000000000000 ) ;
#1219 =( CONVERSION_BASED_UNIT ( 'INCH', #8788 ) LENGTH_UNIT ( ) NAMED_UNIT ( #1290 ) );
#1220 = SURFACE_STYLE_USAGE ( .BOTH. , #7374 ) ;
#1221 = UNCERTAINTY_MEASURE_WITH_UNIT (LENGTH_MEASURE( 1.000000000000000082E-05 ), #2487, 'distance_accuracy_value', 'NONE');
#1222 = MECHANICAL_DESIGN_GEOMETRIC_PRESENTATION_REPRESENTATION (  '', ( #3387 ), #4535 ) ;
#1223 = VECTOR ( 'NONE', #779, 39.37007874015748143 ) ;
#1224 = VECTOR ( 'NONE', #2997, 39.37007874015748143 ) ;
#1225 =( GEOMETRIC_REPRESENTATION_CONTEXT ( 3 ) GLOBAL_UNCERTAINTY_ASSIGNED_CONTEXT ( ( #7679 ) ) GLOBAL_UNIT_ASSIGNED_CONTEXT ( ( #5870, #6582, #433 ) ) REPRESENTATION_CONTEXT ( 'NONE', 'WORKASPACE' ) );
#1226 = FACE_OUTER_BOUND ( 'NONE', #5707, .T. ) ;
#1227 = LINE ( 'NONE', #466, #8805 ) ;
#1228 = COLOUR_RGB ( '',0.7686274509803920907, 0.7686274509803920907, 0.7686274509803920907 ) ;
#1229 = ORIENTED_EDGE ( 'NONE', *, *, #5174, .T. ) ;
#1230 = STYLED_ITEM ( 'NONE', ( #2391 ), #7774 ) ;
#1231 = MECHANICAL_DESIGN_GEOMETRIC_PRESENTATION_REPRESENTATION (  '', ( #8535 ), #5825 ) ;
#1232 = SURFACE_STYLE_USAGE ( .BOTH. , #8720 ) ;
#1233 =( BOUNDED_SURFACE ( )  B_SPLINE_SURFACE ( 3, 2, ( 
 ( #7861, #2324, #5812 ),
 ( #3713, #1715, #5109 ),
 ( #7025, #8443, #4336 ),
 ( #4293, #196, #7199 ) ),
 .UNSPECIFIED., .F., .F., .T. ) 
 B_SPLINE_SURFACE_WITH_KNOTS ( ( 4, 4 ),
 ( 3, 3 ),
 ( 5.556410252859889987, 7.009960361499279813 ),
 ( 0.0000000000000000000, 1.000000000000000000 ),
 .UNSPECIFIED. ) 
 GEOMETRIC_REPRESENTATION_ITEM ( )  RATIONAL_B_SPLINE_SURFACE ( (
 ( 1.000000000000000000, 0.8191520442889920206, 1.000000000000000000),
 ( 1.000000000000000000, 0.8650791541936180273, 1.000000000000000000),
 ( 1.000000000000000000, 0.8650791541936180273, 1.000000000000000000),
 ( 1.000000000000000000, 0.8191520442889920206, 1.000000000000000000) ) ) 
 REPRESENTATION_ITEM ( '' )  SURFACE ( )  );
#1234 =( NAMED_UNIT ( * ) PLANE_ANGLE_UNIT ( ) SI_UNIT ( $, .RADIAN. ) );
#1235 = LINE ( 'NONE', #560, #8730 ) ;
#1236 = COLOUR_RGB ( '',0.7686274509803920907, 0.7686274509803920907, 0.7686274509803920907 ) ;
#1237 = VECTOR ( 'NONE', #3959, 39.37007874015748143 ) ;
#1238 = DIRECTION ( 'NONE',  ( 0.0000000000000000000, 1.000000000000000000, 0.0000000000000000000 ) ) ;
#1239 = DIMENSIONAL_EXPONENTS ( 1.000000000000000000, 0.0000000000000000000, 0.0000000000000000000, 0.0000000000000000000, 0.0000000000000000000, 0.0000000000000000000, 0.0000000000000000000 ) ;
#1240 = VERTEX_POINT ( 'NONE', #4646 ) ;
#1241 = STYLED_ITEM ( 'NONE', ( #4939 ), #3063 ) ;
#1242 =( GEOMETRIC_REPRESENTATION_CONTEXT ( 3 ) GLOBAL_UNCERTAINTY_ASSIGNED_CONTEXT ( ( #2018 ) ) GLOBAL_UNIT_ASSIGNED_CONTEXT ( ( #5188, #8709, #3976 ) ) REPRESENTATION_CONTEXT ( 'NONE', 'WORKASPACE' ) );
#1243 =( NAMED_UNIT ( * ) SI_UNIT ( $, .STERADIAN. ) SOLID_ANGLE_UNIT ( ) );
#1244 = ORIENTED_EDGE ( 'NONE', *, *, #158, .F. ) ;
#1245 = FILL_AREA_STYLE_COLOUR ( '', #6272 ) ;
#1246 = FILL_AREA_STYLE_COLOUR ( '', #8179 ) ;
#1247 = DIRECTION ( 'NONE',  ( 0.0000000000000000000, 1.000000000000000000, 0.0000000000000000000 ) ) ;
#1248 = SURFACE_STYLE_FILL_AREA ( #3230 ) ;
#1249 = SURFACE_SIDE_STYLE ('',( #2606 ) ) ;
#1250 = ADVANCED_FACE ( 'NONE', ( #1087 ), #1139, .T. ) ;
#1251 = VERTEX_POINT ( 'NONE', #6606 ) ;
#1252 = ORIENTED_EDGE ( 'NONE', *, *, #5996, .T. ) ;
#1253 = LINE ( 'NONE', #5311, #2397 ) ;
#1254 = VECTOR ( 'NONE', #3728, 39.37007874015748143 ) ;
#1255 = ORIENTED_EDGE ( 'NONE', *, *, #3631, .F. ) ;
#1256 = CARTESIAN_POINT ( 'NONE',  ( -0.1200787401574803237, 0.01574803149606299191, 0.04724409448818897572 ) ) ;
#1257 = SURFACE_STYLE_FILL_AREA ( #7420 ) ;
#1258 = CYLINDRICAL_SURFACE ( 'NONE', #6824, 0.007874015748031494219 ) ;
#1259 = ADVANCED_FACE ( 'NONE', ( #2619 ), #1258, .T. ) ;
#1260 = STYLED_ITEM ( 'NONE', ( #7651 ), #8756 ) ;
#1261 = DIRECTION ( 'NONE',  ( 1.000000000000000000, 0.0000000000000000000, 0.0000000000000000000 ) ) ;
#1262 = LENGTH_MEASURE_WITH_UNIT ( LENGTH_MEASURE( 0.02539999999999999897 ), #4511 );
#1263 = EDGE_CURVE ( 'NONE', #4690, #5608, #8166, .T. ) ;
#1264 = ORIENTED_EDGE ( 'NONE', *, *, #5938, .F. ) ;
#1265 = DIRECTION ( 'NONE',  ( 0.0000000000000000000, 0.0000000000000000000, 1.000000000000000000 ) ) ;
#1266 = DIRECTION ( 'NONE',  ( 1.000000000000000000, 0.0000000000000000000, 0.0000000000000000000 ) ) ;
#1267 = SURFACE_STYLE_USAGE ( .BOTH. , #8714 ) ;
#1268 =( CONVERSION_BASED_UNIT ( 'INCH', #7336 ) LENGTH_UNIT ( ) NAMED_UNIT ( #4315 ) );
#1269 = AXIS2_PLACEMENT_3D ( 'NONE', #7681, #3437, #4190 ) ;
#1270 = DIRECTION ( 'NONE',  ( 0.0000000000000000000, -2.500725966324115107E-15, -1.000000000000000000 ) ) ;
#1271 = COLOUR_RGB ( '',0.7921568627450980005, 0.8196078431372548767, 0.9333333333333333481 ) ;
#1272 = EDGE_LOOP ( 'NONE', ( #3833, #4341, #7165, #7323, #1164, #3027, #2601, #7635 ) ) ;
#1273 = DIRECTION ( 'NONE',  ( 0.0000000000000000000, 0.0000000000000000000, 1.000000000000000000 ) ) ;
#1274 = FACE_OUTER_BOUND ( 'NONE', #5864, .T. ) ;
#1275 = AXIS2_PLACEMENT_3D ( 'NONE', #2432, #5173, #7214 ) ;
#1276 = DIMENSIONAL_EXPONENTS ( 1.000000000000000000, 0.0000000000000000000, 0.0000000000000000000, 0.0000000000000000000, 0.0000000000000000000, 0.0000000000000000000, 0.0000000000000000000 ) ;
#1277 = FILL_AREA_STYLE ('',( #2632 ) ) ;
#1278 = PLANE ( 'NONE',  #2014 ) ;
#1279 = CARTESIAN_POINT ( 'NONE',  ( 0.04724409448818897572, 0.07086614173228347746, -0.02854330708661417110 ) ) ;
#1280 = DIRECTION ( 'NONE',  ( -1.000000000000000000, 0.0000000000000000000, 0.0000000000000000000 ) ) ;
#1281 = VERTEX_POINT ( 'NONE', #2116 ) ;
#1282 = SURFACE_STYLE_USAGE ( .BOTH. , #3453 ) ;
#1283 = ORIENTED_EDGE ( 'NONE', *, *, #5868, .T. ) ;
#1284 = FILL_AREA_STYLE_COLOUR ( '', #3984 ) ;
#1285 = CARTESIAN_POINT ( 'NONE',  ( -0.1122047244094488277, 0.01968503937007873988, 0.06496062992125983815 ) ) ;
#1286 = CARTESIAN_POINT ( 'NONE',  ( -0.04921259842519685318, 0.09842519685039370636, 0.01771653543307086937 ) ) ;
#1287 = LENGTH_MEASURE_WITH_UNIT ( LENGTH_MEASURE( 0.02539999999999999897 ), #8117 );
#1288 = ORIENTED_EDGE ( 'NONE', *, *, #4573, .T. ) ;
#1289 = EDGE_LOOP ( 'NONE', ( #5878, #2527, #5967, #1395, #1561, #486, #4894, #1835, #6545, #3163, #6424, #6809, #8460, #5353, #1365, #4518 ) ) ;
#1290 = DIMENSIONAL_EXPONENTS ( 1.000000000000000000, 0.0000000000000000000, 0.0000000000000000000, 0.0000000000000000000, 0.0000000000000000000, 0.0000000000000000000, 0.0000000000000000000 ) ;
#1291 = UNCERTAINTY_MEASURE_WITH_UNIT (LENGTH_MEASURE( 1.000000000000000082E-05 ), #5487, 'distance_accuracy_value', 'NONE');
#1292 = SURFACE_STYLE_FILL_AREA ( #4780 ) ;
#1293 = DIRECTION ( 'NONE',  ( 4.917492902039890596E-17, 1.000000000000000000, 0.0000000000000000000 ) ) ;
#1294 = CARTESIAN_POINT ( 'NONE',  ( -0.08964874449207481388, 0.06889160353459390651, -0.03870507275669748254 ) ) ;
#1295 =( LENGTH_UNIT ( ) NAMED_UNIT ( * ) SI_UNIT ( $, .METRE. ) );
#1296 = AXIS2_PLACEMENT_3D ( 'NONE', #5758, #1047, #1616 ) ;
#1297 = VERTEX_POINT ( 'NONE', #2162 ) ;
#1298 = FACE_OUTER_BOUND ( 'NONE', #4607, .T. ) ;
#1299 = VECTOR ( 'NONE', #4208, 39.37007874015748143 ) ;
#1300 = LENGTH_MEASURE_WITH_UNIT ( LENGTH_MEASURE( 0.02539999999999999897 ), #2709 );
#1301 = LENGTH_MEASURE_WITH_UNIT ( LENGTH_MEASURE( 0.02539999999999999897 ), #2873 );
#1302 = EDGE_CURVE ( 'NONE', #4844, #8811, #2831, .T. ) ;
#1303 =( LENGTH_UNIT ( ) NAMED_UNIT ( * ) SI_UNIT ( $, .METRE. ) );
#1304 = EDGE_CURVE ( 'NONE', #8338, #3852, #7544, .T. ) ;
#1305 = CARTESIAN_POINT ( 'NONE',  ( 0.1122047244094488277, 0.01574803149606299191, 0.05118110236220473064 ) ) ;
#1306 = STYLED_ITEM ( 'NONE', ( #4111 ), #4851 ) ;
#1307 = EDGE_CURVE ( 'NONE', #1310, #4248, #6300, .T. ) ;
#1308 = SURFACE_STYLE_FILL_AREA ( #4885 ) ;
#1309 =( LENGTH_UNIT ( ) NAMED_UNIT ( * ) SI_UNIT ( $, .METRE. ) );
#1310 = VERTEX_POINT ( 'NONE', #4138 ) ;
#1311 = DIMENSIONAL_EXPONENTS ( 1.000000000000000000, 0.0000000000000000000, 0.0000000000000000000, 0.0000000000000000000, 0.0000000000000000000, 0.0000000000000000000, 0.0000000000000000000 ) ;
#1312 = DIRECTION ( 'NONE',  ( 0.0000000000000000000, 0.0000000000000000000, -1.000000000000000000 ) ) ;
#1313 = MECHANICAL_DESIGN_GEOMETRIC_PRESENTATION_REPRESENTATION (  '', ( #3180 ), #21 ) ;
#1314 = VECTOR ( 'NONE', #4043, 39.37007874015748143 ) ;
#1315 = SURFACE_SIDE_STYLE ('',( #143 ) ) ;
#1316 = CARTESIAN_POINT ( 'NONE',  ( 0.1102370375520064921, 0.03149606299212598381, 0.01968503937007873988 ) ) ;
#1317 = DIRECTION ( 'NONE',  ( 2.344220913482170177E-16, 0.0000000000000000000, -1.000000000000000000 ) ) ;
#1318 = EDGE_LOOP ( 'NONE', ( #4107, #7262, #7289, #1011 ) ) ;
#1319 = SURFACE_STYLE_FILL_AREA ( #1971 ) ;
#1320 = ORIENTED_EDGE ( 'NONE', *, *, #7503, .T. ) ;
#1321 = LINE ( 'NONE', #6893, #564 ) ;
#1322 = CARTESIAN_POINT ( 'NONE',  ( 0.0000000000000000000, 0.03149606299212598381, 0.06165026030659291612 ) ) ;
#1323 = PRESENTATION_STYLE_ASSIGNMENT (( #6857 ) ) ;
#1324 = LINE ( 'NONE', #5436, #4811 ) ;
#1325 = DIMENSIONAL_EXPONENTS ( 1.000000000000000000, 0.0000000000000000000, 0.0000000000000000000, 0.0000000000000000000, 0.0000000000000000000, 0.0000000000000000000, 0.0000000000000000000 ) ;
#1326 = CARTESIAN_POINT ( 'NONE',  ( -0.1102370375520064921, 0.01968503937007873988, -0.07283464566929134798 ) ) ;
#1327 = PRESENTATION_LAYER_ASSIGNMENT (  '', '', ( #5362 ) ) ;
#1328 = DIRECTION ( 'NONE',  ( -0.0000000000000000000, 1.000000000000000000, 0.0000000000000000000 ) ) ;
#1329 = VERTEX_POINT ( 'NONE', #8207 ) ;
#1330 = CARTESIAN_POINT ( 'NONE',  ( 0.1031504233787781388, 0.03149606299212598381, -0.05590632889058937127 ) ) ;
#1331 = VERTEX_POINT ( 'NONE', #6203 ) ;
#1332 = CARTESIAN_POINT ( 'NONE',  ( -0.1200787401574803237, 0.01574803149606299191, 0.04724409448818897572 ) ) ;
#1333 = ORIENTED_EDGE ( 'NONE', *, *, #1201, .F. ) ;
#1334 = SURFACE_STYLE_FILL_AREA ( #6160 ) ;
#1335 = AXIS2_PLACEMENT_3D ( 'NONE', #5555, #6313, #5642 ) ;
#1336 = CARTESIAN_POINT ( 'NONE',  ( -0.04527559055118110520, 0.2164041264863913738, -0.01771653543307086937 ) ) ;
#1337 = DIRECTION ( 'NONE',  ( -1.000000000000000000, 0.0000000000000000000, 0.0000000000000000000 ) ) ;
#1338 = PRESENTATION_LAYER_ASSIGNMENT (  '', '', ( #3799 ) ) ;
#1339 = EDGE_LOOP ( 'NONE', ( #7788, #7513, #3548, #3523, #1040, #213, #4299, #4306 ) ) ;
#1340 = DIRECTION ( 'NONE',  ( 1.000000000000000000, 0.0000000000000000000, 0.0000000000000000000 ) ) ;
#1341 = DIMENSIONAL_EXPONENTS ( 1.000000000000000000, 0.0000000000000000000, 0.0000000000000000000, 0.0000000000000000000, 0.0000000000000000000, 0.0000000000000000000, 0.0000000000000000000 ) ;
#1342 = DIRECTION ( 'NONE',  ( 0.0000000000000000000, -3.751088949486170096E-15, 1.000000000000000000 ) ) ;
#1343 = MECHANICAL_DESIGN_GEOMETRIC_PRESENTATION_REPRESENTATION (  '', ( #6970 ), #1101 ) ;
#1344 = PRESENTATION_LAYER_ASSIGNMENT (  '', '', ( #5245 ) ) ;
#1345 = ADVANCED_FACE ( 'NONE', ( #1384 ), #4222, .T. ) ;
#1346 = UNCERTAINTY_MEASURE_WITH_UNIT (LENGTH_MEASURE( 1.000000000000000082E-05 ), #5558, 'distance_accuracy_value', 'NONE');
#1347 = ORIENTED_EDGE ( 'NONE', *, *, #2594, .T. ) ;
#1348 = SURFACE_STYLE_USAGE ( .BOTH. , #2630 ) ;
#1349 = FACE_OUTER_BOUND ( 'NONE', #5519, .T. ) ;
#1350 = COLOUR_RGB ( '',1.000000000000000000, 1.000000000000000000, 1.000000000000000000 ) ;
#1351 = EDGE_CURVE ( 'NONE', #7849, #3895, #6673, .T. ) ;
#1352 = FACE_OUTER_BOUND ( 'NONE', #7301, .T. ) ;
#1353 = LINE ( 'NONE', #4757, #8332 ) ;
#1354 =( LENGTH_UNIT ( ) NAMED_UNIT ( * ) SI_UNIT ( $, .METRE. ) );
#1355 = STYLED_ITEM ( 'NONE', ( #8182 ), #2371 ) ;
#1356 = AXIS2_PLACEMENT_3D ( 'NONE', #7952, #1819, #1055 ) ;
#1357 = MECHANICAL_DESIGN_GEOMETRIC_PRESENTATION_REPRESENTATION (  '', ( #7537 ), #7248 ) ;
#1358 =( GEOMETRIC_REPRESENTATION_CONTEXT ( 3 ) GLOBAL_UNCERTAINTY_ASSIGNED_CONTEXT ( ( #1572 ) ) GLOBAL_UNIT_ASSIGNED_CONTEXT ( ( #7102, #907, #1535 ) ) REPRESENTATION_CONTEXT ( 'NONE', 'WORKASPACE' ) );
#1359 = EDGE_CURVE ( 'NONE', #7026, #1417, #1986, .T. ) ;
#1360 = PRESENTATION_STYLE_ASSIGNMENT (( #1492 ) ) ;
#1361 = LINE ( 'NONE', #401, #1213 ) ;
#1362 = ORIENTED_EDGE ( 'NONE', *, *, #5872, .T. ) ;
#1363 = SURFACE_STYLE_FILL_AREA ( #3410 ) ;
#1364 = ADVANCED_FACE ( 'NONE', ( #2743 ), #4738, .T. ) ;
#1365 = ORIENTED_EDGE ( 'NONE', *, *, #3075, .F. ) ;
#1366 =( CONVERSION_BASED_UNIT ( 'INCH', #660 ) LENGTH_UNIT ( ) NAMED_UNIT ( #731 ) );
#1367 = EDGE_CURVE ( 'NONE', #7782, #2588, #8512, .T. ) ;
#1368 = COLOUR_RGB ( '',0.7686274509803920907, 0.7686274509803920907, 0.7686274509803920907 ) ;
#1369 = COLOUR_RGB ( '',0.7686274509803920907, 0.7686274509803920907, 0.7686274509803920907 ) ;
#1370 = FILL_AREA_STYLE_COLOUR ( '', #5875 ) ;
#1371 = SURFACE_SIDE_STYLE ('',( #4163 ) ) ;
#1372 = SURFACE_STYLE_USAGE ( .BOTH. , #169 ) ;
#1373 = MECHANICAL_DESIGN_GEOMETRIC_PRESENTATION_REPRESENTATION (  '', ( #3838 ), #7122 ) ;
#1374 = PRESENTATION_LAYER_ASSIGNMENT (  '', '', ( #6405 ) ) ;
#1375 = CARTESIAN_POINT ( 'NONE',  ( 0.1200787401574803237, 0.01507924023197730438, 0.01181102362204724393 ) ) ;
#1376 = ORIENTED_EDGE ( 'NONE', *, *, #5061, .F. ) ;
#1377 = ORIENTED_EDGE ( 'NONE', *, *, #152, .F. ) ;
#1378 = VERTEX_POINT ( 'NONE', #7087 ) ;
#1379 = UNCERTAINTY_MEASURE_WITH_UNIT (LENGTH_MEASURE( 1.000000000000000082E-05 ), #1475, 'distance_accuracy_value', 'NONE');
#1381 = LENGTH_MEASURE_WITH_UNIT ( LENGTH_MEASURE( 0.02539999999999999897 ), #2158 );
#1380 = PRESENTATION_LAYER_ASSIGNMENT (  '', '', ( #253 ) ) ;
#1382 = CARTESIAN_POINT ( 'NONE',  ( 0.1200787401574803237, 0.03937007874015747977, 0.06889763779527559306 ) ) ;
#1383 = DIRECTION ( 'NONE',  ( 1.000000000000000000, 0.0000000000000000000, 0.0000000000000000000 ) ) ;
#1384 = FACE_OUTER_BOUND ( 'NONE', #6321, .T. ) ;
#1385 =( CONVERSION_BASED_UNIT ( 'INCH', #6337 ) LENGTH_UNIT ( ) NAMED_UNIT ( #3300 ) );
#1386 = CARTESIAN_POINT ( 'NONE',  ( 0.08617334877031732066, 0.06692913385826770867, 0.03892925428212862249 ) ) ;
#1387 = AXIS2_PLACEMENT_3D ( 'NONE', #1206, #3149, #5842 ) ;
#1388 = ORIENTED_EDGE ( 'NONE', *, *, #2689, .T. ) ;
#1389 = DIMENSIONAL_EXPONENTS ( 1.000000000000000000, 0.0000000000000000000, 0.0000000000000000000, 0.0000000000000000000, 0.0000000000000000000, 0.0000000000000000000, 0.0000000000000000000 ) ;
#1390 = UNCERTAINTY_MEASURE_WITH_UNIT (LENGTH_MEASURE( 1.000000000000000082E-05 ), #6891, 'distance_accuracy_value', 'NONE');
#1391 = FILL_AREA_STYLE_COLOUR ( '', #7003 ) ;
#1392 = SURFACE_STYLE_USAGE ( .BOTH. , #7555 ) ;
#1393 = AXIS2_PLACEMENT_3D ( 'NONE', #849, #4216, #7081 ) ;
#1394 = SURFACE_SIDE_STYLE ('',( #1308 ) ) ;
#1395 = ORIENTED_EDGE ( 'NONE', *, *, #6257, .F. ) ;
#1396 = FILL_AREA_STYLE_COLOUR ( '', #914 ) ;
#1397 = PRESENTATION_LAYER_ASSIGNMENT (  '', '', ( #5295 ) ) ;
#1398 = STYLED_ITEM ( 'NONE', ( #7763 ), #3212 ) ;
#1399 = EDGE_CURVE ( 'NONE', #6626, #6228, #941, .T. ) ;
#1400 =( NAMED_UNIT ( * ) PLANE_ANGLE_UNIT ( ) SI_UNIT ( $, .RADIAN. ) );
#1401 = FILL_AREA_STYLE_COLOUR ( '', #221 ) ;
#1402 = DIMENSIONAL_EXPONENTS ( 1.000000000000000000, 0.0000000000000000000, 0.0000000000000000000, 0.0000000000000000000, 0.0000000000000000000, 0.0000000000000000000, 0.0000000000000000000 ) ;
#1403 = CARTESIAN_POINT ( 'NONE',  ( -0.1200787401574803237, 0.01968503937007873988, 0.06102362204724410405 ) ) ;
#1404 = CARTESIAN_POINT ( 'NONE',  ( 0.0000000000000000000, 0.0000000000000000000, -0.04724409448818897572 ) ) ;
#1405 = VECTOR ( 'NONE', #3996, 39.37007874015748143 ) ;
#1406 = EDGE_LOOP ( 'NONE', ( #6949, #107, #3425, #1362, #5160 ) ) ;
#1407 = SURFACE_SIDE_STYLE ('',( #1319 ) ) ;
#1408 = ORIENTED_EDGE ( 'NONE', *, *, #3968, .F. ) ;
#1409 = CARTESIAN_POINT ( 'NONE',  ( 0.1001844051475986874, 0.03937007874015747977, 0.05590632889058938515 ) ) ;
#1410 = EDGE_CURVE ( 'NONE', #4258, #4734, #363, .T. ) ;
#1411 =( LENGTH_UNIT ( ) NAMED_UNIT ( * ) SI_UNIT ( $, .METRE. ) );
#1412 = FILL_AREA_STYLE ('',( #4126 ) ) ;
#1413 =( NAMED_UNIT ( * ) PLANE_ANGLE_UNIT ( ) SI_UNIT ( $, .RADIAN. ) );
#1414 = SURFACE_SIDE_STYLE ('',( #5524 ) ) ;
#1415 = EDGE_CURVE ( 'NONE', #394, #467, #232, .T. ) ;
#1416 = DIRECTION ( 'NONE',  ( 4.818676322157800333E-16, 2.409338161078900167E-16, -1.000000000000000000 ) ) ;
#1417 = VERTEX_POINT ( 'NONE', #6421 ) ;
#1418 = VERTEX_POINT ( 'NONE', #5040 ) ;
#1419 = DIRECTION ( 'NONE',  ( -7.047314121155780399E-15, 0.0000000000000000000, 1.000000000000000000 ) ) ;
#1420 = ORIENTED_EDGE ( 'NONE', *, *, #7999, .T. ) ;
#1421 = PLANE ( 'NONE',  #2253 ) ;
#1422 = AXIS2_PLACEMENT_3D ( 'NONE', #3903, #4524, #6629 ) ;
#1423 =( NAMED_UNIT ( * ) SI_UNIT ( $, .STERADIAN. ) SOLID_ANGLE_UNIT ( ) );
#1424 = SURFACE_SIDE_STYLE ('',( #179 ) ) ;
#1425 = CARTESIAN_POINT ( 'NONE',  ( -0.1031504233787781388, 0.03149606299212598381, 0.05590632889058937127 ) ) ;
#1426 = DIMENSIONAL_EXPONENTS ( 1.000000000000000000, 0.0000000000000000000, 0.0000000000000000000, 0.0000000000000000000, 0.0000000000000000000, 0.0000000000000000000, 0.0000000000000000000 ) ;
#1427 = VECTOR ( 'NONE', #2701, 39.37007874015748143 ) ;
#1428 = SPHERICAL_SURFACE ( 'NONE', #5978, 0.003937007874015747977 ) ;
#1429 = SURFACE_STYLE_FILL_AREA ( #685 ) ;
#1430 = ORIENTED_EDGE ( 'NONE', *, *, #7226, .T. ) ;
#1431 = SURFACE_SIDE_STYLE ('',( #728 ) ) ;
#1432 = PRESENTATION_LAYER_ASSIGNMENT (  '', '', ( #5325 ) ) ;
#1433 = LENGTH_MEASURE_WITH_UNIT ( LENGTH_MEASURE( 0.02539999999999999897 ), #5671 );
#1434 = DIRECTION ( 'NONE',  ( 1.000000000000000000, 0.0000000000000000000, 0.0000000000000000000 ) ) ;
#1435 = PRESENTATION_STYLE_ASSIGNMENT (( #4193 ) ) ;
#1436 =( LENGTH_UNIT ( ) NAMED_UNIT ( * ) SI_UNIT ( $, .METRE. ) );
#1437 = VECTOR ( 'NONE', #2943, 39.37007874015748143 ) ;
#1438 = SURFACE_STYLE_USAGE ( .BOTH. , #4793 ) ;
#1439 = ORIENTED_EDGE ( 'NONE', *, *, #6585, .T. ) ;
#1440 = EDGE_CURVE ( 'NONE', #3852, #2096, #3731, .T. ) ;
#1441 =( LENGTH_UNIT ( ) NAMED_UNIT ( * ) SI_UNIT ( $, .METRE. ) );
#1442 = COLOUR_RGB ( '',0.7686274509803920907, 0.7686274509803920907, 0.7686274509803920907 ) ;
#1443 = DIMENSIONAL_EXPONENTS ( 1.000000000000000000, 0.0000000000000000000, 0.0000000000000000000, 0.0000000000000000000, 0.0000000000000000000, 0.0000000000000000000, 0.0000000000000000000 ) ;
#1444 = VECTOR ( 'NONE', #6396, 39.37007874015748143 ) ;
#1445 = PRESENTATION_STYLE_ASSIGNMENT (( #6980 ) ) ;
#1446 = DIRECTION ( 'NONE',  ( 0.0000000000000000000, 0.0000000000000000000, -1.000000000000000000 ) ) ;
#1447 = DIRECTION ( 'NONE',  ( 0.0000000000000000000, 0.0000000000000000000, -1.000000000000000000 ) ) ;
#1448 = LENGTH_MEASURE_WITH_UNIT ( LENGTH_MEASURE( 0.02539999999999999897 ), #835 );
#1449 = ORIENTED_EDGE ( 'NONE', *, *, #1689, .F. ) ;
#1450 = CARTESIAN_POINT ( 'NONE',  ( 0.05511811023622047168, -0.06114854350730373339, 0.02066929133858268208 ) ) ;
#1451 = EDGE_LOOP ( 'NONE', ( #4082, #197, #4912, #8665 ) ) ;
#1452 = FILL_AREA_STYLE ('',( #1147 ) ) ;
#1453 = DIRECTION ( 'NONE',  ( -1.000000000000000000, 0.0000000000000000000, 0.0000000000000000000 ) ) ;
#1454 = FILL_AREA_STYLE ('',( #8293 ) ) ;
#1455 = FACE_OUTER_BOUND ( 'NONE', #6284, .T. ) ;
#1456 =( NAMED_UNIT ( * ) SI_UNIT ( $, .STERADIAN. ) SOLID_ANGLE_UNIT ( ) );
#1457 = EDGE_CURVE ( 'NONE', #7158, #510, #6463, .T. ) ;
#1458 = LINE ( 'NONE', #753, #4702 ) ;
#1459 = LINE ( 'NONE', #801, #459 ) ;
#1460 = ORIENTED_EDGE ( 'NONE', *, *, #5650, .T. ) ;
#1461 =( NAMED_UNIT ( * ) SI_UNIT ( $, .STERADIAN. ) SOLID_ANGLE_UNIT ( ) );
#1462 = VERTEX_POINT ( 'NONE', #4447 ) ;
#1463 = DIMENSIONAL_EXPONENTS ( 1.000000000000000000, 0.0000000000000000000, 0.0000000000000000000, 0.0000000000000000000, 0.0000000000000000000, 0.0000000000000000000, 0.0000000000000000000 ) ;
#1464 = LENGTH_MEASURE_WITH_UNIT ( LENGTH_MEASURE( 0.02539999999999999897 ), #6243 );
#1465 = ORIENTED_EDGE ( 'NONE', *, *, #331, .F. ) ;
#1466 = EDGE_CURVE ( 'NONE', #3632, #5210, #7172, .T. ) ;
#1467 = EDGE_CURVE ( 'NONE', #8071, #1518, #1035, .T. ) ;
#1468 = UNCERTAINTY_MEASURE_WITH_UNIT (LENGTH_MEASURE( 1.000000000000000082E-05 ), #5309, 'distance_accuracy_value', 'NONE');
#1469 = EDGE_CURVE ( 'NONE', #8029, #4818, #3781, .T. ) ;
#1470 = LENGTH_MEASURE_WITH_UNIT ( LENGTH_MEASURE( 0.02539999999999999897 ), #3604 );
#1471 = PRESENTATION_STYLE_ASSIGNMENT (( #1724 ) ) ;
#1472 = SURFACE_SIDE_STYLE ('',( #4781 ) ) ;
#1473 = CARTESIAN_POINT ( 'NONE',  ( -0.1031504233787781111, 0.03937007874015747977, -0.05294031065940998926 ) ) ;
#1474 = AXIS2_PLACEMENT_3D ( 'NONE', #8545, #2327, #5159 ) ;
#1475 =( CONVERSION_BASED_UNIT ( 'INCH', #3698 ) LENGTH_UNIT ( ) NAMED_UNIT ( #4921 ) );
#1476 = ORIENTED_EDGE ( 'NONE', *, *, #2641, .T. ) ;
#1477 =( CONVERSION_BASED_UNIT ( 'INCH', #772 ) LENGTH_UNIT ( ) NAMED_UNIT ( #2111 ) );
#1478 = CARTESIAN_POINT ( 'NONE',  ( 0.04527559055118110520, 0.09448818897637795144, -0.02165354330708661734 ) ) ;
#1479 = PRESENTATION_LAYER_ASSIGNMENT (  '', '', ( #5367 ) ) ;
#1480 = EDGE_CURVE ( 'NONE', #8287, #4215, #4266, .T. ) ;
#1481 = DIRECTION ( 'NONE',  ( 0.0000000000000000000, 1.000000000000000000, 0.0000000000000000000 ) ) ;
#1482 = CARTESIAN_POINT ( 'NONE',  ( 0.1200787401574803237, 0.04724409448818897572, 0.01968503937007873988 ) ) ;
#1483 = SURFACE_SIDE_STYLE ('',( #1578 ) ) ;
#1484 = COLOUR_RGB ( '',0.2980392156862745057, 0.2980392156862745057, 0.2980392156862745057 ) ;
#1485 = PRESENTATION_LAYER_ASSIGNMENT (  '', '', ( #7085 ) ) ;
#1486 = DIMENSIONAL_EXPONENTS ( 1.000000000000000000, 0.0000000000000000000, 0.0000000000000000000, 0.0000000000000000000, 0.0000000000000000000, 0.0000000000000000000, 0.0000000000000000000 ) ;
#1487 = DIRECTION ( 'NONE',  ( 0.0000000000000000000, 0.0000000000000000000, 1.000000000000000000 ) ) ;
#1488 = COLOUR_RGB ( '',1.000000000000000000, 1.000000000000000000, 1.000000000000000000 ) ;
#1489 = FACE_OUTER_BOUND ( 'NONE', #659, .T. ) ;
#1490 = SURFACE_STYLE_USAGE ( .BOTH. , #5467 ) ;
#1491 = SURFACE_SIDE_STYLE ('',( #873 ) ) ;
#1492 = SURFACE_STYLE_USAGE ( .BOTH. , #4935 ) ;
#1493 = VECTOR ( 'NONE', #4156, 39.37007874015748143 ) ;
#1494 =( GEOMETRIC_REPRESENTATION_CONTEXT ( 3 ) GLOBAL_UNCERTAINTY_ASSIGNED_CONTEXT ( ( #4176 ) ) GLOBAL_UNIT_ASSIGNED_CONTEXT ( ( #3761, #7819, #8404 ) ) REPRESENTATION_CONTEXT ( 'NONE', 'WORKASPACE' ) );
#1495 = AXIS2_PLACEMENT_3D ( 'NONE', #5314, #496, #4012 ) ;
#1496 = STYLED_ITEM ( 'NONE', ( #4200 ), #6526 ) ;
#1497 = ORIENTED_EDGE ( 'NONE', *, *, #6205, .T. ) ;
#1498 = ORIENTED_EDGE ( 'NONE', *, *, #8389, .T. ) ;
#1499 = LENGTH_MEASURE_WITH_UNIT ( LENGTH_MEASURE( 0.02539999999999999897 ), #7654 );
#1500 = DIRECTION ( 'NONE',  ( 1.000000000000000000, 0.0000000000000000000, 0.0000000000000000000 ) ) ;
#1501 = STYLED_ITEM ( 'NONE', ( #7150 ), #2528 ) ;
#1502 = STYLED_ITEM ( 'NONE', ( #2269 ), #7357 ) ;
#1503 = STYLED_ITEM ( 'NONE', ( #8306 ), #1345 ) ;
#1504 = PRESENTATION_LAYER_ASSIGNMENT (  '', '', ( #5546 ) ) ;
#1505 = FILL_AREA_STYLE ('',( #2104 ) ) ;
#1506 = CARTESIAN_POINT ( 'NONE',  ( -0.1200787401574803237, 0.0000000000000000000, 0.04724409448818897572 ) ) ;
#1507 = LINE ( 'NONE', #3504, #209 ) ;
#1508 = LENGTH_MEASURE_WITH_UNIT ( LENGTH_MEASURE( 0.02539999999999999897 ), #7580 );
#1509 = CARTESIAN_POINT ( 'NONE',  ( -0.1031504233787781388, 0.04330708661417323468, 0.05314960629921260116 ) ) ;
#1510 = ORIENTED_EDGE ( 'NONE', *, *, #7304, .F. ) ;
#1511 = VERTEX_POINT ( 'NONE', #1607 ) ;
#1512 = AXIS2_PLACEMENT_3D ( 'NONE', #368, #8836, #6741 ) ;
#1513 = VECTOR ( 'NONE', #8646, 39.37007874015748143 ) ;
#1514 = DIRECTION ( 'NONE',  ( 0.0000000000000000000, 0.0000000000000000000, 1.000000000000000000 ) ) ;
#1515 = VECTOR ( 'NONE', #3770, 39.37007874015748143 ) ;
#1516 = ORIENTED_EDGE ( 'NONE', *, *, #6687, .F. ) ;
#1517 =( LENGTH_UNIT ( ) NAMED_UNIT ( * ) SI_UNIT ( $, .METRE. ) );
#1518 = VERTEX_POINT ( 'NONE', #854 ) ;
#1519 = PRESENTATION_STYLE_ASSIGNMENT (( #3564 ) ) ;
#1520 = EDGE_CURVE ( 'NONE', #4818, #7027, #180, .T. ) ;
#1521 =( LENGTH_UNIT ( ) NAMED_UNIT ( * ) SI_UNIT ( $, .METRE. ) );
#1522 = DIRECTION ( 'NONE',  ( 0.0000000000000000000, 0.0000000000000000000, 1.000000000000000000 ) ) ;
#1523 = SURFACE_STYLE_FILL_AREA ( #2868 ) ;
#1524 = AXIS2_PLACEMENT_3D ( 'NONE', #3507, #257, #969 ) ;
#1525 = CARTESIAN_POINT ( 'NONE',  ( 0.1122047244094488277, 0.03937007874015747977, -0.07283464566929134798 ) ) ;
#1526 = SURFACE_STYLE_FILL_AREA ( #3046 ) ;
#1527 = VERTEX_POINT ( 'NONE', #5087 ) ;
#1528 = LINE ( 'NONE', #9, #2387 ) ;
#1529 = PRODUCT_CONTEXT ( 'NONE', #8163, 'mechanical' ) ;
#1530 = PRESENTATION_LAYER_ASSIGNMENT (  '', '', ( #5559 ) ) ;
#1531 = LINE ( 'NONE', #4276, #1693 ) ;
#1532 = EDGE_CURVE ( 'NONE', #4248, #1462, #8381, .T. ) ;
#1533 = DIRECTION ( 'NONE',  ( -0.0000000000000000000, 1.000000000000000000, 0.0000000000000000000 ) ) ;
#1534 =( LENGTH_UNIT ( ) NAMED_UNIT ( * ) SI_UNIT ( $, .METRE. ) );
#1535 =( NAMED_UNIT ( * ) SI_UNIT ( $, .STERADIAN. ) SOLID_ANGLE_UNIT ( ) );
#1536 = VECTOR ( 'NONE', #5577, 39.37007874015748143 ) ;
#1537 = EDGE_CURVE ( 'NONE', #1251, #5662, #7042, .T. ) ;
#1538 = PLANE ( 'NONE',  #7674 ) ;
#1539 = EDGE_CURVE ( 'NONE', #6228, #7849, #7793, .T. ) ;
#1540 = CARTESIAN_POINT ( 'NONE',  ( -0.1161417322834645688, 0.03937007874015747977, 0.06889763779527559306 ) ) ;
#1541 = LINE ( 'NONE', #8351, #1773 ) ;
#1542 = VECTOR ( 'NONE', #1562, 39.37007874015748143 ) ;
#1543 = DIRECTION ( 'NONE',  ( 0.0000000000000000000, 0.0000000000000000000, 1.000000000000000000 ) ) ;
#1544 = CARTESIAN_POINT ( 'NONE',  ( -0.1594488188976377896, 0.001968503937007873988, 0.01181102362204724393 ) ) ;
#1545 = LINE ( 'NONE', #2275, #2231 ) ;
#1546 = AXIS2_PLACEMENT_3D ( 'NONE', #1633, #746, #3547 ) ;
#1547 = ORIENTED_EDGE ( 'NONE', *, *, #3182, .T. ) ;
#1548 = DIRECTION ( 'NONE',  ( -1.000000000000000000, 0.0000000000000000000, 0.0000000000000000000 ) ) ;
#1549 = ORIENTED_EDGE ( 'NONE', *, *, #112, .F. ) ;
#1550 = DIRECTION ( 'NONE',  ( 0.0000000000000000000, 1.000000000000000000, 0.0000000000000000000 ) ) ;
#1551 = VERTEX_POINT ( 'NONE', #5216 ) ;
#1552 = PRESENTATION_LAYER_ASSIGNMENT (  '', '', ( #4142 ) ) ;
#1553 = DIMENSIONAL_EXPONENTS ( 1.000000000000000000, 0.0000000000000000000, 0.0000000000000000000, 0.0000000000000000000, 0.0000000000000000000, 0.0000000000000000000, 0.0000000000000000000 ) ;
#1554 = DIRECTION ( 'NONE',  ( 0.0000000000000000000, 0.0000000000000000000, -1.000000000000000000 ) ) ;
#1555 = DIRECTION ( 'NONE',  ( 0.4999999999999994449, -0.8660254037844389297, 0.0000000000000000000 ) ) ;
#1556 = SURFACE_SIDE_STYLE ('',( #8360 ) ) ;
#1557 =( NAMED_UNIT ( * ) SI_UNIT ( $, .STERADIAN. ) SOLID_ANGLE_UNIT ( ) );
#1558 = LINE ( 'NONE', #8248, #161 ) ;
#1559 = AXIS2_PLACEMENT_3D ( 'NONE', #6247, #7001, #6827 ) ;
#1560 = ORIENTED_EDGE ( 'NONE', *, *, #55, .F. ) ;
#1561 = ORIENTED_EDGE ( 'NONE', *, *, #8110, .T. ) ;
#1562 = DIRECTION ( 'NONE',  ( 1.000000000000000000, 0.0000000000000000000, 0.0000000000000000000 ) ) ;
#1563 = ORIENTED_EDGE ( 'NONE', *, *, #2363, .T. ) ;
#1564 = LINE ( 'NONE', #7135, #6440 ) ;
#1565 =( NAMED_UNIT ( * ) PLANE_ANGLE_UNIT ( ) SI_UNIT ( $, .RADIAN. ) );
#1566 = DIRECTION ( 'NONE',  ( 1.000000000000000000, 0.0000000000000000000, 0.0000000000000000000 ) ) ;
#1567 =( LENGTH_UNIT ( ) NAMED_UNIT ( * ) SI_UNIT ( $, .METRE. ) );
#1568 = MECHANICAL_DESIGN_GEOMETRIC_PRESENTATION_REPRESENTATION (  '', ( #718 ), #4604 ) ;
#1569 = PLANE ( 'NONE',  #7561 ) ;
#1570 = ORIENTED_EDGE ( 'NONE', *, *, #7632, .F. ) ;
#1571 =( NAMED_UNIT ( * ) PLANE_ANGLE_UNIT ( ) SI_UNIT ( $, .RADIAN. ) );
#1572 = UNCERTAINTY_MEASURE_WITH_UNIT (LENGTH_MEASURE( 1.000000000000000082E-05 ), #7102, 'distance_accuracy_value', 'NONE');
#1573 = DIRECTION ( 'NONE',  ( 1.000000000000000000, 0.0000000000000000000, 0.0000000000000000000 ) ) ;
#1574 = AXIS2_PLACEMENT_3D ( 'NONE', #2307, #187, #3346 ) ;
#1575 = CARTESIAN_POINT ( 'NONE',  ( 0.1200787401574803237, 0.03149606299212598381, -0.01968503937007873988 ) ) ;
#1576 = DIRECTION ( 'NONE',  ( 1.000000000000000000, 0.0000000000000000000, 0.0000000000000000000 ) ) ;
#1577 = CARTESIAN_POINT ( 'NONE',  ( 0.1200787401574803237, 0.03937007874015747977, -0.07283464566929134798 ) ) ;
#1578 = SURFACE_STYLE_FILL_AREA ( #2918 ) ;
#1579 =( CONVERSION_BASED_UNIT ( 'INCH', #2407 ) LENGTH_UNIT ( ) NAMED_UNIT ( #2719 ) );
#1580 = EDGE_CURVE ( 'NONE', #2903, #6694, #7272, .T. ) ;
#1581 = VECTOR ( 'NONE', #3648, 39.37007874015748143 ) ;
#1582 = FILL_AREA_STYLE_COLOUR ( '', #7217 ) ;
#1583 = EDGE_CURVE ( 'NONE', #5267, #4169, #3249, .T. ) ;
#1584 = EDGE_CURVE ( 'NONE', #1931, #6167, #482, .T. ) ;
#1585 = EDGE_CURVE ( 'NONE', #1331, #272, #4491, .T. ) ;
#1586 = FACE_OUTER_BOUND ( 'NONE', #2098, .T. ) ;
#1587 = DIRECTION ( 'NONE',  ( 0.0000000000000000000, -1.000000000000000000, -1.606225440719264641E-16 ) ) ;
#1588 = COLOUR_RGB ( '',0.7686274509803920907, 0.7686274509803920907, 0.7686274509803920907 ) ;
#1589 = ORIENTED_EDGE ( 'NONE', *, *, #5015, .F. ) ;
#1590 =( CONVERSION_BASED_UNIT ( 'INCH', #6223 ) LENGTH_UNIT ( ) NAMED_UNIT ( #434 ) );
#1591 = DIRECTION ( 'NONE',  ( -1.000000000000000000, 0.0000000000000000000, 0.0000000000000000000 ) ) ;
#1592 = ORIENTED_EDGE ( 'NONE', *, *, #3339, .T. ) ;
#1593 =( GEOMETRIC_REPRESENTATION_CONTEXT ( 3 ) GLOBAL_UNCERTAINTY_ASSIGNED_CONTEXT ( ( #951 ) ) GLOBAL_UNIT_ASSIGNED_CONTEXT ( ( #3746, #2445, #7802 ) ) REPRESENTATION_CONTEXT ( 'NONE', 'WORKASPACE' ) );
#1594 = ORIENTED_EDGE ( 'NONE', *, *, #1643, .T. ) ;
#1595 = PRESENTATION_LAYER_ASSIGNMENT (  '', '', ( #3030 ) ) ;
#1596 = ADVANCED_FACE ( 'NONE', ( #7315 ), #1840, .F. ) ;
#1597 = SURFACE_STYLE_FILL_AREA ( #4435 ) ;
#1598 = FILL_AREA_STYLE ('',( #3034 ) ) ;
#1599 = COLOUR_RGB ( '',0.2980392156862745057, 0.2980392156862745057, 0.2980392156862745057 ) ;
#1600 =( NAMED_UNIT ( * ) SI_UNIT ( $, .STERADIAN. ) SOLID_ANGLE_UNIT ( ) );
#1601 = ORIENTED_EDGE ( 'NONE', *, *, #7886, .T. ) ;
#1602 = SURFACE_STYLE_USAGE ( .BOTH. , #7755 ) ;
#1603 = ORIENTED_EDGE ( 'NONE', *, *, #7453, .F. ) ;
#1604 = SURFACE_STYLE_FILL_AREA ( #5623 ) ;
#1605 = CARTESIAN_POINT ( 'NONE',  ( -0.1102370375520064921, 0.04724409448818897572, -0.05511811023622047168 ) ) ;
#1606 = PLANE ( 'NONE',  #155 ) ;
#1607 = CARTESIAN_POINT ( 'NONE',  ( 0.1431733283613561003, 0.001968503937007873988, -0.01181102362204724393 ) ) ;
#1608 = SURFACE_STYLE_FILL_AREA ( #4094 ) ;
#1609 = ORIENTED_EDGE ( 'NONE', *, *, #5874, .T. ) ;
#1610 = EDGE_LOOP ( 'NONE', ( #7980, #4034, #878, #1078 ) ) ;
#1611 = EDGE_CURVE ( 'NONE', #1217, #4096, #3183, .T. ) ;
#1612 = FILL_AREA_STYLE_COLOUR ( '', #7438 ) ;
#1613 = STYLED_ITEM ( 'NONE', ( #5775 ), #227 ) ;
#1614 = STYLED_ITEM ( 'NONE', ( #898 ), #6142 ) ;
#1615 = FILL_AREA_STYLE ('',( #5096 ) ) ;
#1616 = DIRECTION ( 'NONE',  ( 0.0000000000000000000, 0.0000000000000000000, -1.000000000000000000 ) ) ;
#1617 = CARTESIAN_POINT ( 'NONE',  ( 0.09205169163721221848, 0.03926747862213775253, 0.04480759714902362439 ) ) ;
#1618 = UNCERTAINTY_MEASURE_WITH_UNIT (LENGTH_MEASURE( 1.000000000000000082E-05 ), #3191, 'distance_accuracy_value', 'NONE');
#1619 = PRESENTATION_STYLE_ASSIGNMENT (( #5721 ) ) ;
#1620 = COLOUR_RGB ( '',0.2980392156862745057, 0.2980392156862745057, 0.2980392156862745057 ) ;
#1621 = FACE_OUTER_BOUND ( 'NONE', #8742, .T. ) ;
#1622 = CARTESIAN_POINT ( 'NONE',  ( 0.0000000000000000000, 0.03937007874015747977, 0.05590632889058937127 ) ) ;
#1623 = PRESENTATION_STYLE_ASSIGNMENT (( #3848 ) ) ;
#1624 = AXIS2_PLACEMENT_3D ( 'NONE', #1807, #547, #8752 ) ;
#1625 = CARTESIAN_POINT ( 'NONE',  ( 0.1431733283613561003, 0.001968503937007873988, 0.01181102362204724393 ) ) ;
#1626 =( LENGTH_UNIT ( ) NAMED_UNIT ( * ) SI_UNIT ( $, .METRE. ) );
#1627 = VERTEX_POINT ( 'NONE', #6642 ) ;
#1628 = LINE ( 'NONE', #380, #4986 ) ;
#1629 = CARTESIAN_POINT ( 'NONE',  ( -0.08617334877031732066, 0.06827566985561278612, -0.04262883152931716546 ) ) ;
#1630 = EDGE_CURVE ( 'NONE', #3185, #1780, #1787, .T. ) ;
#1631 = SURFACE_STYLE_USAGE ( .BOTH. , #1014 ) ;
#1632 = ORIENTED_EDGE ( 'NONE', *, *, #4330, .T. ) ;
#1633 = CARTESIAN_POINT ( 'NONE',  ( 0.1161417322834645688, 0.0000000000000000000, 0.06889763779527559306 ) ) ;
#1634 = ORIENTED_EDGE ( 'NONE', *, *, #7678, .T. ) ;
#1635 = PLANE ( 'NONE',  #298 ) ;
#1636 = EDGE_CURVE ( 'NONE', #1240, #3222, #512, .T. ) ;
#1637 = LINE ( 'NONE', #343, #6612 ) ;
#1638 = LINE ( 'NONE', #8413, #499 ) ;
#1639 = PRESENTATION_LAYER_ASSIGNMENT (  '', '', ( #2230 ) ) ;
#1641 = DIRECTION ( 'NONE',  ( 1.000000000000000000, 0.0000000000000000000, 0.0000000000000000000 ) ) ;
#1640 = CIRCLE ( 'NONE', #4666, 0.003937007874015749712 ) ;
#1642 = EDGE_CURVE ( 'NONE', #3040, #4795, #3093, .T. ) ;
#1643 = EDGE_CURVE ( 'NONE', #1645, #8040, #8644, .T. ) ;
#1644 = ORIENTED_EDGE ( 'NONE', *, *, #3581, .F. ) ;
#1645 = VERTEX_POINT ( 'NONE', #8025 ) ;
#1646 = SURFACE_STYLE_FILL_AREA ( #935 ) ;
#1647 = VECTOR ( 'NONE', #7103, 39.37007874015748143 ) ;
#1648 = VECTOR ( 'NONE', #8048, 39.37007874015748143 ) ;
#1649 = MECHANICAL_DESIGN_GEOMETRIC_PRESENTATION_REPRESENTATION (  '', ( #2525 ), #1943 ) ;
#1650 = MECHANICAL_DESIGN_GEOMETRIC_PRESENTATION_REPRESENTATION (  '', ( #3239 ), #2377 ) ;
#1651 = DIRECTION ( 'NONE',  ( 0.0000000000000000000, 2.409338161078900167E-16, -1.000000000000000000 ) ) ;
#1652 = CARTESIAN_POINT ( 'NONE',  ( -0.08617334877031732066, 0.06692913385826770867, -0.03892925428212862249 ) ) ;
#1653 = VECTOR ( 'NONE', #2405, 39.37007874015748143 ) ;
#1654 = VECTOR ( 'NONE', #681, 39.37007874015748143 ) ;
#1655 = COLOUR_RGB ( '',0.2980392156862745057, 0.2980392156862745057, 0.2980392156862745057 ) ;
#1656 = SURFACE_STYLE_USAGE ( .BOTH. , #4919 ) ;
#1657 = VERTEX_POINT ( 'NONE', #8066 ) ;
#1658 =( NAMED_UNIT ( * ) SI_UNIT ( $, .STERADIAN. ) SOLID_ANGLE_UNIT ( ) );
#1659 = ORIENTED_EDGE ( 'NONE', *, *, #8800, .F. ) ;
#1660 = CARTESIAN_POINT ( 'NONE',  ( 0.1031504233787781388, 0.04330708661417323468, 0.04850717439621220206 ) ) ;
#1661 = ORIENTED_EDGE ( 'NONE', *, *, #2549, .F. ) ;
#1662 = UNCERTAINTY_MEASURE_WITH_UNIT (LENGTH_MEASURE( 1.000000000000000082E-05 ), #3393, 'distance_accuracy_value', 'NONE');
#1663 = VECTOR ( 'NONE', #8112, 39.37007874015748143 ) ;
#1664 = FILL_AREA_STYLE ('',( #2309 ) ) ;
#1665 = FILL_AREA_STYLE ('',( #6436 ) ) ;
#1666 = AXIS2_PLACEMENT_3D ( 'NONE', #4741, #7461, #5455 ) ;
#1667 = CARTESIAN_POINT ( 'NONE',  ( -0.1200787401574803237, -0.003937007874015747977, -0.04724409448818897572 ) ) ;
#1668 = CARTESIAN_POINT ( 'NONE',  ( -0.1122047244094488277, 0.03937007874015747977, 0.04724409448818897572 ) ) ;
#1669 = UNCERTAINTY_MEASURE_WITH_UNIT (LENGTH_MEASURE( 1.000000000000000082E-05 ), #4055, 'distance_accuracy_value', 'NONE');
#1670 = FACE_OUTER_BOUND ( 'NONE', #8297, .T. ) ;
#1671 =( LENGTH_UNIT ( ) NAMED_UNIT ( * ) SI_UNIT ( $, .METRE. ) );
#1672 = PLANE ( 'NONE',  #7386 ) ;
#1673 = EDGE_LOOP ( 'NONE', ( #7268, #129, #236, #174 ) ) ;
#1674 = CARTESIAN_POINT ( 'NONE',  ( 0.09801490858492194203, 0.03149606299212600463, -0.05077081409673312590 ) ) ;
#1675 = DIRECTION ( 'NONE',  ( 0.9396926207859080948, 0.3420201433256695456, 0.0000000000000000000 ) ) ;
#1676 = EDGE_LOOP ( 'NONE', ( #6400, #5567, #1721, #2380, #4908, #2654, #6331, #640, #6064, #4375, #923, #3364 ) ) ;
#1677 = MECHANICAL_DESIGN_GEOMETRIC_PRESENTATION_REPRESENTATION (  '', ( #8277 ), #8132 ) ;
#1678 =( NAMED_UNIT ( * ) SI_UNIT ( $, .STERADIAN. ) SOLID_ANGLE_UNIT ( ) );
#1679 = EDGE_LOOP ( 'NONE', ( #4684, #6812, #3717, #2006, #7411, #3178, #3443, #3726, #3804, #5484 ) ) ;
#1680 = CARTESIAN_POINT ( 'NONE',  ( -0.09945084613158955422, 0.04196055061682803233, -0.04850717439621220206 ) ) ;
#1681 =( LENGTH_UNIT ( ) NAMED_UNIT ( * ) SI_UNIT ( $, .METRE. ) );
#1682 = LINE ( 'NONE', #6362, #7113 ) ;
#1683 = CARTESIAN_POINT ( 'NONE',  ( -0.04921259842519685318, 0.09448818897637795144, -0.01771653543307086937 ) ) ;
#1684 = MECHANICAL_DESIGN_GEOMETRIC_PRESENTATION_REPRESENTATION (  '', ( #4423 ), #7286 ) ;
#1685 = PRESENTATION_STYLE_ASSIGNMENT (( #3132 ) ) ;
#1686 = CARTESIAN_POINT ( 'NONE',  ( -0.1003937007874012161, 0.03937007874015748671, -0.04850717439621213961 ) ) ;
#1687 =( NAMED_UNIT ( * ) SI_UNIT ( $, .STERADIAN. ) SOLID_ANGLE_UNIT ( ) );
#1688 = ORIENTED_EDGE ( 'NONE', *, *, #8552, .F. ) ;
#1689 = EDGE_CURVE ( 'NONE', #2028, #4732, #6684, .T. ) ;
#1690 = ORIENTED_EDGE ( 'NONE', *, *, #769, .T. ) ;
#1691 = STYLED_ITEM ( 'NONE', ( #2417 ), #8762 ) ;
#1692 =( CONVERSION_BASED_UNIT ( 'INCH', #3142 ) LENGTH_UNIT ( ) NAMED_UNIT ( #6269 ) );
#1693 = VECTOR ( 'NONE', #2966, 39.37007874015748143 ) ;
#1694 = EDGE_CURVE ( 'NONE', #7840, #8514, #6021, .T. ) ;
#1695 = DIRECTION ( 'NONE',  ( 0.0000000000000000000, 0.0000000000000000000, -1.000000000000000000 ) ) ;
#1696 = FACE_OUTER_BOUND ( 'NONE', #8823, .T. ) ;
#1697 = VERTEX_POINT ( 'NONE', #2057 ) ;
#1698 = SURFACE_STYLE_USAGE ( .BOTH. , #7009 ) ;
#1699 = ORIENTED_EDGE ( 'NONE', *, *, #2538, .T. ) ;
#1700 = CARTESIAN_POINT ( 'NONE',  ( -0.1200787401574803237, -0.003937007874015747977, -0.04724409448818897572 ) ) ;
#1701 = MECHANICAL_DESIGN_GEOMETRIC_PRESENTATION_REPRESENTATION (  '', ( #2140 ), #7011 ) ;
#1702 = FILL_AREA_STYLE ('',( #1612 ) ) ;
#1703 = PLANE ( 'NONE',  #574 ) ;
#1704 =( NAMED_UNIT ( * ) PLANE_ANGLE_UNIT ( ) SI_UNIT ( $, .RADIAN. ) );
#1705 = DIRECTION ( 'NONE',  ( 0.0000000000000000000, -1.000000000000000000, 0.0000000000000000000 ) ) ;
#1706 =( LENGTH_UNIT ( ) NAMED_UNIT ( * ) SI_UNIT ( $, .METRE. ) );
#1707 = UNCERTAINTY_MEASURE_WITH_UNIT (LENGTH_MEASURE( 1.000000000000000082E-05 ), #5464, 'distance_accuracy_value', 'NONE');
#1708 = CARTESIAN_POINT ( 'NONE',  ( -0.1003937007874015908, 0.03937007874015747977, -0.05314960629921260116 ) ) ;
#1709 = SURFACE_SIDE_STYLE ('',( #3016 ) ) ;
#1710 = MECHANICAL_DESIGN_GEOMETRIC_PRESENTATION_REPRESENTATION (  '', ( #7871 ), #8440 ) ;
#1711 = DIRECTION ( 'NONE',  ( -1.741473112329314938E-32, -1.000000000000000000, -1.606225440719264641E-16 ) ) ;
#1712 = CARTESIAN_POINT ( 'NONE',  ( 0.1200787401574803237, 0.01507924023197730438, -0.01181102362204724393 ) ) ;
#1713 = DIRECTION ( 'NONE',  ( 0.0000000000000000000, -1.000000000000000000, 0.0000000000000000000 ) ) ;
#1714 = FILL_AREA_STYLE ('',( #3983 ) ) ;
#1715 = CARTESIAN_POINT ( 'NONE',  ( -0.1008533029310216822, 0.03937007874015924919, 0.05119208189346455273 ) ) ;
#1716 = ORIENTED_EDGE ( 'NONE', *, *, #1859, .F. ) ;
#1717 = DIRECTION ( 'NONE',  ( 0.3236155771181853935, -0.8891264907159878161, 0.3236155771181853935 ) ) ;
#1718 = DIRECTION ( 'NONE',  ( 0.0000000000000000000, 0.0000000000000000000, -1.000000000000000000 ) ) ;
#1719 = LINE ( 'NONE', #4476, #5648 ) ;
#1720 = DIRECTION ( 'NONE',  ( 0.0000000000000000000, 1.000000000000000000, 0.0000000000000000000 ) ) ;
#1721 = ORIENTED_EDGE ( 'NONE', *, *, #5931, .F. ) ;
#1722 = MECHANICAL_DESIGN_GEOMETRIC_PRESENTATION_REPRESENTATION (  '', ( #3893 ), #4766 ) ;
#1723 = EDGE_CURVE ( 'NONE', #3317, #3278, #7528, .T. ) ;
#1724 = SURFACE_STYLE_USAGE ( .BOTH. , #5161 ) ;
#1725 = PRESENTATION_STYLE_ASSIGNMENT (( #7785 ) ) ;
#1726 = FACE_OUTER_BOUND ( 'NONE', #8633, .T. ) ;
#1727 =( CONVERSION_BASED_UNIT ( 'INCH', #7873 ) LENGTH_UNIT ( ) NAMED_UNIT ( #1325 ) );
#1728 =( CONVERSION_BASED_UNIT ( 'INCH', #3771 ) LENGTH_UNIT ( ) NAMED_UNIT ( #2313 ) );
#1729 = AXIS2_PLACEMENT_3D ( 'NONE', #7152, #3199, #4515 ) ;
#1730 =( GEOMETRIC_REPRESENTATION_CONTEXT ( 3 ) GLOBAL_UNCERTAINTY_ASSIGNED_CONTEXT ( ( #416 ) ) GLOBAL_UNIT_ASSIGNED_CONTEXT ( ( #431, #5248, #4581 ) ) REPRESENTATION_CONTEXT ( 'NONE', 'WORKASPACE' ) );
#1731 = SURFACE_SIDE_STYLE ('',( #5079 ) ) ;
#1732 = ORIENTED_EDGE ( 'NONE', *, *, #1859, .T. ) ;
#1733 = DIRECTION ( 'NONE',  ( 1.000000000000000000, 0.0000000000000000000, -3.516331370223255265E-16 ) ) ;
#1734 = ORIENTED_EDGE ( 'NONE', *, *, #3859, .T. ) ;
#1735 = PLANE ( 'NONE',  #386 ) ;
#1736 = EDGE_CURVE ( 'NONE', #5264, #6740, #4725, .T. ) ;
#1737 = CARTESIAN_POINT ( 'NONE',  ( 0.1200787401574803237, 0.01901624810599303328, -0.01181102362204724393 ) ) ;
#1738 = MECHANICAL_DESIGN_GEOMETRIC_PRESENTATION_REPRESENTATION (  '', ( #5632 ), #8463 ) ;
#1739 = AXIS2_PLACEMENT_3D ( 'NONE', #2682, #833, #4889 ) ;
#1740 =( NAMED_UNIT ( * ) PLANE_ANGLE_UNIT ( ) SI_UNIT ( $, .RADIAN. ) );
#1741 = DIRECTION ( 'NONE',  ( 1.000000000000000000, 0.0000000000000000000, 0.0000000000000000000 ) ) ;
#1742 = SURFACE_STYLE_FILL_AREA ( #7846 ) ;
#1743 = ORIENTED_EDGE ( 'NONE', *, *, #4257, .F. ) ;
#1744 = LINE ( 'NONE', #6598, #8087 ) ;
#1745 = SURFACE_SIDE_STYLE ('',( #4598 ) ) ;
#1746 = PRESENTATION_LAYER_ASSIGNMENT (  '', '', ( #8051 ) ) ;
#1747 = ORIENTED_EDGE ( 'NONE', *, *, #8538, .F. ) ;
#1748 = CYLINDRICAL_SURFACE ( 'NONE', #3685, 0.003937007874015749712 ) ;
#1749 = EDGE_CURVE ( 'NONE', #4818, #6951, #3359, .T. ) ;
#1750 = VECTOR ( 'NONE', #6102, 39.37007874015748143 ) ;
#1751 = ADVANCED_FACE ( 'NONE', ( #7616 ), #3460, .F. ) ;
#1752 = EDGE_LOOP ( 'NONE', ( #8335, #5026, #5180, #7221 ) ) ;
#1753 = UNCERTAINTY_MEASURE_WITH_UNIT (LENGTH_MEASURE( 1.000000000000000082E-05 ), #8503, 'distance_accuracy_value', 'NONE');
#1754 = DIRECTION ( 'NONE',  ( -1.000000000000000000, 0.0000000000000000000, 0.0000000000000000000 ) ) ;
#1755 =( LENGTH_UNIT ( ) NAMED_UNIT ( * ) SI_UNIT ( $, .METRE. ) );
#1756 = EDGE_CURVE ( 'NONE', #5576, #359, #4054, .T. ) ;
#1757 =( NAMED_UNIT ( * ) PLANE_ANGLE_UNIT ( ) SI_UNIT ( $, .RADIAN. ) );
#1758 = DIRECTION ( 'NONE',  ( 0.0000000000000000000, 1.000000000000000000, 0.0000000000000000000 ) ) ;
#1759 = PRESENTATION_STYLE_ASSIGNMENT (( #5317 ) ) ;
#1760 =( NAMED_UNIT ( * ) PLANE_ANGLE_UNIT ( ) SI_UNIT ( $, .RADIAN. ) );
#1761 = DIRECTION ( 'NONE',  ( -2.344220913482170177E-16, 0.0000000000000000000, 1.000000000000000000 ) ) ;
#1762 = ADVANCED_FACE ( 'NONE', ( #5388 ), #6818, .T. ) ;
#1763 = UNCERTAINTY_MEASURE_WITH_UNIT (LENGTH_MEASURE( 1.000000000000000082E-05 ), #495, 'distance_accuracy_value', 'NONE');
#1764 = DIRECTION ( 'NONE',  ( 0.0000000000000000000, 1.000000000000000000, 0.0000000000000000000 ) ) ;
#1765 = DIRECTION ( 'NONE',  ( 0.0000000000000000000, 0.0000000000000000000, -1.000000000000000000 ) ) ;
#1766 = PLANE ( 'NONE',  #4538 ) ;
#1767 = CIRCLE ( 'NONE', #2499, 0.005905511811023620231 ) ;
#1768 = DIRECTION ( 'NONE',  ( -1.000000000000000000, 0.0000000000000000000, 0.0000000000000000000 ) ) ;
#1769 = ORIENTED_EDGE ( 'NONE', *, *, #7943, .T. ) ;
#1770 = SURFACE_STYLE_FILL_AREA ( #513 ) ;
#1771 = CARTESIAN_POINT ( 'NONE',  ( -0.04527559055118110520, 0.09842519685039370636, -0.01771653543307086937 ) ) ;
#1772 = ORIENTED_EDGE ( 'NONE', *, *, #4857, .T. ) ;
#1773 = VECTOR ( 'NONE', #4198, 39.37007874015748143 ) ;
#1774 = DIRECTION ( 'NONE',  ( 0.0000000000000000000, 1.000000000000000000, 0.0000000000000000000 ) ) ;
#1775 = FILL_AREA_STYLE_COLOUR ( '', #5808 ) ;
#1776 = DIRECTION ( 'NONE',  ( -1.000000000000000000, 0.0000000000000000000, 0.0000000000000000000 ) ) ;
#1777 = COLOUR_RGB ( '',0.7686274509803920907, 0.7686274509803920907, 0.7686274509803920907 ) ;
#1778 = MECHANICAL_DESIGN_GEOMETRIC_PRESENTATION_REPRESENTATION (  '', ( #7085 ), #5948 ) ;
#1779 = FILL_AREA_STYLE ('',( #7921 ) ) ;
#1780 = VERTEX_POINT ( 'NONE', #7831 ) ;
#1781 =( LENGTH_UNIT ( ) NAMED_UNIT ( * ) SI_UNIT ( $, .METRE. ) );
#1782 = ORIENTED_EDGE ( 'NONE', *, *, #7937, .F. ) ;
#1783 = LINE ( 'NONE', #3283, #285 ) ;
#1784 = AXIS2_PLACEMENT_3D ( 'NONE', #8556, #4305, #888 ) ;
#1785 = PRESENTATION_LAYER_ASSIGNMENT (  '', '', ( #2785 ) ) ;
#1786 =( NAMED_UNIT ( * ) PLANE_ANGLE_UNIT ( ) SI_UNIT ( $, .RADIAN. ) );
#1787 = LINE ( 'NONE', #7354, #4390 ) ;
#1788 = DIRECTION ( 'NONE',  ( 0.0000000000000000000, 0.0000000000000000000, -1.000000000000000000 ) ) ;
#1789 = CARTESIAN_POINT ( 'NONE',  ( 0.1200787401574803237, -0.009085487128351082964, 0.01968503937007873988 ) ) ;
#1790 = EDGE_LOOP ( 'NONE', ( #3642, #3468, #8834, #2893 ) ) ;
#1791 = STYLED_ITEM ( 'NONE', ( #4295 ), #2201 ) ;
#1792 =( GEOMETRIC_REPRESENTATION_CONTEXT ( 3 ) GLOBAL_UNCERTAINTY_ASSIGNED_CONTEXT ( ( #1618 ) ) GLOBAL_UNIT_ASSIGNED_CONTEXT ( ( #3191, #7228, #5936 ) ) REPRESENTATION_CONTEXT ( 'NONE', 'WORKASPACE' ) );
#1793 = PRESENTATION_LAYER_ASSIGNMENT (  '', '', ( #5675 ) ) ;
#1794 = ORIENTED_EDGE ( 'NONE', *, *, #2745, .F. ) ;
#1795 = DIRECTION ( 'NONE',  ( 0.0000000000000000000, 0.0000000000000000000, -1.000000000000000000 ) ) ;
#1796 = ORIENTED_EDGE ( 'NONE', *, *, #8325, .T. ) ;
#1797 = CARTESIAN_POINT ( 'NONE',  ( -0.1200787401574803237, 0.01968503937007873988, -0.05118110236220473064 ) ) ;
#1798 = EDGE_CURVE ( 'NONE', #4064, #4833, #121, .T. ) ;
#1799 = DIRECTION ( 'NONE',  ( 0.0000000000000000000, 1.000000000000000000, 0.0000000000000000000 ) ) ;
#1800 =( NAMED_UNIT ( * ) SI_UNIT ( $, .STERADIAN. ) SOLID_ANGLE_UNIT ( ) );
#1801 =( GEOMETRIC_REPRESENTATION_CONTEXT ( 3 ) GLOBAL_UNCERTAINTY_ASSIGNED_CONTEXT ( ( #5148 ) ) GLOBAL_UNIT_ASSIGNED_CONTEXT ( ( #3582, #2923, #5764 ) ) REPRESENTATION_CONTEXT ( 'NONE', 'WORKASPACE' ) );
#1802 =( GEOMETRIC_REPRESENTATION_CONTEXT ( 3 ) GLOBAL_UNCERTAINTY_ASSIGNED_CONTEXT ( ( #7900 ) ) GLOBAL_UNIT_ASSIGNED_CONTEXT ( ( #7327, #5227, #1800 ) ) REPRESENTATION_CONTEXT ( 'NONE', 'WORKASPACE' ) );
#1803 = VECTOR ( 'NONE', #6002, 39.37007874015748143 ) ;
#1804 = CARTESIAN_POINT ( 'NONE',  ( 0.1102370375520064921, 0.01968503937007873988, 0.04724409448818897572 ) ) ;
#1805 =( NAMED_UNIT ( * ) PLANE_ANGLE_UNIT ( ) SI_UNIT ( $, .RADIAN. ) );
#1806 = CARTESIAN_POINT ( 'NONE',  ( -0.1200787401574803237, 0.01507924023197730438, 0.01181102362204724393 ) ) ;
#1807 = CARTESIAN_POINT ( 'NONE',  ( 0.1431733283613561003, 0.003937007874015747977, 0.01181102362204724393 ) ) ;
#1808 = VECTOR ( 'NONE', #7598, 39.37007874015748143 ) ;
#1809 = VECTOR ( 'NONE', #3381, 39.37007874015748143 ) ;
#1810 = MECHANICAL_DESIGN_GEOMETRIC_PRESENTATION_REPRESENTATION (  '', ( #636 ), #241 ) ;
#1811 = EDGE_CURVE ( 'NONE', #8151, #2629, #3552, .T. ) ;
#1812 = CARTESIAN_POINT ( 'NONE',  ( -0.1200787401574803237, 0.01968503937007873988, 0.05118110236220473064 ) ) ;
#1813 = DIMENSIONAL_EXPONENTS ( 1.000000000000000000, 0.0000000000000000000, 0.0000000000000000000, 0.0000000000000000000, 0.0000000000000000000, 0.0000000000000000000, 0.0000000000000000000 ) ;
#1814 = LINE ( 'NONE', #4568, #4373 ) ;
#1815 = EDGE_CURVE ( 'NONE', #4169, #6302, #1682, .T. ) ;
#1816 =( CONVERSION_BASED_UNIT ( 'INCH', #7198 ) LENGTH_UNIT ( ) NAMED_UNIT ( #1977 ) );
#1817 = MECHANICAL_DESIGN_GEOMETRIC_PRESENTATION_REPRESENTATION (  '', ( #812 ), #6122 ) ;
#1818 = VECTOR ( 'NONE', #8680, 39.37007874015748143 ) ;
#1819 = DIRECTION ( 'NONE',  ( 0.0000000000000000000, -1.000000000000000000, 0.0000000000000000000 ) ) ;
#1820 = EDGE_LOOP ( 'NONE', ( #118, #3334, #7573, #4743 ) ) ;
#1821 = FACE_OUTER_BOUND ( 'NONE', #2280, .T. ) ;
#1822 = LINE ( 'NONE', #8491, #219 ) ;
#1823 = SURFACE_SIDE_STYLE ('',( #5203 ) ) ;
#1824 = ORIENTED_EDGE ( 'NONE', *, *, #3689, .F. ) ;
#1825 = MECHANICAL_DESIGN_GEOMETRIC_PRESENTATION_REPRESENTATION (  '', ( #3408 ), #7976 ) ;
#1826 =( GEOMETRIC_REPRESENTATION_CONTEXT ( 3 ) GLOBAL_UNCERTAINTY_ASSIGNED_CONTEXT ( ( #6869 ) ) GLOBAL_UNIT_ASSIGNED_CONTEXT ( ( #7234, #1760, #4016 ) ) REPRESENTATION_CONTEXT ( 'NONE', 'WORKASPACE' ) );
#1827 = DIRECTION ( 'NONE',  ( 0.0000000000000000000, 0.0000000000000000000, -1.000000000000000000 ) ) ;
#1828 = LINE ( 'NONE', #8593, #5736 ) ;
#1829 = PRESENTATION_STYLE_ASSIGNMENT (( #606 ) ) ;
#1830 = LINE ( 'NONE', #5294, #3963 ) ;
#1831 = CARTESIAN_POINT ( 'NONE',  ( 0.2709745503680062728, 0.01968503937007873988, -0.04724409448818897572 ) ) ;
#1832 = VECTOR ( 'NONE', #5090, 39.37007874015748143 ) ;
#1833 = VERTEX_POINT ( 'NONE', #3722 ) ;
#1834 = FACE_OUTER_BOUND ( 'NONE', #2392, .T. ) ;
#1835 = ORIENTED_EDGE ( 'NONE', *, *, #6708, .T. ) ;
#1836 = DIRECTION ( 'NONE',  ( 0.0000000000000000000, 1.000000000000000000, 0.0000000000000000000 ) ) ;
#1838 = DIRECTION ( 'NONE',  ( 0.3236155771181854490, -0.8891264907159878161, 0.3236155771181854490 ) ) ;
#1837 = MECHANICAL_DESIGN_GEOMETRIC_PRESENTATION_REPRESENTATION (  '', ( #8563 ), #542 ) ;
#1839 = FILL_AREA_STYLE ('',( #1246 ) ) ;
#1840 = PLANE ( 'NONE',  #7107 ) ;
#1841 =( LENGTH_UNIT ( ) NAMED_UNIT ( * ) SI_UNIT ( $, .METRE. ) );
#1842 = VERTEX_POINT ( 'NONE', #206 ) ;
#1843 = SURFACE_STYLE_USAGE ( .BOTH. , #7981 ) ;
#1844 = MECHANICAL_DESIGN_GEOMETRIC_PRESENTATION_REPRESENTATION (  '', ( #4002 ), #4878 ) ;
#1845 = ORIENTED_EDGE ( 'NONE', *, *, #1869, .T. ) ;
#1846 = ORIENTED_EDGE ( 'NONE', *, *, #1870, .T. ) ;
#1847 = LINE ( 'NONE', #5223, #6265 ) ;
#1848 = MECHANICAL_DESIGN_GEOMETRIC_PRESENTATION_REPRESENTATION (  '', ( #4142 ), #7720 ) ;
#1849 = UNCERTAINTY_MEASURE_WITH_UNIT (LENGTH_MEASURE( 1.000000000000000082E-05 ), #4635, 'distance_accuracy_value', 'NONE');
#1850 =( NAMED_UNIT ( * ) SI_UNIT ( $, .STERADIAN. ) SOLID_ANGLE_UNIT ( ) );
#1851 = LINE ( 'NONE', #1939, #2663 ) ;
#1852 = SURFACE_STYLE_FILL_AREA ( #8076 ) ;
#1853 = FILL_AREA_STYLE_COLOUR ( '', #8380 ) ;
#1854 = STYLED_ITEM ( 'NONE', ( #4353 ), #3471 ) ;
#1855 = SURFACE_STYLE_USAGE ( .BOTH. , #7369 ) ;
#1856 = VERTEX_POINT ( 'NONE', #2858 ) ;
#1857 =( LENGTH_UNIT ( ) NAMED_UNIT ( * ) SI_UNIT ( $, .METRE. ) );
#1858 = DIRECTION ( 'NONE',  ( 0.0000000000000000000, 0.0000000000000000000, -1.000000000000000000 ) ) ;
#1859 = EDGE_CURVE ( 'NONE', #7026, #3446, #5613, .T. ) ;
#1860 =( CONVERSION_BASED_UNIT ( 'INCH', #6710 ) LENGTH_UNIT ( ) NAMED_UNIT ( #1463 ) );
#1861 = CARTESIAN_POINT ( 'NONE',  ( 0.1102370375520062978, 0.03543307086614173873, -0.07283464566929134798 ) ) ;
#1862 = PRESENTATION_STYLE_ASSIGNMENT (( #5238 ) ) ;
#1863 = EDGE_CURVE ( 'NONE', #2588, #3559, #6793, .T. ) ;
#1864 = EDGE_LOOP ( 'NONE', ( #5773, #5741, #3068, #4668 ) ) ;
#1865 =( NAMED_UNIT ( * ) PLANE_ANGLE_UNIT ( ) SI_UNIT ( $, .RADIAN. ) );
#1866 = CIRCLE ( 'NONE', #7599, 0.003937007874015749712 ) ;
#1867 = PRESENTATION_STYLE_ASSIGNMENT (( #6624 ) ) ;
#1868 = ORIENTED_EDGE ( 'NONE', *, *, #3923, .F. ) ;
#1869 = EDGE_CURVE ( 'NONE', #3126, #8572, #7706, .T. ) ;
#1870 = EDGE_CURVE ( 'NONE', #6132, #7067, #2897, .T. ) ;
#1871 =( CONVERSION_BASED_UNIT ( 'INCH', #515 ) LENGTH_UNIT ( ) NAMED_UNIT ( #4819 ) );
#1872 = SURFACE_STYLE_FILL_AREA ( #7306 ) ;
#1873 = CARTESIAN_POINT ( 'NONE',  ( 0.1200787401574803237, 0.01968503937007873988, 0.05118110236220473064 ) ) ;
#1874 = AXIS2_PLACEMENT_3D ( 'NONE', #1086, #2401, #6560 ) ;
#1875 = PRESENTATION_STYLE_ASSIGNMENT (( #3862 ) ) ;
#1876 = SURFACE_STYLE_USAGE ( .BOTH. , #8017 ) ;
#1877 = DIMENSIONAL_EXPONENTS ( 1.000000000000000000, 0.0000000000000000000, 0.0000000000000000000, 0.0000000000000000000, 0.0000000000000000000, 0.0000000000000000000, 0.0000000000000000000 ) ;
#1878 = ORIENTED_EDGE ( 'NONE', *, *, #3137, .F. ) ;
#1879 = VERTEX_POINT ( 'NONE', #308 ) ;
#1880 = MECHANICAL_DESIGN_GEOMETRIC_PRESENTATION_REPRESENTATION (  '', ( #5617 ), #2735 ) ;
#1881 = EDGE_CURVE ( 'NONE', #3928, #4868, #168, .T. ) ;
#1882 = LINE ( 'NONE', #5214, #1001 ) ;
#1883 =( NAMED_UNIT ( * ) SI_UNIT ( $, .STERADIAN. ) SOLID_ANGLE_UNIT ( ) );
#1884 = FILL_AREA_STYLE_COLOUR ( '', #8074 ) ;
#1885 = VECTOR ( 'NONE', #5767, 39.37007874015748143 ) ;
#1886 =( GEOMETRIC_REPRESENTATION_CONTEXT ( 3 ) GLOBAL_UNCERTAINTY_ASSIGNED_CONTEXT ( ( #8136 ) ) GLOBAL_UNIT_ASSIGNED_CONTEXT ( ( #6766, #5651, #3595 ) ) REPRESENTATION_CONTEXT ( 'NONE', 'WORKASPACE' ) );
#1887 = FILL_AREA_STYLE ('',( #5219 ) ) ;
#1888 = VERTEX_POINT ( 'NONE', #4941 ) ;
#1889 = CARTESIAN_POINT ( 'NONE',  ( -0.09945084613158955422, 0.04196055061682803233, 0.04850717439621220206 ) ) ;
#1890 = CARTESIAN_POINT ( 'NONE',  ( -0.1200787401574803237, 0.03937007874015747977, 0.05511811023622047168 ) ) ;
#1891 = ORIENTED_EDGE ( 'NONE', *, *, #7418, .T. ) ;
#1892 = PRESENTATION_STYLE_ASSIGNMENT (( #8033 ) ) ;
#1893 = STYLED_ITEM ( 'NONE', ( #4469 ), #4956 ) ;
#1894 = DIRECTION ( 'NONE',  ( 0.1045284632676536235, -0.9945218953682732899, -1.133299869613614284E-17 ) ) ;
#1895 = VECTOR ( 'NONE', #3774, 39.37007874015748143 ) ;
#1896 = CARTESIAN_POINT ( 'NONE',  ( 0.1200787401574803237, 0.01968503937007873988, -0.07283464566929134798 ) ) ;
#1897 = CIRCLE ( 'NONE', #8052, 0.007874015748031495954 ) ;
#1898 = EDGE_LOOP ( 'NONE', ( #1180, #6294, #3762, #5225, #4753 ) ) ;
#1899 = DIRECTION ( 'NONE',  ( 0.0000000000000000000, -1.000000000000000000, 0.0000000000000000000 ) ) ;
#1900 = DIRECTION ( 'NONE',  ( 0.0000000000000000000, 0.0000000000000000000, 1.000000000000000000 ) ) ;
#1901 =( NAMED_UNIT ( * ) SI_UNIT ( $, .STERADIAN. ) SOLID_ANGLE_UNIT ( ) );
#1902 =( LENGTH_UNIT ( ) NAMED_UNIT ( * ) SI_UNIT ( $, .METRE. ) );
#1903 = DIRECTION ( 'NONE',  ( 0.0000000000000000000, -2.168404344971008079E-15, 1.000000000000000000 ) ) ;
#1904 = DIRECTION ( 'NONE',  ( 0.0000000000000000000, -1.000000000000000000, 0.0000000000000000000 ) ) ;
#1905 = LINE ( 'NONE', #4709, #72 ) ;
#1906 = ORIENTED_EDGE ( 'NONE', *, *, #5232, .F. ) ;
#1907 = SURFACE_STYLE_FILL_AREA ( #3207 ) ;
#1908 = DIMENSIONAL_EXPONENTS ( 1.000000000000000000, 0.0000000000000000000, 0.0000000000000000000, 0.0000000000000000000, 0.0000000000000000000, 0.0000000000000000000, 0.0000000000000000000 ) ;
#1909 = LINE ( 'NONE', #4659, #5371 ) ;
#1910 = CARTESIAN_POINT ( 'NONE',  ( -0.1200787401574803237, -0.009085487128351082964, -0.01968503937007873988 ) ) ;
#1911 = LINE ( 'NONE', #4661, #6335 ) ;
#1912 = LENGTH_MEASURE_WITH_UNIT ( LENGTH_MEASURE( 0.02539999999999999897 ), #2465 );
#1913 =( NAMED_UNIT ( * ) PLANE_ANGLE_UNIT ( ) SI_UNIT ( $, .RADIAN. ) );
#1914 = ORIENTED_EDGE ( 'NONE', *, *, #429, .T. ) ;
#1915 = LENGTH_MEASURE_WITH_UNIT ( LENGTH_MEASURE( 0.02539999999999999897 ), #2052 );
#1916 =( GEOMETRIC_REPRESENTATION_CONTEXT ( 3 ) GLOBAL_UNCERTAINTY_ASSIGNED_CONTEXT ( ( #2178 ) ) GLOBAL_UNIT_ASSIGNED_CONTEXT ( ( #5057, #3795, #2449 ) ) REPRESENTATION_CONTEXT ( 'NONE', 'WORKASPACE' ) );
#1917 = VERTEX_POINT ( 'NONE', #1506 ) ;
#1918 = DIRECTION ( 'NONE',  ( 3.516331370223255265E-16, 0.0000000000000000000, 1.000000000000000000 ) ) ;
#1919 = EDGE_CURVE ( 'NONE', #2736, #4637, #6409, .T. ) ;
#1920 =( CONVERSION_BASED_UNIT ( 'INCH', #613 ) LENGTH_UNIT ( ) NAMED_UNIT ( #6940 ) );
#1921 = ADVANCED_FACE ( 'NONE', ( #6991 ), #2335, .T. ) ;
#1922 = PLANE ( 'NONE',  #7333 ) ;
#1923 = CARTESIAN_POINT ( 'NONE',  ( 0.1102370375520062978, 0.03937007874015747977, -0.01968503937007873988 ) ) ;
#1924 = LENGTH_MEASURE_WITH_UNIT ( LENGTH_MEASURE( 0.02539999999999999897 ), #6725 );
#1925 = PRESENTATION_LAYER_ASSIGNMENT (  '', '', ( #4658 ) ) ;
#1927 = DIRECTION ( 'NONE',  ( 2.276824562219559627E-14, 0.0000000000000000000, -1.000000000000000000 ) ) ;
#1926 = VECTOR ( 'NONE', #3286, 39.37007874015748143 ) ;
#1928 = EDGE_CURVE ( 'NONE', #4637, #2325, #1020, .T. ) ;
#1929 = EDGE_CURVE ( 'NONE', #8705, #4858, #6493, .T. ) ;
#1930 =( LENGTH_UNIT ( ) NAMED_UNIT ( * ) SI_UNIT ( $, .METRE. ) );
#1931 = VERTEX_POINT ( 'NONE', #6069 ) ;
#1932 = CARTESIAN_POINT ( 'NONE',  ( -0.04527559055118110520, 0.09448818897637795144, 0.01771653543307086937 ) ) ;
#1933 = ORIENTED_EDGE ( 'NONE', *, *, #1115, .T. ) ;
#1934 = FILL_AREA_STYLE_COLOUR ( '', #7265 ) ;
#1935 = ORIENTED_EDGE ( 'NONE', *, *, #8664, .F. ) ;
#1936 =( GEOMETRIC_REPRESENTATION_CONTEXT ( 3 ) GLOBAL_UNCERTAINTY_ASSIGNED_CONTEXT ( ( #1346 ) ) GLOBAL_UNIT_ASSIGNED_CONTEXT ( ( #5558, #7606, #7242 ) ) REPRESENTATION_CONTEXT ( 'NONE', 'WORKASPACE' ) );
#1937 = AXIS2_PLACEMENT_3D ( 'NONE', #4582, #3130, #7205 ) ;
#1938 = FILL_AREA_STYLE ('',( #539 ) ) ;
#1939 = CARTESIAN_POINT ( 'NONE',  ( 0.1102370375520064921, 0.01968503937007873988, 0.07283464566929134798 ) ) ;
#1940 =( LENGTH_UNIT ( ) NAMED_UNIT ( * ) SI_UNIT ( $, .METRE. ) );
#1941 = STYLED_ITEM ( 'NONE', ( #7219 ), #2040 ) ;
#1942 = STYLED_ITEM ( 'NONE', ( #6013 ), #6971 ) ;
#1943 =( GEOMETRIC_REPRESENTATION_CONTEXT ( 3 ) GLOBAL_UNCERTAINTY_ASSIGNED_CONTEXT ( ( #5678 ) ) GLOBAL_UNIT_ASSIGNED_CONTEXT ( ( #4363, #2352, #7053 ) ) REPRESENTATION_CONTEXT ( 'NONE', 'WORKASPACE' ) );
#1944 =( GEOMETRIC_REPRESENTATION_CONTEXT ( 3 ) GLOBAL_UNCERTAINTY_ASSIGNED_CONTEXT ( ( #6512 ) ) GLOBAL_UNIT_ASSIGNED_CONTEXT ( ( #4526, #8726, #5913 ) ) REPRESENTATION_CONTEXT ( 'NONE', 'WORKASPACE' ) );
#1945 = EDGE_LOOP ( 'NONE', ( #6987, #6015, #6197, #3572, #2863, #1601, #5530, #7838, #3736, #6507 ) ) ;
#1946 = SURFACE_STYLE_FILL_AREA ( #1187 ) ;
#1947 = DIRECTION ( 'NONE',  ( 0.0000000000000000000, -1.000000000000000000, 0.0000000000000000000 ) ) ;
#1948 =( GEOMETRIC_REPRESENTATION_CONTEXT ( 3 ) GLOBAL_UNCERTAINTY_ASSIGNED_CONTEXT ( ( #1707 ) ) GLOBAL_UNIT_ASSIGNED_CONTEXT ( ( #5464, #1865, #5370 ) ) REPRESENTATION_CONTEXT ( 'NONE', 'WORKASPACE' ) );
#1949 = CIRCLE ( 'NONE', #3090, 0.005905511811023620231 ) ;
#1950 = VECTOR ( 'NONE', #2434, 39.37007874015748143 ) ;
#1951 = VECTOR ( 'NONE', #1053, 39.37007874015748143 ) ;
#1952 = DIRECTION ( 'NONE',  ( 0.0000000000000000000, 0.0000000000000000000, 1.000000000000000000 ) ) ;
#1953 = PLANE ( 'NONE',  #7099 ) ;
#1954 = AXIS2_PLACEMENT_3D ( 'NONE', #3100, #4498, #7094 ) ;
#1955 = ORIENTED_EDGE ( 'NONE', *, *, #7833, .F. ) ;
#1956 = VECTOR ( 'NONE', #4556, 39.37007874015748143 ) ;
#1957 =( GEOMETRIC_REPRESENTATION_CONTEXT ( 3 ) GLOBAL_UNCERTAINTY_ASSIGNED_CONTEXT ( ( #294 ) ) GLOBAL_UNIT_ASSIGNED_CONTEXT ( ( #6910, #7499, #1423 ) ) REPRESENTATION_CONTEXT ( 'NONE', 'WORKASPACE' ) );
#1958 =( LENGTH_UNIT ( ) NAMED_UNIT ( * ) SI_UNIT ( $, .METRE. ) );
#1959 = DIRECTION ( 'NONE',  ( 1.084202172485503694E-16, 4.336808689942014778E-16, -1.000000000000000000 ) ) ;
#1960 = DIRECTION ( 'NONE',  ( 1.000000000000000000, 0.0000000000000000000, 0.0000000000000000000 ) ) ;
#1961 = CARTESIAN_POINT ( 'NONE',  ( -0.1200787401574803237, 0.01901624810599303328, -0.01181102362204724393 ) ) ;
#1962 =( GEOMETRIC_REPRESENTATION_CONTEXT ( 3 ) GLOBAL_UNCERTAINTY_ASSIGNED_CONTEXT ( ( #8582 ) ) GLOBAL_UNIT_ASSIGNED_CONTEXT ( ( #676, #8257, #6866 ) ) REPRESENTATION_CONTEXT ( 'NONE', 'WORKASPACE' ) );
#1963 = MECHANICAL_DESIGN_GEOMETRIC_PRESENTATION_REPRESENTATION (  '', ( #6405 ), #3403 ) ;
#1964 =( GEOMETRIC_REPRESENTATION_CONTEXT ( 3 ) GLOBAL_UNCERTAINTY_ASSIGNED_CONTEXT ( ( #8622 ) ) GLOBAL_UNIT_ASSIGNED_CONTEXT ( ( #5471, #2138, #5515 ) ) REPRESENTATION_CONTEXT ( 'NONE', 'WORKASPACE' ) );
#1965 = CARTESIAN_POINT ( 'NONE',  ( -0.04724409448818897572, 0.06299212598425196763, 0.02854330708661417110 ) ) ;
#1966 = DIRECTION ( 'NONE',  ( 1.000000000000000000, 0.0000000000000000000, 0.0000000000000000000 ) ) ;
#1967 = DIRECTION ( 'NONE',  ( 0.0000000000000000000, 0.0000000000000000000, 1.000000000000000000 ) ) ;
#1968 = VERTEX_POINT ( 'NONE', #4914 ) ;
#1969 = MECHANICAL_DESIGN_GEOMETRIC_PRESENTATION_REPRESENTATION (  '', ( #5559 ), #7826 ) ;
#1970 = STYLED_ITEM ( 'NONE', ( #8532 ), #8055 ) ;
#1971 = FILL_AREA_STYLE ('',( #8100 ) ) ;
#1972 = EDGE_LOOP ( 'NONE', ( #6140, #5430, #6890, #6622 ) ) ;
#1973 = FILL_AREA_STYLE ('',( #6939 ) ) ;
#1974 = SURFACE_STYLE_USAGE ( .BOTH. , #4591 ) ;
#1975 = MECHANICAL_DESIGN_GEOMETRIC_PRESENTATION_REPRESENTATION (  '', ( #105 ), #6282 ) ;
#1976 = LINE ( 'NONE', #1286, #1750 ) ;
#1977 = DIMENSIONAL_EXPONENTS ( 1.000000000000000000, 0.0000000000000000000, 0.0000000000000000000, 0.0000000000000000000, 0.0000000000000000000, 0.0000000000000000000, 0.0000000000000000000 ) ;
#1978 = SURFACE_SIDE_STYLE ('',( #4047 ) ) ;
#1979 = ADVANCED_FACE ( 'NONE', ( #2020 ), #4177, .F. ) ;
#1980 = SURFACE_STYLE_USAGE ( .BOTH. , #8068 ) ;
#1981 = VERTEX_POINT ( 'NONE', #8165 ) ;
#1982 = LINE ( 'NONE', #6155, #8409 ) ;
#1983 = ORIENTED_EDGE ( 'NONE', *, *, #7418, .F. ) ;
#1984 = ADVANCED_FACE ( 'NONE', ( #3329 ), #2699, .T. ) ;
#1985 = LENGTH_MEASURE_WITH_UNIT ( LENGTH_MEASURE( 0.02539999999999999897 ), #6700 );
#1986 = LINE ( 'NONE', #92, #1654 ) ;
#1987 = DIRECTION ( 'NONE',  ( 0.9396926207859082059, -0.3420201433256693790, 0.0000000000000000000 ) ) ;
#1988 = MECHANICAL_DESIGN_GEOMETRIC_PRESENTATION_REPRESENTATION (  '', ( #6855 ), #6999 ) ;
#1989 = CARTESIAN_POINT ( 'NONE',  ( -0.1122047244094488277, 0.0000000000000000000, -0.04724409448818897572 ) ) ;
#1990 = ORIENTED_EDGE ( 'NONE', *, *, #8333, .T. ) ;
#1991 = LINE ( 'NONE', #7332, #6967 ) ;
#1992 = CARTESIAN_POINT ( 'NONE',  ( 0.1031504233787781388, 0.03937007874015747977, -0.04850717439621220206 ) ) ;
#1993 = DIMENSIONAL_EXPONENTS ( 1.000000000000000000, 0.0000000000000000000, 0.0000000000000000000, 0.0000000000000000000, 0.0000000000000000000, 0.0000000000000000000, 0.0000000000000000000 ) ;
#1994 =( NAMED_UNIT ( * ) PLANE_ANGLE_UNIT ( ) SI_UNIT ( $, .RADIAN. ) );
#1995 = LINE ( 'NONE', #6750, #2938 ) ;
#1996 = EDGE_LOOP ( 'NONE', ( #5156, #356, #964, #2460 ) ) ;
#1997 = DIRECTION ( 'NONE',  ( -1.000000000000000000, 6.862345399394970231E-30, 1.339230562266586046E-43 ) ) ;
#1998 = FILL_AREA_STYLE ('',( #2214 ) ) ;
#1999 = DIRECTION ( 'NONE',  ( 0.0000000000000000000, 0.0000000000000000000, 1.000000000000000000 ) ) ;
#2000 = FILL_AREA_STYLE_COLOUR ( '', #506 ) ;
#2001 = CARTESIAN_POINT ( 'NONE',  ( -0.1200787401574803237, 0.01968503937007873988, -0.07283464566929134798 ) ) ;
#2002 = AXIS2_PLACEMENT_3D ( 'NONE', #7869, #7030, #925 ) ;
#2003 =( NAMED_UNIT ( * ) SI_UNIT ( $, .STERADIAN. ) SOLID_ANGLE_UNIT ( ) );
#2004 = ORIENTED_EDGE ( 'NONE', *, *, #5993, .T. ) ;
#2005 = PRESENTATION_STYLE_ASSIGNMENT (( #6761 ) ) ;
#2006 = ORIENTED_EDGE ( 'NONE', *, *, #7174, .T. ) ;
#2007 = SURFACE_STYLE_USAGE ( .BOTH. , #706 ) ;
#2008 = DIMENSIONAL_EXPONENTS ( 1.000000000000000000, 0.0000000000000000000, 0.0000000000000000000, 0.0000000000000000000, 0.0000000000000000000, 0.0000000000000000000, 0.0000000000000000000 ) ;
#2009 =( NAMED_UNIT ( * ) SI_UNIT ( $, .STERADIAN. ) SOLID_ANGLE_UNIT ( ) );
#2010 = CARTESIAN_POINT ( 'NONE',  ( 0.1200787401574803237, 0.01507924023197730438, 0.01181102362204724393 ) ) ;
#2011 = CARTESIAN_POINT ( 'NONE',  ( 0.1031504233787781388, 0.03149606299212598381, 0.05590632889058937127 ) ) ;
#2012 = PRESENTATION_STYLE_ASSIGNMENT (( #3055 ) ) ;
#2013 = DIRECTION ( 'NONE',  ( 1.000000000000000000, 0.0000000000000000000, 0.0000000000000000000 ) ) ;
#2014 = AXIS2_PLACEMENT_3D ( 'NONE', #2351, #8574, #8526 ) ;
#2015 = ORIENTED_EDGE ( 'NONE', *, *, #8221, .F. ) ;
#2016 = ORIENTED_EDGE ( 'NONE', *, *, #8327, .T. ) ;
#2017 =( CONVERSION_BASED_UNIT ( 'INCH', #2064 ) LENGTH_UNIT ( ) NAMED_UNIT ( #2171 ) );
#2018 = UNCERTAINTY_MEASURE_WITH_UNIT (LENGTH_MEASURE( 1.000000000000000082E-05 ), #5188, 'distance_accuracy_value', 'NONE');
#2019 = PRESENTATION_STYLE_ASSIGNMENT (( #5989 ) ) ;
#2020 = FACE_OUTER_BOUND ( 'NONE', #7959, .T. ) ;
#2021 = EDGE_CURVE ( 'NONE', #6510, #8357, #4010, .T. ) ;
#2022 = CARTESIAN_POINT ( 'NONE',  ( 0.1102370375520064921, 0.03149606299212598381, -1.195192356022515635E-17 ) ) ;
#2023 = DIRECTION ( 'NONE',  ( 0.0000000000000000000, 0.0000000000000000000, -1.000000000000000000 ) ) ;
#2024 = EDGE_CURVE ( 'NONE', #4855, #6083, #2228, .T. ) ;
#2025 = LINE ( 'NONE', #2118, #7258 ) ;
#2026 = EDGE_CURVE ( 'NONE', #6358, #7089, #2114, .T. ) ;
#2027 = AXIS2_PLACEMENT_3D ( 'NONE', #6703, #2620, #6115 ) ;
#2028 = VERTEX_POINT ( 'NONE', #4804 ) ;
#2029 = DIMENSIONAL_EXPONENTS ( 1.000000000000000000, 0.0000000000000000000, 0.0000000000000000000, 0.0000000000000000000, 0.0000000000000000000, 0.0000000000000000000, 0.0000000000000000000 ) ;
#2030 = LENGTH_MEASURE_WITH_UNIT ( LENGTH_MEASURE( 0.02539999999999999897 ), #2748 );
#2031 = COLOUR_RGB ( '',0.7686274509803920907, 0.7686274509803920907, 0.7686274509803920907 ) ;
#2032 = UNCERTAINTY_MEASURE_WITH_UNIT (LENGTH_MEASURE( 1.000000000000000082E-05 ), #578, 'distance_accuracy_value', 'NONE');
#2033 = DIRECTION ( 'NONE',  ( 0.0000000000000000000, 0.0000000000000000000, 1.000000000000000000 ) ) ;
#2034 = EDGE_CURVE ( 'NONE', #7659, #8845, #1131, .T. ) ;
#2035 = LENGTH_MEASURE_WITH_UNIT ( LENGTH_MEASURE( 0.02539999999999999897 ), #550 );
#2036 =( NAMED_UNIT ( * ) PLANE_ANGLE_UNIT ( ) SI_UNIT ( $, .RADIAN. ) );
#2037 = LINE ( 'NONE', #4145, #5399 ) ;
#2038 = EDGE_CURVE ( 'NONE', #6208, #4599, #700, .T. ) ;
#2039 = LINE ( 'NONE', #4843, #6960 ) ;
#2040 = ADVANCED_FACE ( 'NONE', ( #4546 ), #7522, .F. ) ;
#2041 = ORIENTED_EDGE ( 'NONE', *, *, #1359, .F. ) ;
#2042 = DIRECTION ( 'NONE',  ( 0.0000000000000000000, 1.951563910473907350E-14, -1.000000000000000000 ) ) ;
#2043 = DIRECTION ( 'NONE',  ( 1.000000000000000000, 0.0000000000000000000, 7.047314121155776454E-15 ) ) ;
#2044 = SURFACE_STYLE_FILL_AREA ( #5511 ) ;
#2045 = CARTESIAN_POINT ( 'NONE',  ( 0.1161417322834645688, 0.01968503937007873988, 0.06889763779527559306 ) ) ;
#2046 = CARTESIAN_POINT ( 'NONE',  ( -0.1161417322834645688, 0.01968503937007873988, -0.07283464566929134798 ) ) ;
#2047 = LINE ( 'NONE', #3540, #6817 ) ;
#2048 = DIMENSIONAL_EXPONENTS ( 1.000000000000000000, 0.0000000000000000000, 0.0000000000000000000, 0.0000000000000000000, 0.0000000000000000000, 0.0000000000000000000, 0.0000000000000000000 ) ;
#2049 = CARTESIAN_POINT ( 'NONE',  ( -0.1265117110087226326, 0.01901624810599307144, 0.01181102362204724393 ) ) ;
#2050 = SURFACE_SIDE_STYLE ('',( #6887 ) ) ;
#2051 = ORIENTED_EDGE ( 'NONE', *, *, #7615, .F. ) ;
#2052 =( LENGTH_UNIT ( ) NAMED_UNIT ( * ) SI_UNIT ( $, .METRE. ) );
#2053 = VERTEX_POINT ( 'NONE', #3877 ) ;
#2054 = CARTESIAN_POINT ( 'NONE',  ( 0.1031504233787781388, 0.03937007874015747977, 0.04850717439621220206 ) ) ;
#2055 = COLOUR_RGB ( '',0.7686274509803920907, 0.7686274509803920907, 0.7686274509803920907 ) ;
#2056 = SURFACE_SIDE_STYLE ('',( #6231 ) ) ;
#2057 = CARTESIAN_POINT ( 'NONE',  ( -0.04527559055118110520, 0.09842519685039370636, 0.02165354330708661734 ) ) ;
#2058 =( CONVERSION_BASED_UNIT ( 'INCH', #7579 ) LENGTH_UNIT ( ) NAMED_UNIT ( #1443 ) );
#2059 = COLOUR_RGB ( '',0.7686274509803920907, 0.7686274509803920907, 0.7686274509803920907 ) ;
#2060 = ORIENTED_EDGE ( 'NONE', *, *, #4396, .F. ) ;
#2061 = ORIENTED_EDGE ( 'NONE', *, *, #5602, .T. ) ;
#2062 = FACE_OUTER_BOUND ( 'NONE', #1038, .T. ) ;
#2063 = EDGE_LOOP ( 'NONE', ( #7795, #8780, #1589, #5408 ) ) ;
#2064 = LENGTH_MEASURE_WITH_UNIT ( LENGTH_MEASURE( 0.02539999999999999897 ), #1517 );
#2065 = LINE ( 'NONE', #6909, #4015 ) ;
#2066 = AXIS2_PLACEMENT_3D ( 'NONE', #3061, #5765, #7059 ) ;
#2067 = AXIS2_PLACEMENT_3D ( 'NONE', #5217, #1788, #4042 ) ;
#2068 =( NAMED_UNIT ( * ) SI_UNIT ( $, .STERADIAN. ) SOLID_ANGLE_UNIT ( ) );
#2069 =( NAMED_UNIT ( * ) PLANE_ANGLE_UNIT ( ) SI_UNIT ( $, .RADIAN. ) );
#2070 = CARTESIAN_POINT ( 'NONE',  ( -0.1350355830932151446, 0.01409498826347334657, -0.01181102362204724393 ) ) ;
#2071 =( NAMED_UNIT ( * ) SI_UNIT ( $, .STERADIAN. ) SOLID_ANGLE_UNIT ( ) );
#2072 = AXIS2_PLACEMENT_3D ( 'NONE', #6450, #5910, #7917 ) ;
#2073 = COLOUR_RGB ( '',1.000000000000000000, 1.000000000000000000, 1.000000000000000000 ) ;
#2074 = ORIENTED_EDGE ( 'NONE', *, *, #4859, .F. ) ;
#2075 = CARTESIAN_POINT ( 'NONE',  ( 0.1102370375520062978, -0.009085487128351082964, 0.01968503937007873988 ) ) ;
#2076 = COLOUR_RGB ( '',0.7686274509803920907, 0.7686274509803920907, 0.7686274509803920907 ) ;
#2077 =( GEOMETRIC_REPRESENTATION_CONTEXT ( 3 ) GLOBAL_UNCERTAINTY_ASSIGNED_CONTEXT ( ( #2355 ) ) GLOBAL_UNIT_ASSIGNED_CONTEXT ( ( #5417, #5237, #7468 ) ) REPRESENTATION_CONTEXT ( 'NONE', 'WORKASPACE' ) );
#2078 = CYLINDRICAL_SURFACE ( 'NONE', #6058, 0.003937007874015749712 ) ;
#2079 = CARTESIAN_POINT ( 'NONE',  ( -0.1102370375520064921, 0.03149606299212598381, 2.390384712045031269E-17 ) ) ;
#2080 = UNCERTAINTY_MEASURE_WITH_UNIT (LENGTH_MEASURE( 1.000000000000000082E-05 ), #6484, 'distance_accuracy_value', 'NONE');
#2081 = ORIENTED_EDGE ( 'NONE', *, *, #6706, .T. ) ;
#2082 = EDGE_CURVE ( 'NONE', #5351, #3042, #4673, .T. ) ;
#2083 = SURFACE_STYLE_FILL_AREA ( #8315 ) ;
#2084 = AXIS2_PLACEMENT_3D ( 'NONE', #148, #4930, #5598 ) ;
#2085 = AXIS2_PLACEMENT_3D ( 'NONE', #4925, #863, #1576 ) ;
#2086 = PRESENTATION_LAYER_ASSIGNMENT (  '', '', ( #7667 ) ) ;
#2087 = DIMENSIONAL_EXPONENTS ( 1.000000000000000000, 0.0000000000000000000, 0.0000000000000000000, 0.0000000000000000000, 0.0000000000000000000, 0.0000000000000000000, 0.0000000000000000000 ) ;
#2088 = EDGE_CURVE ( 'NONE', #4775, #1527, #1744, .T. ) ;
#2089 = DIRECTION ( 'NONE',  ( -1.000000000000000000, 0.0000000000000000000, 0.0000000000000000000 ) ) ;
#2090 = SURFACE_STYLE_FILL_AREA ( #62 ) ;
#2091 = PRESENTATION_LAYER_ASSIGNMENT (  '', '', ( #661 ) ) ;
#2092 = PRESENTATION_LAYER_ASSIGNMENT (  '', '', ( #1502 ) ) ;
#2093 = VECTOR ( 'NONE', #2344, 39.37007874015748143 ) ;
#2094 = VECTOR ( 'NONE', #1904, 39.37007874015748143 ) ;
#2095 =( NAMED_UNIT ( * ) SI_UNIT ( $, .STERADIAN. ) SOLID_ANGLE_UNIT ( ) );
#2096 = VERTEX_POINT ( 'NONE', #1889 ) ;
#2097 = CARTESIAN_POINT ( 'NONE',  ( -0.04527559055118110520, 0.09448818897637795144, 0.02559055118110236532 ) ) ;
#2098 = EDGE_LOOP ( 'NONE', ( #2166, #5733, #1207, #8614 ) ) ;
#2099 = COLOUR_RGB ( '',0.7686274509803920907, 0.7686274509803920907, 0.7686274509803920907 ) ;
#2100 = VECTOR ( 'NONE', #1261, 39.37007874015748143 ) ;
#2101 =( GEOMETRIC_REPRESENTATION_CONTEXT ( 3 ) GLOBAL_UNCERTAINTY_ASSIGNED_CONTEXT ( ( #3617 ) ) GLOBAL_UNIT_ASSIGNED_CONTEXT ( ( #2818, #6059, #3320 ) ) REPRESENTATION_CONTEXT ( 'NONE', 'WORKASPACE' ) );
#2102 = MECHANICAL_DESIGN_GEOMETRIC_PRESENTATION_REPRESENTATION (  '', ( #2514 ), #5826 ) ;
#2103 = FILL_AREA_STYLE ('',( #8858 ) ) ;
#2104 = FILL_AREA_STYLE_COLOUR ( '', #2468 ) ;
#2105 = LINE ( 'NONE', #2147, #4468 ) ;
#2106 = FACE_OUTER_BOUND ( 'NONE', #6634, .T. ) ;
#2107 = VECTOR ( 'NONE', #1918, 39.37007874015748143 ) ;
#2108 = ORIENTED_EDGE ( 'NONE', *, *, #6655, .F. ) ;
#2109 = ORIENTED_EDGE ( 'NONE', *, *, #8387, .F. ) ;
#2110 = VERTEX_POINT ( 'NONE', #6554 ) ;
#2111 = DIMENSIONAL_EXPONENTS ( 1.000000000000000000, 0.0000000000000000000, 0.0000000000000000000, 0.0000000000000000000, 0.0000000000000000000, 0.0000000000000000000, 0.0000000000000000000 ) ;
#2112 = DIRECTION ( 'NONE',  ( 1.000000000000000000, 0.0000000000000000000, 0.0000000000000000000 ) ) ;
#2113 = COLOUR_RGB ( '',0.2980392156862745057, 0.2980392156862745057, 0.2980392156862745057 ) ;
#2114 = LINE ( 'NONE', #6742, #6978 ) ;
#2115 = CARTESIAN_POINT ( 'NONE',  ( -0.1594488188976377896, -0.001968503937007873988, -0.01181102362204724393 ) ) ;
#2116 = CARTESIAN_POINT ( 'NONE',  ( -0.04921259842519685318, 0.09842519685039370636, -0.01771653543307086937 ) ) ;
#2117 = SURFACE_SIDE_STYLE ('',( #1523 ) ) ;
#2118 = CARTESIAN_POINT ( 'NONE',  ( 0.1102370375520062978, 0.03937007874015747977, -0.05511811023622047168 ) ) ;
#2119 = STYLED_ITEM ( 'NONE', ( #7723 ), #8230 ) ;
#2120 = SURFACE_SIDE_STYLE ('',( #5539 ) ) ;
#2121 = VERTEX_POINT ( 'NONE', #3926 ) ;
#2122 =( LENGTH_UNIT ( ) NAMED_UNIT ( * ) SI_UNIT ( $, .METRE. ) );
#2123 = CARTESIAN_POINT ( 'NONE',  ( -0.1265117110087226326, 0.01901624810599307144, -0.01181102362204724393 ) ) ;
#2124 =( LENGTH_UNIT ( ) NAMED_UNIT ( * ) SI_UNIT ( $, .METRE. ) );
#2125 = SURFACE_STYLE_FILL_AREA ( #6127 ) ;
#2126 = LINE ( 'NONE', #638, #4104 ) ;
#2127 = CARTESIAN_POINT ( 'NONE',  ( 0.1122047244094488277, 0.03937007874015747977, -0.06496062992125983815 ) ) ;
#2128 = ORIENTED_EDGE ( 'NONE', *, *, #7021, .T. ) ;
#2129 = DIMENSIONAL_EXPONENTS ( 1.000000000000000000, 0.0000000000000000000, 0.0000000000000000000, 0.0000000000000000000, 0.0000000000000000000, 0.0000000000000000000, 0.0000000000000000000 ) ;
#2130 = SURFACE_SIDE_STYLE ('',( #6979 ) ) ;
#2131 = VECTOR ( 'NONE', #1550, 39.37007874015748143 ) ;
#2132 = VECTOR ( 'NONE', #3932, 39.37007874015748143 ) ;
#2133 = DIRECTION ( 'NONE',  ( 0.0000000000000000000, -1.000000000000000000, 0.0000000000000000000 ) ) ;
#2134 = EDGE_CURVE ( 'NONE', #5212, #3559, #1361, .T. ) ;
#2135 = CARTESIAN_POINT ( 'NONE',  ( 0.1102370375520064921, 0.03937007874015747977, 0.07283464566929134798 ) ) ;
#2136 = CARTESIAN_POINT ( 'NONE',  ( -0.09205169163721221848, 0.03926747862213775253, 0.05314960629921260116 ) ) ;
#2137 = ADVANCED_FACE ( 'NONE', ( #4116 ), #5265, .F. ) ;
#2138 =( NAMED_UNIT ( * ) PLANE_ANGLE_UNIT ( ) SI_UNIT ( $, .RADIAN. ) );
#2139 = EDGE_CURVE ( 'NONE', #1518, #8768, #837, .T. ) ;
#2140 = STYLED_ITEM ( 'NONE', ( #1519 ), #3423 ) ;
#2141 =( NAMED_UNIT ( * ) PLANE_ANGLE_UNIT ( ) SI_UNIT ( $, .RADIAN. ) );
#2142 = EDGE_CURVE ( 'NONE', #5662, #5929, #3840, .T. ) ;
#2143 = ORIENTED_EDGE ( 'NONE', *, *, #7473, .F. ) ;
#2144 = ORIENTED_EDGE ( 'NONE', *, *, #7741, .T. ) ;
#2145 =( NAMED_UNIT ( * ) SI_UNIT ( $, .STERADIAN. ) SOLID_ANGLE_UNIT ( ) );
#2146 = SURFACE_STYLE_FILL_AREA ( #1412 ) ;
#2147 = CARTESIAN_POINT ( 'NONE',  ( -0.1594488188976377896, 0.001968503937007873988, 0.01181102362204724393 ) ) ;
#2148 = DIMENSIONAL_EXPONENTS ( 1.000000000000000000, 0.0000000000000000000, 0.0000000000000000000, 0.0000000000000000000, 0.0000000000000000000, 0.0000000000000000000, 0.0000000000000000000 ) ;
#2149 = CARTESIAN_POINT ( 'NONE',  ( 0.1200787401574803237, 0.01574803149606299191, 0.04724409448818897572 ) ) ;
#2150 = DIRECTION ( 'NONE',  ( -2.344220913482170177E-16, 0.0000000000000000000, -1.000000000000000000 ) ) ;
#2151 = ORIENTED_EDGE ( 'NONE', *, *, #2206, .F. ) ;
#2152 = EDGE_CURVE ( 'NONE', #4734, #4775, #7567, .T. ) ;
#2153 = ORIENTED_EDGE ( 'NONE', *, *, #4566, .F. ) ;
#2154 = ORIENTED_EDGE ( 'NONE', *, *, #55, .T. ) ;
#2155 = FILL_AREA_STYLE_COLOUR ( '', #1236 ) ;
#2156 = MECHANICAL_DESIGN_GEOMETRIC_PRESENTATION_REPRESENTATION (  '', ( #425 ), #5881 ) ;
#2157 = VERTEX_POINT ( 'NONE', #6983 ) ;
#2158 =( LENGTH_UNIT ( ) NAMED_UNIT ( * ) SI_UNIT ( $, .METRE. ) );
#2159 = SURFACE_STYLE_USAGE ( .BOTH. , #8205 ) ;
#2160 =( BOUNDED_CURVE ( )  B_SPLINE_CURVE ( 3, ( #8140, #6264, #735, #8274 ),
 .UNSPECIFIED., .F., .F. ) 
 B_SPLINE_CURVE_WITH_KNOTS ( ( 4, 4 ),
 ( 5.556410252859889987, 7.009960361499279813 ),
 .UNSPECIFIED. ) 
 CURVE ( )  GEOMETRIC_REPRESENTATION_ITEM ( )  RATIONAL_B_SPLINE_CURVE ( ( 1.000000000000000000, 0.8315474279732699703, 0.8315474279732699703, 1.000000000000000000 ) ) 
 REPRESENTATION_ITEM ( '' )  );
#2161 = LINE ( 'NONE', #3476, #1581 ) ;
#2162 = CARTESIAN_POINT ( 'NONE',  ( -0.04921259842519685318, 0.09842519685039370636, 0.01771653543307086937 ) ) ;
#2163 = CARTESIAN_POINT ( 'NONE',  ( 0.1122047244094488277, 0.01574803149606299191, -0.05118110236220473064 ) ) ;
#2164 = CIRCLE ( 'NONE', #3743, 0.003937007874015747977 ) ;
#2165 = CARTESIAN_POINT ( 'NONE',  ( -0.04527559055118110520, 0.2164041264863913738, -0.02559055118110236532 ) ) ;
#2166 = ORIENTED_EDGE ( 'NONE', *, *, #8866, .T. ) ;
#2167 = LINE ( 'NONE', #6303, #1808 ) ;
#2168 = DIRECTION ( 'NONE',  ( 0.0000000000000000000, -1.000000000000000000, 0.0000000000000000000 ) ) ;
#2169 = COLOUR_RGB ( '',0.7686274509803920907, 0.7686274509803920907, 0.7686274509803920907 ) ;
#2170 = SURFACE_STYLE_USAGE ( .BOTH. , #2914 ) ;
#2171 = DIMENSIONAL_EXPONENTS ( 1.000000000000000000, 0.0000000000000000000, 0.0000000000000000000, 0.0000000000000000000, 0.0000000000000000000, 0.0000000000000000000, 0.0000000000000000000 ) ;
#2172 =( NAMED_UNIT ( * ) PLANE_ANGLE_UNIT ( ) SI_UNIT ( $, .RADIAN. ) );
#2173 = DIRECTION ( 'NONE',  ( 1.000000000000000000, 0.0000000000000000000, 0.0000000000000000000 ) ) ;
#2174 = SURFACE_SIDE_STYLE ('',( #4365 ) ) ;
#2175 = VECTOR ( 'NONE', #1776, 39.37007874015748143 ) ;
#2176 = FACE_OUTER_BOUND ( 'NONE', #808, .T. ) ;
#2177 =( GEOMETRIC_REPRESENTATION_CONTEXT ( 3 ) GLOBAL_UNCERTAINTY_ASSIGNED_CONTEXT ( ( #7944 ) ) GLOBAL_UNIT_ASSIGNED_CONTEXT ( ( #8015, #2557, #5959 ) ) REPRESENTATION_CONTEXT ( 'NONE', 'WORKASPACE' ) );
#2178 = UNCERTAINTY_MEASURE_WITH_UNIT (LENGTH_MEASURE( 1.000000000000000082E-05 ), #5057, 'distance_accuracy_value', 'NONE');
#2179 = FACE_OUTER_BOUND ( 'NONE', #525, .T. ) ;
#2180 = CARTESIAN_POINT ( 'NONE',  ( 0.09575126888440098349, 0.04330708661417323468, 0.05590632889058937127 ) ) ;
#2181 = STYLED_ITEM ( 'NONE', ( #327 ), #5805 ) ;
#2182 = PRESENTATION_LAYER_ASSIGNMENT (  '', '', ( #1893 ) ) ;
#2183 = CARTESIAN_POINT ( 'NONE',  ( 0.1102370375520064921, 0.03937007874015747977, -0.07283464566929134798 ) ) ;
#2184 = CARTESIAN_POINT ( 'NONE',  ( -0.2709745503680062728, 0.0000000000000000000, 0.04724409448818897572 ) ) ;
#2185 = FILL_AREA_STYLE_COLOUR ( '', #4821 ) ;
#2186 = PLANE ( 'NONE',  #3377 ) ;
#2187 = COLOUR_RGB ( '',0.7686274509803920907, 0.7686274509803920907, 0.7686274509803920907 ) ;
#2188 = PLANE ( 'NONE',  #5082 ) ;
#2189 = ORIENTED_EDGE ( 'NONE', *, *, #7893, .F. ) ;
#2190 = CYLINDRICAL_SURFACE ( 'NONE', #8847, 0.003937007874015749712 ) ;
#2191 = ORIENTED_EDGE ( 'NONE', *, *, #3581, .T. ) ;
#2192 = SURFACE_STYLE_USAGE ( .BOTH. , #163 ) ;
#2193 = DIRECTION ( 'NONE',  ( 0.0000000000000000000, 0.0000000000000000000, 1.000000000000000000 ) ) ;
#2194 = CARTESIAN_POINT ( 'NONE',  ( 0.1102370375520064921, 0.03149606299212598381, 0.0000000000000000000 ) ) ;
#2195 = SURFACE_SIDE_STYLE ('',( #4210 ) ) ;
#2196 = DIRECTION ( 'NONE',  ( 0.0000000000000000000, 0.0000000000000000000, 1.000000000000000000 ) ) ;
#2197 =( LENGTH_UNIT ( ) NAMED_UNIT ( * ) SI_UNIT ( $, .METRE. ) );
#2198 = FACE_OUTER_BOUND ( 'NONE', #7585, .T. ) ;
#2199 = ORIENTED_EDGE ( 'NONE', *, *, #7632, .T. ) ;
#2200 = LINE ( 'NONE', #4308, #1542 ) ;
#2201 = ADVANCED_FACE ( 'NONE', ( #4247 ), #117, .T. ) ;
#2202 = ORIENTED_EDGE ( 'NONE', *, *, #7335, .T. ) ;
#2203 = SURFACE_STYLE_USAGE ( .BOTH. , #88 ) ;
#2204 = ORIENTED_EDGE ( 'NONE', *, *, #1399, .T. ) ;
#2205 = ADVANCED_FACE ( 'NONE', ( #8237 ), #2186, .T. ) ;
#2206 = EDGE_CURVE ( 'NONE', #1240, #4858, #4997, .T. ) ;
#2207 =( CONVERSION_BASED_UNIT ( 'INCH', #228 ) LENGTH_UNIT ( ) NAMED_UNIT ( #4641 ) );
#2208 = CYLINDRICAL_SURFACE ( 'NONE', #4206, 0.007874015748031495954 ) ;
#2209 = ORIENTED_EDGE ( 'NONE', *, *, #1410, .F. ) ;
#2210 = CARTESIAN_POINT ( 'NONE',  ( 0.1431733283613561003, 0.003937007874015747977, -0.01181102362204724393 ) ) ;
#2211 = APPLICATION_PROTOCOL_DEFINITION ( 'draft international standard', 'automotive_design', 1998, #653 ) ;
#2212 = AXIS2_PLACEMENT_3D ( 'NONE', #2180, #7642, #1487 ) ;
#2213 = UNCERTAINTY_MEASURE_WITH_UNIT (LENGTH_MEASURE( 1.000000000000000082E-05 ), #6858, 'distance_accuracy_value', 'NONE');
#2214 = FILL_AREA_STYLE_COLOUR ( '', #5 ) ;
#2215 = FILL_AREA_STYLE ('',( #4883 ) ) ;
#2216 = CARTESIAN_POINT ( 'NONE',  ( 0.08263703577853426241, 0.06513403300579152788, -0.03539294129034559200 ) ) ;
#2217 =( NAMED_UNIT ( * ) SI_UNIT ( $, .STERADIAN. ) SOLID_ANGLE_UNIT ( ) );
#2218 = AXIS2_PLACEMENT_3D ( 'NONE', #7960, #1827, #1960 ) ;
#2219 = SURFACE_STYLE_USAGE ( .BOTH. , #3616 ) ;
#2220 =( LENGTH_UNIT ( ) NAMED_UNIT ( * ) SI_UNIT ( $, .METRE. ) );
#2221 = DIRECTION ( 'NONE',  ( -1.000000000000000000, 0.0000000000000000000, 0.0000000000000000000 ) ) ;
#2222 = DIRECTION ( 'NONE',  ( 1.000000000000000000, 0.0000000000000000000, 0.0000000000000000000 ) ) ;
#2223 = VECTOR ( 'NONE', #7813, 39.37007874015748143 ) ;
#2224 = CARTESIAN_POINT ( 'NONE',  ( -0.1200787401574803237, -0.003937007874015747977, -0.04724409448818897572 ) ) ;
#2225 = DIRECTION ( 'NONE',  ( 0.0000000000000000000, 0.0000000000000000000, -1.000000000000000000 ) ) ;
#2226 = SURFACE_STYLE_USAGE ( .BOTH. , #1491 ) ;
#2227 = DIRECTION ( 'NONE',  ( -0.0000000000000000000, 1.000000000000000000, 0.0000000000000000000 ) ) ;
#2228 = CIRCLE ( 'NONE', #2400, 0.003937007874015749712 ) ;
#2229 = MECHANICAL_DESIGN_GEOMETRIC_PRESENTATION_REPRESENTATION (  '', ( #6669 ), #3378 ) ;
#2230 = STYLED_ITEM ( 'NONE', ( #6662 ), #979 ) ;
#2231 = VECTOR ( 'NONE', #156, 39.37007874015748143 ) ;
#2232 = FILL_AREA_STYLE ('',( #3498 ) ) ;
#2233 = ORIENTED_EDGE ( 'NONE', *, *, #8497, .T. ) ;
#2234 = SURFACE_STYLE_USAGE ( .BOTH. , #7781 ) ;
#2235 = VERTEX_POINT ( 'NONE', #7864 ) ;
#2236 =( LENGTH_UNIT ( ) NAMED_UNIT ( * ) SI_UNIT ( $, .METRE. ) );
#2237 = COLOUR_RGB ( '',1.000000000000000000, 1.000000000000000000, 1.000000000000000000 ) ;
#2238 = AXIS2_PLACEMENT_3D ( 'NONE', #8844, #692, #6924 ) ;
#2239 = COLOUR_RGB ( '',0.2980392156862745057, 0.2980392156862745057, 0.2980392156862745057 ) ;
#2240 = STYLED_ITEM ( 'NONE', ( #3578 ), #6743 ) ;
#2241 = PRESENTATION_STYLE_ASSIGNMENT (( #5076 ) ) ;
#2242 = CARTESIAN_POINT ( 'NONE',  ( -0.1200787401574803237, 0.01968503937007873988, 0.06496062992125983815 ) ) ;
#2243 = ORIENTED_EDGE ( 'NONE', *, *, #943, .F. ) ;
#2244 = VERTEX_POINT ( 'NONE', #1629 ) ;
#2245 = VECTOR ( 'NONE', #6508, 39.37007874015748143 ) ;
#2246 = AXIS2_PLACEMENT_3D ( 'NONE', #2783, #5409, #5538 ) ;
#2247 = AXIS2_PLACEMENT_3D ( 'NONE', #4737, #3515, #8260 ) ;
#2248 = VERTEX_POINT ( 'NONE', #4430 ) ;
#2249 = ORIENTED_EDGE ( 'NONE', *, *, #7253, .T. ) ;
#2250 = DIRECTION ( 'NONE',  ( 1.000000000000000000, 0.0000000000000000000, 0.0000000000000000000 ) ) ;
#2251 = CARTESIAN_POINT ( 'NONE',  ( 0.05314960629921260116, 0.2164041264863913738, 0.01771653543307086937 ) ) ;
#2252 = DIRECTION ( 'NONE',  ( -1.000000000000000000, 0.0000000000000000000, 0.0000000000000000000 ) ) ;
#2253 = AXIS2_PLACEMENT_3D ( 'NONE', #4950, #758, #7663 ) ;
#2254 = CARTESIAN_POINT ( 'NONE',  ( 0.09575126888440099737, 0.03937007874015747977, 0.05314960629921263585 ) ) ;
#2255 = VECTOR ( 'NONE', #449, 39.37007874015748854 ) ;
#2256 = EDGE_CURVE ( 'NONE', #1627, #7954, #7298, .T. ) ;
#2257 = DIMENSIONAL_EXPONENTS ( 1.000000000000000000, 0.0000000000000000000, 0.0000000000000000000, 0.0000000000000000000, 0.0000000000000000000, 0.0000000000000000000, 0.0000000000000000000 ) ;
#2258 = CYLINDRICAL_SURFACE ( 'NONE', #6398, 0.007874015748031495954 ) ;
#2259 = VERTEX_POINT ( 'NONE', #3165 ) ;
#2260 = CARTESIAN_POINT ( 'NONE',  ( 0.1380590051106606320, 0.0009842519685039369942, -0.01181102362204724393 ) ) ;
#2261 = EDGE_CURVE ( 'NONE', #6740, #2903, #7710, .T. ) ;
#2262 =( GEOMETRIC_REPRESENTATION_CONTEXT ( 3 ) GLOBAL_UNCERTAINTY_ASSIGNED_CONTEXT ( ( #8827 ) ) GLOBAL_UNIT_ASSIGNED_CONTEXT ( ( #960, #5640, #2271 ) ) REPRESENTATION_CONTEXT ( 'NONE', 'WORKASPACE' ) );
#2263 =( CONVERSION_BASED_UNIT ( 'INCH', #2838 ) LENGTH_UNIT ( ) NAMED_UNIT ( #6919 ) );
#2264 = CARTESIAN_POINT ( 'NONE',  ( 0.04527559055118110520, 0.09842519685039370636, -0.01771653543307086937 ) ) ;
#2265 = SURFACE_STYLE_FILL_AREA ( #7851 ) ;
#2266 =( NAMED_UNIT ( * ) PLANE_ANGLE_UNIT ( ) SI_UNIT ( $, .RADIAN. ) );
#2267 = SURFACE_STYLE_USAGE ( .BOTH. , #1483 ) ;
#2268 =( GEOMETRIC_REPRESENTATION_CONTEXT ( 3 ) GLOBAL_UNCERTAINTY_ASSIGNED_CONTEXT ( ( #4735 ) ) GLOBAL_UNIT_ASSIGNED_CONTEXT ( ( #3571, #900, #1658 ) ) REPRESENTATION_CONTEXT ( 'NONE', 'WORKASPACE' ) );
#2269 = PRESENTATION_STYLE_ASSIGNMENT (( #2219 ) ) ;
#2270 = UNCERTAINTY_MEASURE_WITH_UNIT (LENGTH_MEASURE( 1.000000000000000082E-05 ), #7975, 'distance_accuracy_value', 'NONE');
#2271 =( NAMED_UNIT ( * ) SI_UNIT ( $, .STERADIAN. ) SOLID_ANGLE_UNIT ( ) );
#2272 = PRESENTATION_LAYER_ASSIGNMENT (  '', '', ( #7708 ) ) ;
#2273 = DIRECTION ( 'NONE',  ( 0.0000000000000000000, 0.0000000000000000000, -1.000000000000000000 ) ) ;
#2274 =( NAMED_UNIT ( * ) PLANE_ANGLE_UNIT ( ) SI_UNIT ( $, .RADIAN. ) );
#2275 = CARTESIAN_POINT ( 'NONE',  ( 0.1200787401574803237, 0.0000000000000000000, -0.07283464566929134798 ) ) ;
#2276 = PRESENTATION_STYLE_ASSIGNMENT (( #4473 ) ) ;
#2277 = ORIENTED_EDGE ( 'NONE', *, *, #1399, .F. ) ;
#2278 = SURFACE_SIDE_STYLE ('',( #157 ) ) ;
#2279 =( NAMED_UNIT ( * ) PLANE_ANGLE_UNIT ( ) SI_UNIT ( $, .RADIAN. ) );
#2280 = EDGE_LOOP ( 'NONE', ( #3699, #3977, #792, #6186 ) ) ;
#2281 = CARTESIAN_POINT ( 'NONE',  ( -0.1102370375520064921, 0.01968503937007873988, -0.07874015748031495954 ) ) ;
#2282 = EDGE_LOOP ( 'NONE', ( #7525, #889, #5279, #5220 ) ) ;
#2283 = CIRCLE ( 'NONE', #5014, 0.003937007874015749712 ) ;
#2285 = LINE ( 'NONE', #6407, #8022 ) ;
#2284 = CIRCLE ( 'NONE', #7007, 0.003937007874015749712 ) ;
#2286 = CARTESIAN_POINT ( 'NONE',  ( 0.2709745503680062728, 0.03937007874015747977, -0.07283464566929134798 ) ) ;
#2287 = LENGTH_MEASURE_WITH_UNIT ( LENGTH_MEASURE( 0.02539999999999999897 ), #885 );
#2288 = CARTESIAN_POINT ( 'NONE',  ( -0.08341662617894055054, 0.06299212598425196763, 0.0000000000000000000 ) ) ;
#2289 = CARTESIAN_POINT ( 'NONE',  ( -0.1088943547947819057, 0.03149606299212598381, 4.293218037814897751E-17 ) ) ;
#2290 = ORIENTED_EDGE ( 'NONE', *, *, #8651, .T. ) ;
#2291 = ORIENTED_EDGE ( 'NONE', *, *, #2636, .T. ) ;
#2292 = FILL_AREA_STYLE ('',( #8419 ) ) ;
#2293 = VERTEX_POINT ( 'NONE', #6534 ) ;
#2294 = UNCERTAINTY_MEASURE_WITH_UNIT (LENGTH_MEASURE( 1.000000000000000082E-05 ), #304, 'distance_accuracy_value', 'NONE');
#2295 = LINE ( 'NONE', #7791, #412 ) ;
#2296 = DIRECTION ( 'NONE',  ( 0.0000000000000000000, 0.0000000000000000000, -1.000000000000000000 ) ) ;
#2297 = FILL_AREA_STYLE ('',( #942 ) ) ;
#2298 = SURFACE_STYLE_USAGE ( .BOTH. , #2999 ) ;
#2299 = COLOUR_RGB ( '',0.7686274509803920907, 0.7686274509803920907, 0.7686274509803920907 ) ;
#2300 = VERTEX_POINT ( 'NONE', #258 ) ;
#2301 = LENGTH_MEASURE_WITH_UNIT ( LENGTH_MEASURE( 0.02539999999999999897 ), #8426 );
#2302 = ORIENTED_EDGE ( 'NONE', *, *, #6587, .T. ) ;
#2303 = ADVANCED_FACE ( 'NONE', ( #381 ), #5774, .T. ) ;
#2304 = UNCERTAINTY_MEASURE_WITH_UNIT (LENGTH_MEASURE( 1.000000000000000082E-05 ), #6516, 'distance_accuracy_value', 'NONE');
#2305 = FACE_OUTER_BOUND ( 'NONE', #7348, .T. ) ;
#2306 = MECHANICAL_DESIGN_GEOMETRIC_PRESENTATION_REPRESENTATION (  '', ( #3456 ), #8444 ) ;
#2307 = CARTESIAN_POINT ( 'NONE',  ( -0.1200787401574803237, 0.01968503937007873988, 0.06102362204724410405 ) ) ;
#2308 = EDGE_CURVE ( 'NONE', #3023, #566, #1822, .T. ) ;
#2309 = FILL_AREA_STYLE_COLOUR ( '', #2187 ) ;
#2310 = EDGE_CURVE ( 'NONE', #3407, #892, #2457, .T. ) ;
#2311 = DIRECTION ( 'NONE',  ( 0.0000000000000000000, 0.0000000000000000000, -1.000000000000000000 ) ) ;
#2312 =( LENGTH_UNIT ( ) NAMED_UNIT ( * ) SI_UNIT ( $, .METRE. ) );
#2313 = DIMENSIONAL_EXPONENTS ( 1.000000000000000000, 0.0000000000000000000, 0.0000000000000000000, 0.0000000000000000000, 0.0000000000000000000, 0.0000000000000000000, 0.0000000000000000000 ) ;
#2314 = PRESENTATION_LAYER_ASSIGNMENT (  '', '', ( #6181 ) ) ;
#2315 =( LENGTH_UNIT ( ) NAMED_UNIT ( * ) SI_UNIT ( $, .METRE. ) );
#2316 = EDGE_CURVE ( 'NONE', #1378, #1281, #71, .T. ) ;
#2317 = FACE_OUTER_BOUND ( 'NONE', #5034, .T. ) ;
#2318 = COLOUR_RGB ( '',1.000000000000000000, 1.000000000000000000, 1.000000000000000000 ) ;
#2319 = EDGE_CURVE ( 'NONE', #4649, #1133, #6084, .T. ) ;
#2320 = FACE_OUTER_BOUND ( 'NONE', #7821, .T. ) ;
#2321 = MECHANICAL_DESIGN_GEOMETRIC_PRESENTATION_REPRESENTATION (  '', ( #6892 ), #1730 ) ;
#2322 = EDGE_CURVE ( 'NONE', #6293, #3074, #936, .T. ) ;
#2323 = SURFACE_STYLE_USAGE ( .BOTH. , #4934 ) ;
#2324 = CARTESIAN_POINT ( 'NONE',  ( -0.1003937007874013548, 0.03937007874015747977, 0.04850717439621214655 ) ) ;
#2325 = VERTEX_POINT ( 'NONE', #4754 ) ;
#2326 = CARTESIAN_POINT ( 'NONE',  ( 0.09708156932104941572, 0.03695904420870039370, 0.04983747483286071062 ) ) ;
#2327 = DIRECTION ( 'NONE',  ( 1.000000000000000000, 0.0000000000000000000, -3.516331370223255265E-16 ) ) ;
#2328 = EDGE_LOOP ( 'NONE', ( #7753, #3045, #6094, #4027 ) ) ;
#2329 = DIRECTION ( 'NONE',  ( 1.000000000000000000, 0.0000000000000000000, 0.0000000000000000000 ) ) ;
#2330 = PRESENTATION_LAYER_ASSIGNMENT (  '', '', ( #18 ) ) ;
#2331 = VERTEX_POINT ( 'NONE', #2552 ) ;
#2332 = CIRCLE ( 'NONE', #4480, 0.009842519685039378616 ) ;
#2333 = CARTESIAN_POINT ( 'NONE',  ( -0.1431733283613561003, 0.001968503937007873988, 0.01181102362204724393 ) ) ;
#2334 = DIRECTION ( 'NONE',  ( 1.000000000000000000, 0.0000000000000000000, 0.0000000000000000000 ) ) ;
#2335 = CYLINDRICAL_SURFACE ( 'NONE', #4401, 0.003937007874015749712 ) ;
#2336 = PRESENTATION_STYLE_ASSIGNMENT (( #4303 ) ) ;
#2337 = DIRECTION ( 'NONE',  ( 0.0000000000000000000, 0.0000000000000000000, -1.000000000000000000 ) ) ;
#2338 = AXIS2_PLACEMENT_3D ( 'NONE', #3136, #269, #7078 ) ;
#2339 = FILL_AREA_STYLE ('',( #5740 ) ) ;
#2340 = EDGE_LOOP ( 'NONE', ( #8192, #5687, #8372, #47 ) ) ;
#2341 = EDGE_LOOP ( 'NONE', ( #6795, #2144, #6901, #5070 ) ) ;
#2342 = LENGTH_MEASURE_WITH_UNIT ( LENGTH_MEASURE( 0.02539999999999999897 ), #4403 );
#2343 = FACE_OUTER_BOUND ( 'NONE', #7167, .T. ) ;
#2344 = DIRECTION ( 'NONE',  ( 1.000000000000000000, 0.0000000000000000000, 0.0000000000000000000 ) ) ;
#2345 =( LENGTH_UNIT ( ) NAMED_UNIT ( * ) SI_UNIT ( $, .METRE. ) );
#2346 =( NAMED_UNIT ( * ) PLANE_ANGLE_UNIT ( ) SI_UNIT ( $, .RADIAN. ) );
#2347 = VERTEX_POINT ( 'NONE', #8007 ) ;
#2348 = ORIENTED_EDGE ( 'NONE', *, *, #3006, .T. ) ;
#2349 = CARTESIAN_POINT ( 'NONE',  ( -0.08341662617894055054, 0.06299212598425196763, 0.0000000000000000000 ) ) ;
#2350 = CARTESIAN_POINT ( 'NONE',  ( 0.1200787401574803237, 0.03149606299212598381, 0.01968503937007873988 ) ) ;
#2351 = CARTESIAN_POINT ( 'NONE',  ( -0.1102370375520064921, -0.1390208218169006193, -0.07874015748031495954 ) ) ;
#2352 =( NAMED_UNIT ( * ) PLANE_ANGLE_UNIT ( ) SI_UNIT ( $, .RADIAN. ) );
#2353 = SURFACE_SIDE_STYLE ('',( #5676 ) ) ;
#2354 = CARTESIAN_POINT ( 'NONE',  ( -0.1139394752235840663, -0.01650505148294256416, -0.04724409448818897572 ) ) ;
#2355 = UNCERTAINTY_MEASURE_WITH_UNIT (LENGTH_MEASURE( 1.000000000000000082E-05 ), #5417, 'distance_accuracy_value', 'NONE');
#2356 = DIRECTION ( 'NONE',  ( -1.000000000000000000, 0.0000000000000000000, 0.0000000000000000000 ) ) ;
#2357 = VECTOR ( 'NONE', #7192, 39.37007874015748143 ) ;
#2358 = SURFACE_STYLE_FILL_AREA ( #5900 ) ;
#2359 = FILL_AREA_STYLE ('',( #962 ) ) ;
#2360 = DIRECTION ( 'NONE',  ( 0.0000000000000000000, 0.0000000000000000000, 1.000000000000000000 ) ) ;
#2361 = CIRCLE ( 'NONE', #778, 0.009842519685039378616 ) ;
#2362 = FILL_AREA_STYLE ('',( #7024 ) ) ;
#2363 = EDGE_CURVE ( 'NONE', #1968, #3714, #230, .T. ) ;
#2364 = ORIENTED_EDGE ( 'NONE', *, *, #6907, .T. ) ;
#2365 = DIRECTION ( 'NONE',  ( 0.0000000000000000000, -2.409338161078900167E-16, 1.000000000000000000 ) ) ;
#2366 = LENGTH_MEASURE_WITH_UNIT ( LENGTH_MEASURE( 0.02539999999999999897 ), #6445 );
#2367 = ORIENTED_EDGE ( 'NONE', *, *, #8383, .T. ) ;
#2368 = CARTESIAN_POINT ( 'NONE',  ( 0.09575126888440099737, 0.03937007874015747977, -0.05314960629921263585 ) ) ;
#2369 = MECHANICAL_DESIGN_GEOMETRIC_PRESENTATION_REPRESENTATION (  '', ( #8364 ), #3227 ) ;
#2370 = ORIENTED_EDGE ( 'NONE', *, *, #7355, .F. ) ;
#2371 = ADVANCED_FACE ( 'NONE', ( #7430 ), #6623, .T. ) ;
#2372 = LINE ( 'NONE', #8551, #7161 ) ;
#2373 = CARTESIAN_POINT ( 'NONE',  ( -0.1007811465682380003, 0.03830558020604555441, 0.04983747483286071062 ) ) ;
#2374 = CARTESIAN_POINT ( 'NONE',  ( -0.09205169163721221848, 0.03926747862213775253, -0.04480759714902362439 ) ) ;
#2375 = CARTESIAN_POINT ( 'NONE',  ( -0.1350355830932151446, 0.01409498826347334657, 0.01181102362204724393 ) ) ;
#2376 = VECTOR ( 'NONE', #5470, 39.37007874015748143 ) ;
#2377 =( GEOMETRIC_REPRESENTATION_CONTEXT ( 3 ) GLOBAL_UNCERTAINTY_ASSIGNED_CONTEXT ( ( #2837 ) ) GLOBAL_UNIT_ASSIGNED_CONTEXT ( ( #7647, #3586, #6664 ) ) REPRESENTATION_CONTEXT ( 'NONE', 'WORKASPACE' ) );
#2378 = ADVANCED_FACE ( 'NONE', ( #4066 ), #6529, .T. ) ;
#2379 = LENGTH_MEASURE_WITH_UNIT ( LENGTH_MEASURE( 0.02539999999999999897 ), #799 );
#2380 = ORIENTED_EDGE ( 'NONE', *, *, #7410, .F. ) ;
#2381 = CYLINDRICAL_SURFACE ( 'NONE', #7841, 0.005905511811023620231 ) ;
#2382 = ORIENTED_EDGE ( 'NONE', *, *, #6320, .T. ) ;
#2383 = FILL_AREA_STYLE_COLOUR ( '', #2099 ) ;
#2384 = MECHANICAL_DESIGN_GEOMETRIC_PRESENTATION_REPRESENTATION (  '', ( #3535 ), #4686 ) ;
#2385 = AXIS2_PLACEMENT_3D ( 'NONE', #6113, #2867, #6957 ) ;
#2386 = STYLED_ITEM ( 'NONE', ( #3109 ), #6778 ) ;
#2387 = VECTOR ( 'NONE', #1340, 39.37007874015748143 ) ;
#2388 = AXIS2_PLACEMENT_3D ( 'NONE', #5898, #8662, #8620 ) ;
#2389 = MECHANICAL_DESIGN_GEOMETRIC_PRESENTATION_REPRESENTATION (  '', ( #3830 ), #2101 ) ;
#2390 = AXIS2_PLACEMENT_3D ( 'NONE', #5012, #5596, #5638 ) ;
#2391 = PRESENTATION_STYLE_ASSIGNMENT (( #7177 ) ) ;
#2392 = EDGE_LOOP ( 'NONE', ( #890, #2151, #7930, #4007 ) ) ;
#2393 = CARTESIAN_POINT ( 'NONE',  ( -0.1200787401574803237, 0.03937007874015747977, -0.07283464566929134798 ) ) ;
#2394 = EDGE_LOOP ( 'NONE', ( #4173, #5359, #8471, #6707 ) ) ;
#2395 = CARTESIAN_POINT ( 'NONE',  ( 0.05314960629921260116, 0.09448818897637795144, -0.01771653543307086937 ) ) ;
#2396 = UNCERTAINTY_MEASURE_WITH_UNIT (LENGTH_MEASURE( 1.000000000000000082E-05 ), #6174, 'distance_accuracy_value', 'NONE');
#2397 = VECTOR ( 'NONE', #3930, 39.37007874015748143 ) ;
#2399 = CARTESIAN_POINT ( 'NONE',  ( 0.04724409448818897572, -0.06114854350730373339, -0.02066929133858268208 ) ) ;
#2398 = PRESENTATION_LAYER_ASSIGNMENT (  '', '', ( #3103 ) ) ;
#2400 = AXIS2_PLACEMENT_3D ( 'NONE', #581, #6201, #5533 ) ;
#2401 = DIRECTION ( 'NONE',  ( -0.9396926207859080948, 0.3420201433256695456, 0.0000000000000000000 ) ) ;
#2402 = LINE ( 'NONE', #3706, #5761 ) ;
#2403 =( CONVERSION_BASED_UNIT ( 'INCH', #8529 ) LENGTH_UNIT ( ) NAMED_UNIT ( #3811 ) );
#2404 =( LENGTH_UNIT ( ) NAMED_UNIT ( * ) SI_UNIT ( $, .METRE. ) );
#2405 = DIRECTION ( 'NONE',  ( 0.0000000000000000000, -1.000000000000000000, 0.0000000000000000000 ) ) ;
#2406 = MECHANICAL_DESIGN_GEOMETRIC_PRESENTATION_REPRESENTATION (  '', ( #4708 ), #1826 ) ;
#2407 = LENGTH_MEASURE_WITH_UNIT ( LENGTH_MEASURE( 0.02539999999999999897 ), #2220 );
#2408 = UNCERTAINTY_MEASURE_WITH_UNIT (LENGTH_MEASURE( 1.000000000000000082E-05 ), #2433, 'distance_accuracy_value', 'NONE');
#2409 = PLANE ( 'NONE',  #6616 ) ;
#2410 = SURFACE_STYLE_USAGE ( .BOTH. , #8485 ) ;
#2411 = LINE ( 'NONE', #4290, #5337 ) ;
#2412 = SURFACE_SIDE_STYLE ('',( #4472 ) ) ;
#2413 = ORIENTED_EDGE ( 'NONE', *, *, #8173, .T. ) ;
#2414 = CARTESIAN_POINT ( 'NONE',  ( -0.09376943785469764314, 0.03454800967724326599, -0.04652534336650890334 ) ) ;
#2415 = CARTESIAN_POINT ( 'NONE',  ( 0.1031504233787781388, 0.03149606299212598381, -0.05590632889058937127 ) ) ;
#2416 = AXIS2_PLACEMENT_3D ( 'NONE', #2564, #1733, #3868 ) ;
#2417 = PRESENTATION_STYLE_ASSIGNMENT (( #383 ) ) ;
#2418 = ORIENTED_EDGE ( 'NONE', *, *, #5887, .T. ) ;
#2419 = ADVANCED_FACE ( 'NONE', ( #6796 ), #3444, .T. ) ;
#2420 = CARTESIAN_POINT ( 'NONE',  ( -0.1102370375520064921, -0.009085487128351082964, -0.01968503937007873988 ) ) ;
#2421 = EDGE_CURVE ( 'NONE', #5301, #1888, #738, .T. ) ;
#2422 = SURFACE_SIDE_STYLE ('',( #5692 ) ) ;
#2423 = SURFACE_STYLE_USAGE ( .BOTH. , #5738 ) ;
#2424 = DIRECTION ( 'NONE',  ( -0.0000000000000000000, 1.000000000000000000, 0.0000000000000000000 ) ) ;
#2426 = EDGE_CURVE ( 'NONE', #8049, #7524, #8624, .T. ) ;
#2425 = FILL_AREA_STYLE ('',( #5078 ) ) ;
#2427 = MECHANICAL_DESIGN_GEOMETRIC_PRESENTATION_REPRESENTATION (  '', ( #987 ), #3580 ) ;
#2428 =( NAMED_UNIT ( * ) PLANE_ANGLE_UNIT ( ) SI_UNIT ( $, .RADIAN. ) );
#2429 = ORIENTED_EDGE ( 'NONE', *, *, #1736, .T. ) ;
#2430 = LENGTH_MEASURE_WITH_UNIT ( LENGTH_MEASURE( 0.02539999999999999897 ), #1781 );
#2431 = VERTEX_POINT ( 'NONE', #4970 ) ;
#2432 = CARTESIAN_POINT ( 'NONE',  ( -0.1200787401574803237, 0.01574803149606299191, 0.05118110236220473064 ) ) ;
#2433 =( CONVERSION_BASED_UNIT ( 'INCH', #276 ) LENGTH_UNIT ( ) NAMED_UNIT ( #1426 ) );
#2434 = DIRECTION ( 'NONE',  ( 0.0000000000000000000, 0.0000000000000000000, -1.000000000000000000 ) ) ;
#2435 = LINE ( 'NONE', #7844, #3203 ) ;
#2436 = DIMENSIONAL_EXPONENTS ( 1.000000000000000000, 0.0000000000000000000, 0.0000000000000000000, 0.0000000000000000000, 0.0000000000000000000, 0.0000000000000000000, 0.0000000000000000000 ) ;
#2437 = EDGE_CURVE ( 'NONE', #4147, #3278, #4108, .T. ) ;
#2438 = CARTESIAN_POINT ( 'NONE',  ( 0.1594488188976377896, 0.001968503937007873988, 0.01181102362204724393 ) ) ;
#2439 = VERTEX_POINT ( 'NONE', #6217 ) ;
#2440 = DIRECTION ( 'NONE',  ( -1.000000000000000000, 0.0000000000000000000, 0.0000000000000000000 ) ) ;
#2441 = ORIENTED_EDGE ( 'NONE', *, *, #8866, .F. ) ;
#2442 = VECTOR ( 'NONE', #7270, 39.37007874015748143 ) ;
#2443 = ORIENTED_EDGE ( 'NONE', *, *, #8558, .T. ) ;
#2444 = LENGTH_MEASURE_WITH_UNIT ( LENGTH_MEASURE( 0.02539999999999999897 ), #903 );
#2445 =( NAMED_UNIT ( * ) PLANE_ANGLE_UNIT ( ) SI_UNIT ( $, .RADIAN. ) );
#2446 =( CONVERSION_BASED_UNIT ( 'INCH', #4461 ) LENGTH_UNIT ( ) NAMED_UNIT ( #8041 ) );
#2447 = CARTESIAN_POINT ( 'NONE',  ( 0.04527559055118110520, 0.06299212598425196763, -0.01771653543307086937 ) ) ;
#2448 = DIRECTION ( 'NONE',  ( 1.000000000000000000, 0.0000000000000000000, 0.0000000000000000000 ) ) ;
#2449 =( NAMED_UNIT ( * ) SI_UNIT ( $, .STERADIAN. ) SOLID_ANGLE_UNIT ( ) );
#2450 = VECTOR ( 'NONE', #3127, 39.37007874015748143 ) ;
#2451 = LINE ( 'NONE', #5195, #739 ) ;
#2452 = CARTESIAN_POINT ( 'NONE',  ( -0.08617334877031732066, 0.06692913385826770867, 0.0000000000000000000 ) ) ;
#2453 = DIRECTION ( 'NONE',  ( 0.0000000000000000000, 1.000000000000000000, 2.409338161078900167E-16 ) ) ;
#2454 =( GEOMETRIC_REPRESENTATION_CONTEXT ( 3 ) GLOBAL_UNCERTAINTY_ASSIGNED_CONTEXT ( ( #1763 ) ) GLOBAL_UNIT_ASSIGNED_CONTEXT ( ( #495, #6701, #1850 ) ) REPRESENTATION_CONTEXT ( 'NONE', 'WORKASPACE' ) );
#2455 = ORIENTED_EDGE ( 'NONE', *, *, #3639, .F. ) ;
#2456 = LENGTH_MEASURE_WITH_UNIT ( LENGTH_MEASURE( 0.02539999999999999897 ), #5574 );
#2457 = LINE ( 'NONE', #7913, #95 ) ;
#2458 = SURFACE_STYLE_USAGE ( .BOTH. , #7118 ) ;
#2459 = CARTESIAN_POINT ( 'NONE',  ( 0.09805920168340630239, 0.04135943069846527431, -0.05242554140090945058 ) ) ;
#2460 = ORIENTED_EDGE ( 'NONE', *, *, #1211, .T. ) ;
#2461 = AXIS2_PLACEMENT_3D ( 'NONE', #4211, #2820, #2196 ) ;
#2462 = CIRCLE ( 'NONE', #4907, 0.003937007874015749712 ) ;
#2463 =( CONVERSION_BASED_UNIT ( 'INCH', #5867 ) LENGTH_UNIT ( ) NAMED_UNIT ( #7934 ) );
#2464 = SURFACE_STYLE_USAGE ( .BOTH. , #5869 ) ;
#2465 =( LENGTH_UNIT ( ) NAMED_UNIT ( * ) SI_UNIT ( $, .METRE. ) );
#2466 = CARTESIAN_POINT ( 'NONE',  ( 0.0000000000000000000, 0.03149606299212598381, 0.0000000000000000000 ) ) ;
#2467 = PLANE ( 'NONE',  #2662 ) ;
#2468 = COLOUR_RGB ( '',0.7686274509803920907, 0.7686274509803920907, 0.7686274509803920907 ) ;
#2469 =( NAMED_UNIT ( * ) SI_UNIT ( $, .STERADIAN. ) SOLID_ANGLE_UNIT ( ) );
#2470 = ORIENTED_EDGE ( 'NONE', *, *, #3900, .T. ) ;
#2471 = SURFACE_STYLE_USAGE ( .BOTH. , #1028 ) ;
#2472 = EDGE_LOOP ( 'NONE', ( #8102, #2199, #127 ) ) ;
#2473 = LINE ( 'NONE', #3994, #522 ) ;
#2474 = CARTESIAN_POINT ( 'NONE',  ( 0.07274156726638918158, 0.09232160929783445047, 0.02549747277820051811 ) ) ;
#2475 = VECTOR ( 'NONE', #4242, 39.37007874015748143 ) ;
#2476 = DIRECTION ( 'NONE',  ( 0.0000000000000000000, 0.0000000000000000000, 1.000000000000000000 ) ) ;
#2477 = LINE ( 'NONE', #8026, #915 ) ;
#2478 = EDGE_CURVE ( 'NONE', #7429, #5301, #2882, .T. ) ;
#2479 = EDGE_LOOP ( 'NONE', ( #7034, #8410, #5489, #5689, #203, #8080, #4730, #5379 ) ) ;
#2480 = DIRECTION ( 'NONE',  ( -0.4999999999999994449, -0.8660254037844389297, 0.0000000000000000000 ) ) ;
#2481 = ORIENTED_EDGE ( 'NONE', *, *, #4164, .T. ) ;
#2482 = CARTESIAN_POINT ( 'NONE',  ( -0.1200787401574803237, 0.01968503937007873988, 0.05118110236220473064 ) ) ;
#2483 = COLOUR_RGB ( '',0.2980392156862745057, 0.2980392156862745057, 0.2980392156862745057 ) ;
#2484 = EDGE_LOOP ( 'NONE', ( #841, #81, #28, #1983, #3634 ) ) ;
#2485 = ADVANCED_FACE ( 'NONE', ( #2179 ), #3619, .F. ) ;
#2486 = UNCERTAINTY_MEASURE_WITH_UNIT (LENGTH_MEASURE( 1.000000000000000082E-05 ), #2494, 'distance_accuracy_value', 'NONE');
#2487 =( CONVERSION_BASED_UNIT ( 'INCH', #2444 ) LENGTH_UNIT ( ) NAMED_UNIT ( #4174 ) );
#2488 = PRESENTATION_STYLE_ASSIGNMENT (( #5897 ) ) ;
#2489 = CARTESIAN_POINT ( 'NONE',  ( -0.1200787401574803237, 0.01507924023197730438, 0.01181102362204724393 ) ) ;
#2490 =( CONVERSION_BASED_UNIT ( 'INCH', #5899 ) LENGTH_UNIT ( ) NAMED_UNIT ( #4150 ) );
#2491 = SURFACE_SIDE_STYLE ('',( #6438 ) ) ;
#2492 =( NAMED_UNIT ( * ) PLANE_ANGLE_UNIT ( ) SI_UNIT ( $, .RADIAN. ) );
#2493 = UNCERTAINTY_MEASURE_WITH_UNIT (LENGTH_MEASURE( 1.000000000000000082E-05 ), #7353, 'distance_accuracy_value', 'NONE');
#2494 =( CONVERSION_BASED_UNIT ( 'INCH', #7241 ) LENGTH_UNIT ( ) NAMED_UNIT ( #2436 ) );
#2495 = DIRECTION ( 'NONE',  ( 1.000000000000000000, 0.0000000000000000000, 0.0000000000000000000 ) ) ;
#2496 = CYLINDRICAL_SURFACE ( 'NONE', #323, 0.01181102362204724046 ) ;
#2497 = CARTESIAN_POINT ( 'NONE',  ( 0.1350355830932151446, 0.01409498826347334657, 0.01181102362204724393 ) ) ;
#2498 =( GEOMETRIC_REPRESENTATION_CONTEXT ( 3 ) GLOBAL_UNCERTAINTY_ASSIGNED_CONTEXT ( ( #8630 ) ) GLOBAL_UNIT_ASSIGNED_CONTEXT ( ( #5566, #2141, #6280 ) ) REPRESENTATION_CONTEXT ( 'NONE', 'WORKASPACE' ) );
#2499 = AXIS2_PLACEMENT_3D ( 'NONE', #7722, #1077, #6422 ) ;
#2500 = DIRECTION ( 'NONE',  ( -3.516331370223255265E-16, 0.0000000000000000000, -1.000000000000000000 ) ) ;
#2501 = ORIENTED_EDGE ( 'NONE', *, *, #5497, .T. ) ;
#2502 = LENGTH_MEASURE_WITH_UNIT ( LENGTH_MEASURE( 0.02539999999999999897 ), #3309 );
#2503 = ORIENTED_EDGE ( 'NONE', *, *, #7820, .T. ) ;
#2504 = AXIS2_PLACEMENT_3D ( 'NONE', #8050, #150, #2043 ) ;
#2505 = PLANE ( 'NONE',  #3361 ) ;
#2506 = LENGTH_MEASURE_WITH_UNIT ( LENGTH_MEASURE( 0.02539999999999999897 ), #4715 );
#2507 = EDGE_CURVE ( 'NONE', #6925, #8283, #7235, .T. ) ;
#2508 = DIRECTION ( 'NONE',  ( 0.0000000000000000000, 1.000000000000000000, 0.0000000000000000000 ) ) ;
#2509 = CARTESIAN_POINT ( 'NONE',  ( 0.1265117110087226326, 0.01507924023197730438, -0.01181102362204724393 ) ) ;
#2510 =( CONVERSION_BASED_UNIT ( 'INCH', #3175 ) LENGTH_UNIT ( ) NAMED_UNIT ( #8122 ) );
#2511 = EDGE_LOOP ( 'NONE', ( #3481, #5200, #3509, #8321 ) ) ;
#2512 = EDGE_LOOP ( 'NONE', ( #4202, #6025, #3719, #4499 ) ) ;
#2513 = FILL_AREA_STYLE ('',( #1245 ) ) ;
#2514 = STYLED_ITEM ( 'NONE', ( #4128 ), #6813 ) ;
#2515 = MECHANICAL_DESIGN_GEOMETRIC_PRESENTATION_REPRESENTATION (  '', ( #6511 ), #7792 ) ;
#2516 = CARTESIAN_POINT ( 'NONE',  ( 0.1102370375520062978, 0.03543307086614173873, -0.06889763779527559306 ) ) ;
#2517 = CARTESIAN_POINT ( 'NONE',  ( 0.1031504233787781388, 0.03149606299212598381, 0.0000000000000000000 ) ) ;
#2518 = DIRECTION ( 'NONE',  ( 1.000000000000000000, 0.0000000000000000000, 0.0000000000000000000 ) ) ;
#2519 = ADVANCED_FACE ( 'NONE', ( #5853 ), #5233, .T. ) ;
#2520 = EDGE_LOOP ( 'NONE', ( #314, #556, #6505, #1747 ) ) ;
#2521 =( LENGTH_UNIT ( ) NAMED_UNIT ( * ) SI_UNIT ( $, .METRE. ) );
#2522 = STYLED_ITEM ( 'NONE', ( #3892 ), #7137 ) ;
#2523 =( NAMED_UNIT ( * ) SI_UNIT ( $, .STERADIAN. ) SOLID_ANGLE_UNIT ( ) );
#2524 = ORIENTED_EDGE ( 'NONE', *, *, #7937, .T. ) ;
#2525 = STYLED_ITEM ( 'NONE', ( #3659 ), #1197 ) ;
#2526 = ORIENTED_EDGE ( 'NONE', *, *, #377, .T. ) ;
#2527 = ORIENTED_EDGE ( 'NONE', *, *, #1584, .T. ) ;
#2528 = ADVANCED_FACE ( 'NONE', ( #5150 ), #6392, .F. ) ;
#2529 =( NAMED_UNIT ( * ) SI_UNIT ( $, .STERADIAN. ) SOLID_ANGLE_UNIT ( ) );
#2530 = SURFACE_SIDE_STYLE ('',( #2660 ) ) ;
#2531 = VECTOR ( 'NONE', #6556, 39.37007874015748143 ) ;
#2532 = FACE_OUTER_BOUND ( 'NONE', #1820, .T. ) ;
#2533 = AXIS2_PLACEMENT_3D ( 'NONE', #3491, #56, #7639 ) ;
#2534 = AXIS2_PLACEMENT_3D ( 'NONE', #2908, #897, #7670 ) ;
#2535 = STYLED_ITEM ( 'NONE', ( #6435 ), #6747 ) ;
#2536 = LINE ( 'NONE', #3885, #4544 ) ;
#2537 = EDGE_CURVE ( 'NONE', #3599, #7620, #463, .T. ) ;
#2538 = EDGE_CURVE ( 'NONE', #4795, #7415, #1991, .T. ) ;
#2539 = SURFACE_STYLE_USAGE ( .BOTH. , #3158 ) ;
#2540 = ORIENTED_EDGE ( 'NONE', *, *, #1410, .T. ) ;
#2541 =( NAMED_UNIT ( * ) SI_UNIT ( $, .STERADIAN. ) SOLID_ANGLE_UNIT ( ) );
#2542 =( GEOMETRIC_REPRESENTATION_CONTEXT ( 3 ) GLOBAL_UNCERTAINTY_ASSIGNED_CONTEXT ( ( #4913 ) ) GLOBAL_UNIT_ASSIGNED_CONTEXT ( ( #6206, #6, #4183 ) ) REPRESENTATION_CONTEXT ( 'NONE', 'WORKASPACE' ) );
#2543 = VECTOR ( 'NONE', #3229, 39.37007874015748143 ) ;
#2544 = PRESENTATION_LAYER_ASSIGNMENT (  '', '', ( #4086 ) ) ;
#2545 = LINE ( 'NONE', #7379, #4923 ) ;
#2546 = COLOUR_RGB ( '',0.2980392156862745057, 0.2980392156862745057, 0.2980392156862745057 ) ;
#2547 = FILL_AREA_STYLE_COLOUR ( '', #643 ) ;
#2548 = UNCERTAINTY_MEASURE_WITH_UNIT (LENGTH_MEASURE( 1.000000000000000082E-05 ), #8634, 'distance_accuracy_value', 'NONE');
#2549 = EDGE_CURVE ( 'NONE', #1780, #7026, #6120, .T. ) ;
#2550 = ORIENTED_EDGE ( 'NONE', *, *, #4898, .T. ) ;
#2551 =( NAMED_UNIT ( * ) SI_UNIT ( $, .STERADIAN. ) SOLID_ANGLE_UNIT ( ) );
#2552 = CARTESIAN_POINT ( 'NONE',  ( -0.1102370375520064921, 0.04724409448818897572, 0.01968503937007873988 ) ) ;
#2553 = FILL_AREA_STYLE ('',( #5955 ) ) ;
#2554 = ORIENTED_EDGE ( 'NONE', *, *, #5619, .F. ) ;
#2555 = LINE ( 'NONE', #2595, #4220 ) ;
#2556 = DIRECTION ( 'NONE',  ( -1.000000000000000000, 0.0000000000000000000, 0.0000000000000000000 ) ) ;
#2557 =( NAMED_UNIT ( * ) PLANE_ANGLE_UNIT ( ) SI_UNIT ( $, .RADIAN. ) );
#2558 = DIRECTION ( 'NONE',  ( 0.0000000000000000000, 0.0000000000000000000, -1.000000000000000000 ) ) ;
#2559 = CARTESIAN_POINT ( 'NONE',  ( -0.09966963588909724669, 0.04135943069846763354, -0.05081510719521811076 ) ) ;
#2560 = FILL_AREA_STYLE ('',( #5965 ) ) ;
#2561 = PRESENTATION_LAYER_ASSIGNMENT (  '', '', ( #391 ) ) ;
#2562 = FILL_AREA_STYLE ('',( #1162 ) ) ;
#2563 = ORIENTED_EDGE ( 'NONE', *, *, #4026, .T. ) ;
#2564 = CARTESIAN_POINT ( 'NONE',  ( -0.1200787401574803237, 0.03937007874015747977, -0.07283464566929134798 ) ) ;
#2565 = ORIENTED_EDGE ( 'NONE', *, *, #3357, .F. ) ;
#2566 = DIRECTION ( 'NONE',  ( 0.0000000000000000000, 1.000000000000000000, 0.0000000000000000000 ) ) ;
#2568 = CARTESIAN_POINT ( 'NONE',  ( -0.1003937007874015908, 0.06827566985561278612, -0.04262883152931716546 ) ) ;
#2567 = VECTOR ( 'NONE', #5621, 39.37007874015748143 ) ;
#2569 = LINE ( 'NONE', #5921, #5192 ) ;
#2570 = CARTESIAN_POINT ( 'NONE',  ( -0.1102370375520064921, 0.03937007874015747977, 0.06496062992125983815 ) ) ;
#2571 = ORIENTED_EDGE ( 'NONE', *, *, #2024, .T. ) ;
#2572 = COLOUR_RGB ( '',0.7686274509803920907, 0.7686274509803920907, 0.7686274509803920907 ) ;
#2573 = ORIENTED_EDGE ( 'NONE', *, *, #8770, .T. ) ;
#2574 = DIMENSIONAL_EXPONENTS ( 1.000000000000000000, 0.0000000000000000000, 0.0000000000000000000, 0.0000000000000000000, 0.0000000000000000000, 0.0000000000000000000, 0.0000000000000000000 ) ;
#2575 = SURFACE_SIDE_STYLE ('',( #4006 ) ) ;
#2576 = CARTESIAN_POINT ( 'NONE',  ( 0.1200787401574803237, 0.0000000000000000000, -0.07283464566929134798 ) ) ;
#2577 = CARTESIAN_POINT ( 'NONE',  ( -0.1003937007874015908, 0.03667700674546717221, 0.04575045180483543888 ) ) ;
#2578 = SURFACE_STYLE_FILL_AREA ( #500 ) ;
#2579 = MECHANICAL_DESIGN_GEOMETRIC_PRESENTATION_REPRESENTATION (  '', ( #3441 ), #6723 ) ;
#2580 = EDGE_CURVE ( 'NONE', #693, #4868, #6033, .T. ) ;
#2581 = ORIENTED_EDGE ( 'NONE', *, *, #4747, .F. ) ;
#2582 = PRESENTATION_STYLE_ASSIGNMENT (( #4018 ) ) ;
#2583 = FACE_OUTER_BOUND ( 'NONE', #6762, .T. ) ;
#2584 = UNCERTAINTY_MEASURE_WITH_UNIT (LENGTH_MEASURE( 1.000000000000000082E-05 ), #4767, 'distance_accuracy_value', 'NONE');
#2585 = SPHERICAL_SURFACE ( 'NONE', #8046, 0.003937007874015747977 ) ;
#2586 = LINE ( 'NONE', #3939, #1951 ) ;
#2587 = CARTESIAN_POINT ( 'NONE',  ( 1.371238671125444784E-34, 0.04724409448818897572, 1.075032775284549258E-17 ) ) ;
#2588 = VERTEX_POINT ( 'NONE', #631 ) ;
#2589 = ADVANCED_FACE ( 'NONE', ( #3256, #1298 ), #5280, .F. ) ;
#2590 =( CONVERSION_BASED_UNIT ( 'INCH', #6006 ) LENGTH_UNIT ( ) NAMED_UNIT ( #2625 ) );
#2591 = VECTOR ( 'NONE', #7387, 39.37007874015748143 ) ;
#2592 = DIRECTION ( 'NONE',  ( 0.0000000000000000000, -1.000000000000000000, 0.0000000000000000000 ) ) ;
#2593 = ADVANCED_FACE ( 'NONE', ( #5412 ), #7994, .F. ) ;
#2594 = EDGE_CURVE ( 'NONE', #8354, #6853, #48, .T. ) ;
#2595 = CARTESIAN_POINT ( 'NONE',  ( 0.0000000000000000000, 0.03149606299212598381, -0.06165026030659291612 ) ) ;
#2596 = CARTESIAN_POINT ( 'NONE',  ( -0.1108005213903381914, 0.01336009929153854359, -0.06355642690214921564 ) ) ;
#2597 = DIRECTION ( 'NONE',  ( 1.000000000000000000, 0.0000000000000000000, 0.0000000000000000000 ) ) ;
#2598 = LENGTH_MEASURE_WITH_UNIT ( LENGTH_MEASURE( 0.02539999999999999897 ), #3221 );
#2599 = ORIENTED_EDGE ( 'NONE', *, *, #5866, .F. ) ;
#2600 =( NAMED_UNIT ( * ) PLANE_ANGLE_UNIT ( ) SI_UNIT ( $, .RADIAN. ) );
#2601 = ORIENTED_EDGE ( 'NONE', *, *, #1415, .F. ) ;
#2602 = MECHANICAL_DESIGN_GEOMETRIC_PRESENTATION_REPRESENTATION (  '', ( #5325 ), #8608 ) ;
#2603 = CARTESIAN_POINT ( 'NONE',  ( -0.1200787401574803237, 0.0000000000000000000, 0.07283464566929134798 ) ) ;
#2604 = DIRECTION ( 'NONE',  ( 0.0000000000000000000, 0.0000000000000000000, 1.000000000000000000 ) ) ;
#2605 = SURFACE_STYLE_FILL_AREA ( #5306 ) ;
#2606 = SURFACE_STYLE_FILL_AREA ( #6150 ) ;
#2607 = DIMENSIONAL_EXPONENTS ( 1.000000000000000000, 0.0000000000000000000, 0.0000000000000000000, 0.0000000000000000000, 0.0000000000000000000, 0.0000000000000000000, 0.0000000000000000000 ) ;
#2608 = MECHANICAL_DESIGN_GEOMETRIC_PRESENTATION_REPRESENTATION (  '', ( #3174 ), #8184 ) ;
#2609 = DIRECTION ( 'NONE',  ( 0.0000000000000000000, 0.0000000000000000000, -1.000000000000000000 ) ) ;
#2610 = FACE_OUTER_BOUND ( 'NONE', #7713, .T. ) ;
#2611 = ORIENTED_EDGE ( 'NONE', *, *, #6044, .F. ) ;
#2612 =( NAMED_UNIT ( * ) PLANE_ANGLE_UNIT ( ) SI_UNIT ( $, .RADIAN. ) );
#2613 = ORIENTED_EDGE ( 'NONE', *, *, #4678, .F. ) ;
#2614 = DIRECTION ( 'NONE',  ( 1.000000000000000000, 0.0000000000000000000, 0.0000000000000000000 ) ) ;
#2615 = ORIENTED_EDGE ( 'NONE', *, *, #541, .F. ) ;
#2616 = PRESENTATION_LAYER_ASSIGNMENT (  '', '', ( #6475 ) ) ;
#2617 =( GEOMETRIC_REPRESENTATION_CONTEXT ( 3 ) GLOBAL_UNCERTAINTY_ASSIGNED_CONTEXT ( ( #1146 ) ) GLOBAL_UNIT_ASSIGNED_CONTEXT ( ( #5682, #2274, #7740 ) ) REPRESENTATION_CONTEXT ( 'NONE', 'WORKASPACE' ) );
#2618 = DIRECTION ( 'NONE',  ( 3.516331370223255265E-16, 0.0000000000000000000, 1.000000000000000000 ) ) ;
#2619 = FACE_OUTER_BOUND ( 'NONE', #6497, .T. ) ;
#2620 = DIRECTION ( 'NONE',  ( 0.0000000000000000000, -7.047314121155790654E-15, 1.000000000000000000 ) ) ;
#2621 = LINE ( 'NONE', #683, #7112 ) ;
#2622 = EDGE_LOOP ( 'NONE', ( #6730, #1933, #199, #968 ) ) ;
#2623 =( CONVERSION_BASED_UNIT ( 'INCH', #5943 ) LENGTH_UNIT ( ) NAMED_UNIT ( #6065 ) );
#2624 = FACE_OUTER_BOUND ( 'NONE', #6647, .T. ) ;
#2625 = DIMENSIONAL_EXPONENTS ( 1.000000000000000000, 0.0000000000000000000, 0.0000000000000000000, 0.0000000000000000000, 0.0000000000000000000, 0.0000000000000000000, 0.0000000000000000000 ) ;
#2626 = CARTESIAN_POINT ( 'NONE',  ( 0.04527559055118110520, 0.09448818897637795144, -0.01771653543307086937 ) ) ;
#2627 = CARTESIAN_POINT ( 'NONE',  ( -0.1102370375520064921, 0.04724409448818897572, -0.01968503937007873988 ) ) ;
#2628 =( CONVERSION_BASED_UNIT ( 'INCH', #6621 ) LENGTH_UNIT ( ) NAMED_UNIT ( #2667 ) );
#2629 = VERTEX_POINT ( 'NONE', #687 ) ;
#2630 = SURFACE_SIDE_STYLE ('',( #5422 ) ) ;
#2631 = PLANE ( 'NONE',  #4806 ) ;
#2632 = FILL_AREA_STYLE_COLOUR ( '', #1484 ) ;
#2633 = SURFACE_STYLE_USAGE ( .BOTH. , #3273 ) ;
#2634 = AXIS2_PLACEMENT_3D ( 'NONE', #3026, #1675, #1058 ) ;
#2636 = EDGE_CURVE ( 'NONE', #7660, #7155, #2167, .T. ) ;
#2635 = VECTOR ( 'NONE', #764, 39.37007874015748143 ) ;
#2637 = FILL_AREA_STYLE ('',( #7918 ) ) ;
#2638 =( LENGTH_UNIT ( ) NAMED_UNIT ( * ) SI_UNIT ( $, .METRE. ) );
#2639 = ADVANCED_FACE ( 'NONE', ( #4834 ), #2787, .F. ) ;
#2640 = SURFACE_STYLE_FILL_AREA ( #2560 ) ;
#2641 = EDGE_CURVE ( 'NONE', #6281, #3074, #1528, .T. ) ;
#2642 = ADVANCED_FACE ( 'NONE', ( #8268 ), #5499, .T. ) ;
#2643 = VERTEX_POINT ( 'NONE', #2260 ) ;
#2644 = VECTOR ( 'NONE', #415, 39.37007874015748143 ) ;
#2645 = MECHANICAL_DESIGN_GEOMETRIC_PRESENTATION_REPRESENTATION (  '', ( #5367 ), #7936 ) ;
#2646 = ORIENTED_EDGE ( 'NONE', *, *, #7845, .T. ) ;
#2647 =( CONVERSION_BASED_UNIT ( 'INCH', #480 ) LENGTH_UNIT ( ) NAMED_UNIT ( #7554 ) );
#2648 = DIRECTION ( 'NONE',  ( 1.000000000000000000, 0.0000000000000000000, 0.0000000000000000000 ) ) ;
#2649 =( LENGTH_UNIT ( ) NAMED_UNIT ( * ) SI_UNIT ( $, .METRE. ) );
#2650 = SURFACE_STYLE_USAGE ( .BOTH. , #7404 ) ;
#2651 = PRESENTATION_LAYER_ASSIGNMENT (  '', '', ( #6511 ) ) ;
#2652 = SURFACE_STYLE_USAGE ( .BOTH. , #1249 ) ;
#2653 = CARTESIAN_POINT ( 'NONE',  ( 0.0000000000000000000, 0.06299212598425196763, 0.03617253169075181074 ) ) ;
#2654 = ORIENTED_EDGE ( 'NONE', *, *, #7434, .T. ) ;
#2655 = SURFACE_SIDE_STYLE ('',( #4171 ) ) ;
#2656 = VERTEX_POINT ( 'NONE', #6428 ) ;
#2657 = FILL_AREA_STYLE_COLOUR ( '', #3259 ) ;
#2658 =( GEOMETRIC_REPRESENTATION_CONTEXT ( 3 ) GLOBAL_UNCERTAINTY_ASSIGNED_CONTEXT ( ( #7990 ) ) GLOBAL_UNIT_ASSIGNED_CONTEXT ( ( #4611, #1994, #8083 ) ) REPRESENTATION_CONTEXT ( 'NONE', 'WORKASPACE' ) );
#2659 = UNCERTAINTY_MEASURE_WITH_UNIT (LENGTH_MEASURE( 1.000000000000000082E-05 ), #4683, 'distance_accuracy_value', 'NONE');
#2660 = SURFACE_STYLE_FILL_AREA ( #3155 ) ;
#2661 =( GEOMETRIC_REPRESENTATION_CONTEXT ( 3 ) GLOBAL_UNCERTAINTY_ASSIGNED_CONTEXT ( ( #8349 ) ) GLOBAL_UNIT_ASSIGNED_CONTEXT ( ( #7745, #970, #424 ) ) REPRESENTATION_CONTEXT ( 'NONE', 'WORKASPACE' ) );
#2662 = AXIS2_PLACEMENT_3D ( 'NONE', #4033, #475, #2597 ) ;
#2663 = VECTOR ( 'NONE', #8746, 39.37007874015748143 ) ;
#2664 = CARTESIAN_POINT ( 'NONE',  ( 0.1431733283613561003, -0.001968503937007873988, 0.01181102362204724393 ) ) ;
#2665 = DIRECTION ( 'NONE',  ( 0.0000000000000000000, 0.0000000000000000000, -1.000000000000000000 ) ) ;
#2666 = ORIENTED_EDGE ( 'NONE', *, *, #436, .T. ) ;
#2667 = DIMENSIONAL_EXPONENTS ( 1.000000000000000000, 0.0000000000000000000, 0.0000000000000000000, 0.0000000000000000000, 0.0000000000000000000, 0.0000000000000000000, 0.0000000000000000000 ) ;
#2668 = DIRECTION ( 'NONE',  ( 0.0000000000000000000, 1.000000000000000000, 0.0000000000000000000 ) ) ;
#2669 = LINE ( 'NONE', #5413, #4512 ) ;
#2670 = UNCERTAINTY_MEASURE_WITH_UNIT (LENGTH_MEASURE( 1.000000000000000082E-05 ), #4343, 'distance_accuracy_value', 'NONE');
#2671 = PRESENTATION_LAYER_ASSIGNMENT (  '', '', ( #1501 ) ) ;
#2672 = VECTOR ( 'NONE', #1695, 39.37007874015748143 ) ;
#2673 = MECHANICAL_DESIGN_GEOMETRIC_PRESENTATION_REPRESENTATION (  '', ( #4839 ), #7811 ) ;
#2674 = CARTESIAN_POINT ( 'NONE',  ( -0.1431733283613561003, 0.003937007874015747977, -0.01181102362204724393 ) ) ;
#2675 = LINE ( 'NONE', #5462, #7803 ) ;
#2676 = ORIENTED_EDGE ( 'NONE', *, *, #8156, .T. ) ;
#2677 = PRESENTATION_LAYER_ASSIGNMENT (  '', '', ( #3830 ) ) ;
#2678 = DIRECTION ( 'NONE',  ( 0.0000000000000000000, 1.000000000000000000, 0.0000000000000000000 ) ) ;
#2679 =( LENGTH_UNIT ( ) NAMED_UNIT ( * ) SI_UNIT ( $, .METRE. ) );
#2680 = CARTESIAN_POINT ( 'NONE',  ( 0.0000000000000000000, 0.07086614173228347746, -0.03892925428212862249 ) ) ;
#2681 = COLOUR_RGB ( '',0.7686274509803920907, 0.7686274509803920907, 0.7686274509803920907 ) ;
#2682 = CARTESIAN_POINT ( 'NONE',  ( -0.1003937007874015908, 0.04330708661417323468, -0.05590632889058937127 ) ) ;
#2683 = DIMENSIONAL_EXPONENTS ( 1.000000000000000000, 0.0000000000000000000, 0.0000000000000000000, 0.0000000000000000000, 0.0000000000000000000, 0.0000000000000000000, 0.0000000000000000000 ) ;
#2684 = EDGE_LOOP ( 'NONE', ( #3603, #5859, #7703, #3925, #947, #502, #918 ) ) ;
#2685 = AXIS2_PLACEMENT_3D ( 'NONE', #97, #2665, #6207 ) ;
#2686 = ORIENTED_EDGE ( 'NONE', *, *, #4458, .T. ) ;
#2687 = ADVANCED_FACE ( 'NONE', ( #3048 ), #949, .F. ) ;
#2688 = CARTESIAN_POINT ( 'NONE',  ( -0.1200787401574803237, 0.01968503937007873988, -0.05118110236220473064 ) ) ;
#2689 = EDGE_CURVE ( 'NONE', #2439, #7789, #7142, .T. ) ;
#2690 = LENGTH_MEASURE_WITH_UNIT ( LENGTH_MEASURE( 0.02539999999999999897 ), #8815 );
#2691 = CARTESIAN_POINT ( 'NONE',  ( -0.08617334877031732066, 0.06692913385826770867, -0.03892925428212862249 ) ) ;
#2692 = PRESENTATION_STYLE_ASSIGNMENT (( #6104 ) ) ;
#2693 = ORIENTED_EDGE ( 'NONE', *, *, #7302, .F. ) ;
#2694 = LENGTH_MEASURE_WITH_UNIT ( LENGTH_MEASURE( 0.02539999999999999897 ), #8253 );
#2695 = EDGE_CURVE ( 'NONE', #2811, #5432, #7890, .T. ) ;
#2696 = EDGE_LOOP ( 'NONE', ( #3964, #3167, #4004, #7397, #4869 ) ) ;
#2697 = MECHANICAL_DESIGN_GEOMETRIC_PRESENTATION_REPRESENTATION (  '', ( #8281 ), #3710 ) ;
#2698 = LINE ( 'NONE', #4601, #6437 ) ;
#2699 = CYLINDRICAL_SURFACE ( 'NONE', #3550, 0.01181102362204724046 ) ;
#2700 = EDGE_CURVE ( 'NONE', #5918, #281, #3004, .T. ) ;
#2701 = DIRECTION ( 'NONE',  ( -2.344220913482170177E-16, 0.0000000000000000000, -1.000000000000000000 ) ) ;
#2702 = EDGE_CURVE ( 'NONE', #8705, #3150, #5824, .T. ) ;
#2703 = DIRECTION ( 'NONE',  ( 0.0000000000000000000, 0.0000000000000000000, -1.000000000000000000 ) ) ;
#2704 = VECTOR ( 'NONE', #8322, 39.37007874015748143 ) ;
#2705 = DIRECTION ( 'NONE',  ( 0.0000000000000000000, -1.606225440719264641E-16, 1.000000000000000000 ) ) ;
#2706 = CARTESIAN_POINT ( 'NONE',  ( 0.1102370375520064921, 0.03937007874015747977, 0.05511811023622047168 ) ) ;
#2707 = ORIENTED_EDGE ( 'NONE', *, *, #3128, .F. ) ;
#2708 =( NAMED_UNIT ( * ) PLANE_ANGLE_UNIT ( ) SI_UNIT ( $, .RADIAN. ) );
#2709 =( LENGTH_UNIT ( ) NAMED_UNIT ( * ) SI_UNIT ( $, .METRE. ) );
#2710 =( GEOMETRIC_REPRESENTATION_CONTEXT ( 3 ) GLOBAL_UNCERTAINTY_ASSIGNED_CONTEXT ( ( #3754 ) ) GLOBAL_UNIT_ASSIGNED_CONTEXT ( ( #5846, #7225, #1044 ) ) REPRESENTATION_CONTEXT ( 'NONE', 'WORKASPACE' ) );
#2711 = PRESENTATION_STYLE_ASSIGNMENT (( #4230 ) ) ;
#2712 = AXIS2_PLACEMENT_3D ( 'NONE', #5142, #4273, #287 ) ;
#2713 = AXIS2_PLACEMENT_3D ( 'NONE', #8109, #1838, #7401 ) ;
#2714 = FACE_OUTER_BOUND ( 'NONE', #7037, .T. ) ;
#2715 = UNCERTAINTY_MEASURE_WITH_UNIT (LENGTH_MEASURE( 1.000000000000000082E-05 ), #6218, 'distance_accuracy_value', 'NONE');
#2716 = ORIENTED_EDGE ( 'NONE', *, *, #3182, .F. ) ;
#2717 =( LENGTH_UNIT ( ) NAMED_UNIT ( * ) SI_UNIT ( $, .METRE. ) );
#2718 = LENGTH_MEASURE_WITH_UNIT ( LENGTH_MEASURE( 0.02539999999999999897 ), #8846 );
#2719 = DIMENSIONAL_EXPONENTS ( 1.000000000000000000, 0.0000000000000000000, 0.0000000000000000000, 0.0000000000000000000, 0.0000000000000000000, 0.0000000000000000000, 0.0000000000000000000 ) ;
#2720 = SURFACE_SIDE_STYLE ('',( #6048 ) ) ;
#2721 = DIRECTION ( 'NONE',  ( 0.0000000000000000000, -1.000000000000000000, 0.0000000000000000000 ) ) ;
#2722 = CARTESIAN_POINT ( 'NONE',  ( 0.1102370375520062978, 0.03937007874015747977, 0.01968503937007873988 ) ) ;
#2723 = LENGTH_MEASURE_WITH_UNIT ( LENGTH_MEASURE( 0.02539999999999999897 ), #6138 );
#2724 = PRESENTATION_STYLE_ASSIGNMENT (( #6052 ) ) ;
#2725 = ORIENTED_EDGE ( 'NONE', *, *, #2316, .T. ) ;
#2726 =( NAMED_UNIT ( * ) SI_UNIT ( $, .STERADIAN. ) SOLID_ANGLE_UNIT ( ) );
#2727 = ORIENTED_EDGE ( 'NONE', *, *, #6918, .T. ) ;
#2728 = CARTESIAN_POINT ( 'NONE',  ( 0.09575126888440098349, 0.03937007874015747977, 0.05590632889058937127 ) ) ;
#2729 = MECHANICAL_DESIGN_GEOMETRIC_PRESENTATION_REPRESENTATION (  '', ( #6744 ), #867 ) ;
#2730 = PRESENTATION_STYLE_ASSIGNMENT (( #6324 ) ) ;
#2731 = DIRECTION ( 'NONE',  ( 1.000000000000000000, 0.0000000000000000000, 0.0000000000000000000 ) ) ;
#2732 = PRESENTATION_STYLE_ASSIGNMENT (( #668 ) ) ;
#2733 = DIRECTION ( 'NONE',  ( 0.0000000000000000000, 0.0000000000000000000, -1.000000000000000000 ) ) ;
#2734 = LINE ( 'NONE', #8198, #7266 ) ;
#2735 =( GEOMETRIC_REPRESENTATION_CONTEXT ( 3 ) GLOBAL_UNCERTAINTY_ASSIGNED_CONTEXT ( ( #3846 ) ) GLOBAL_UNIT_ASSIGNED_CONTEXT ( ( #3694, #1786, #5039 ) ) REPRESENTATION_CONTEXT ( 'NONE', 'WORKASPACE' ) );
#2736 = VERTEX_POINT ( 'NONE', #3654 ) ;
#2737 = ORIENTED_EDGE ( 'NONE', *, *, #6585, .F. ) ;
#2738 = DIMENSIONAL_EXPONENTS ( 1.000000000000000000, 0.0000000000000000000, 0.0000000000000000000, 0.0000000000000000000, 0.0000000000000000000, 0.0000000000000000000, 0.0000000000000000000 ) ;
#2739 = EDGE_CURVE ( 'NONE', #7887, #7350, #5670, .T. ) ;
#2740 = ORIENTED_EDGE ( 'NONE', *, *, #5868, .F. ) ;
#2741 = VECTOR ( 'NONE', #7965, 39.37007874015748143 ) ;
#2742 = DIRECTION ( 'NONE',  ( 0.0000000000000000000, 1.000000000000000000, 0.0000000000000000000 ) ) ;
#2743 = FACE_OUTER_BOUND ( 'NONE', #3099, .T. ) ;
#2744 = CARTESIAN_POINT ( 'NONE',  ( -0.1316260342594181287, 0.01212648432646549340, 0.01181102362204724393 ) ) ;
#2745 = EDGE_CURVE ( 'NONE', #7429, #2629, #6380, .T. ) ;
#2746 = VECTOR ( 'NONE', #7368, 39.37007874015748854 ) ;
#2747 = VERTEX_POINT ( 'NONE', #5753 ) ;
#2748 =( LENGTH_UNIT ( ) NAMED_UNIT ( * ) SI_UNIT ( $, .METRE. ) );
#2749 = EDGE_CURVE ( 'NONE', #510, #4385, #8472, .T. ) ;
#2750 =( LENGTH_UNIT ( ) NAMED_UNIT ( * ) SI_UNIT ( $, .METRE. ) );
#2751 = UNCERTAINTY_MEASURE_WITH_UNIT (LENGTH_MEASURE( 1.000000000000000082E-05 ), #3970, 'distance_accuracy_value', 'NONE');
#2752 = CARTESIAN_POINT ( 'NONE',  ( -0.1431733283613561003, 0.001968503937007873988, 0.01181102362204724393 ) ) ;
#2753 = CARTESIAN_POINT ( 'NONE',  ( -0.1102370375520064921, 0.01872128989349133854, 7.022522363960255875E-17 ) ) ;
#2754 = AXIS2_PLACEMENT_3D ( 'NONE', #7054, #906, #6434 ) ;
#2755 = LINE ( 'NONE', #6748, #7957 ) ;
#2756 = CARTESIAN_POINT ( 'NONE',  ( -0.1200787401574803237, 0.0000000000000000000, 0.06496062992125983815 ) ) ;
#2757 = ORIENTED_EDGE ( 'NONE', *, *, #286, .T. ) ;
#2758 = FILL_AREA_STYLE_COLOUR ( '', #3370 ) ;
#2759 = CARTESIAN_POINT ( 'NONE',  ( 0.1265117110087226326, 0.009173728420953680684, -0.01181102362204724393 ) ) ;
#2760 = DIRECTION ( 'NONE',  ( 0.0000000000000000000, 0.0000000000000000000, 1.000000000000000000 ) ) ;
#2761 = PLANE ( 'NONE',  #4674 ) ;
#2762 =( NAMED_UNIT ( * ) PLANE_ANGLE_UNIT ( ) SI_UNIT ( $, .RADIAN. ) );
#2763 = ORIENTED_EDGE ( 'NONE', *, *, #4905, .F. ) ;
#2764 = ORIENTED_EDGE ( 'NONE', *, *, #4579, .T. ) ;
#2765 = LENGTH_MEASURE_WITH_UNIT ( LENGTH_MEASURE( 0.02539999999999999897 ), #3412 );
#2766 = SURFACE_STYLE_FILL_AREA ( #2103 ) ;
#2767 = PLANE ( 'NONE',  #164 ) ;
#2768 = DIMENSIONAL_EXPONENTS ( 1.000000000000000000, 0.0000000000000000000, 0.0000000000000000000, 0.0000000000000000000, 0.0000000000000000000, 0.0000000000000000000, 0.0000000000000000000 ) ;
#2769 = CARTESIAN_POINT ( 'NONE',  ( 0.1102370375520062978, 0.04724409448818897572, 0.05511811023622047168 ) ) ;
#2770 = MECHANICAL_DESIGN_GEOMETRIC_PRESENTATION_REPRESENTATION (  '', ( #6791 ), #4356 ) ;
#2771 = SURFACE_SIDE_STYLE ('',( #6861 ) ) ;
#2772 = VERTEX_POINT ( 'NONE', #2395 ) ;
#2773 = EDGE_LOOP ( 'NONE', ( #5128, #4159, #3869, #3912 ) ) ;
#2774 = CARTESIAN_POINT ( 'NONE',  ( 0.0000000000000000000, 0.06692913385826770867, 0.03892925428212862249 ) ) ;
#2775 = ORIENTED_EDGE ( 'NONE', *, *, #4508, .F. ) ;
#2776 = FILL_AREA_STYLE_COLOUR ( '', #93 ) ;
#2777 = FACE_OUTER_BOUND ( 'NONE', #5411, .T. ) ;
#2778 =( NAMED_UNIT ( * ) PLANE_ANGLE_UNIT ( ) SI_UNIT ( $, .RADIAN. ) );
#2779 = STYLED_ITEM ( 'NONE', ( #1471 ), #656 ) ;
#2780 = SURFACE_STYLE_FILL_AREA ( #721 ) ;
#2781 = SURFACE_STYLE_USAGE ( .BOTH. , #3477 ) ;
#2782 = CARTESIAN_POINT ( 'NONE',  ( -0.1161417322834645688, 0.03937007874015747977, 0.07283464566929134798 ) ) ;
#2783 = CARTESIAN_POINT ( 'NONE',  ( -0.04724409448818897572, 0.07086614173228347746, 0.02066929133858268208 ) ) ;
#2784 = FILL_AREA_STYLE ('',( #6833 ) ) ;
#2785 = STYLED_ITEM ( 'NONE', ( #1623 ), #827 ) ;
#2786 = ORIENTED_EDGE ( 'NONE', *, *, #112, .T. ) ;
#2787 = PLANE ( 'NONE',  #3095 ) ;
#2788 = EDGE_CURVE ( 'NONE', #4258, #467, #5141, .T. ) ;
#2789 = DIRECTION ( 'NONE',  ( -1.000000000000000000, 4.917492902039899224E-17, 0.0000000000000000000 ) ) ;
#2790 = DIMENSIONAL_EXPONENTS ( 1.000000000000000000, 0.0000000000000000000, 0.0000000000000000000, 0.0000000000000000000, 0.0000000000000000000, 0.0000000000000000000, 0.0000000000000000000 ) ;
#2791 =( CONVERSION_BASED_UNIT ( 'INCH', #6878 ) LENGTH_UNIT ( ) NAMED_UNIT ( #3262 ) );
#2792 =( GEOMETRIC_REPRESENTATION_CONTEXT ( 3 ) GLOBAL_UNCERTAINTY_ASSIGNED_CONTEXT ( ( #8302 ) ) GLOBAL_UNIT_ASSIGNED_CONTEXT ( ( #4113, #652, #6849 ) ) REPRESENTATION_CONTEXT ( 'NONE', 'WORKASPACE' ) );
#2793 = AXIS2_PLACEMENT_3D ( 'NONE', #8312, #1533, #1434 ) ;
#2794 = VECTOR ( 'NONE', #5031, 39.37007874015748143 ) ;
#2795 = ADVANCED_FACE ( 'NONE', ( #7180 ), #1748, .T. ) ;
#2796 = EDGE_CURVE ( 'NONE', #3782, #3895, #1847, .T. ) ;
#2797 = LINE ( 'NONE', #5420, #1223 ) ;
#2798 = VERTEX_POINT ( 'NONE', #3151 ) ;
#2799 = CARTESIAN_POINT ( 'NONE',  ( -0.1031504233787781388, 0.03149606299212598381, -0.05590632889058937127 ) ) ;
#2800 = COLOUR_RGB ( '',0.7686274509803920907, 0.7686274509803920907, 0.7686274509803920907 ) ;
#2801 = CIRCLE ( 'NONE', #2238, 0.001968503937007879193 ) ;
#2802 = PRESENTATION_LAYER_ASSIGNMENT (  '', '', ( #1503 ) ) ;
#2803 = CARTESIAN_POINT ( 'NONE',  ( 0.1122047244094488277, 0.03937007874015747977, 0.06496062992125983815 ) ) ;
#2804 = DIRECTION ( 'NONE',  ( -1.000000000000000000, 0.0000000000000000000, 0.0000000000000000000 ) ) ;
#2805 = EDGE_CURVE ( 'NONE', #3690, #4719, #7322, .T. ) ;
#2806 = LENGTH_MEASURE_WITH_UNIT ( LENGTH_MEASURE( 0.02539999999999999897 ), #784 );
#2807 = STYLED_ITEM ( 'NONE', ( #3483 ), #2642 ) ;
#2808 = CIRCLE ( 'NONE', #1100, 0.003937007874015741038 ) ;
#2809 = VECTOR ( 'NONE', #4917, 39.37007874015748143 ) ;
#2810 = FILL_AREA_STYLE_COLOUR ( '', #5131 ) ;
#2811 = VERTEX_POINT ( 'NONE', #4733 ) ;
#2812 = DIRECTION ( 'NONE',  ( 0.0000000000000000000, 1.000000000000000000, 0.0000000000000000000 ) ) ;
#2813 = VERTEX_POINT ( 'NONE', #4549 ) ;
#2814 =( NAMED_UNIT ( * ) PLANE_ANGLE_UNIT ( ) SI_UNIT ( $, .RADIAN. ) );
#2815 = COLOUR_RGB ( '',0.7686274509803920907, 0.7686274509803920907, 0.7686274509803920907 ) ;
#2816 = DIMENSIONAL_EXPONENTS ( 1.000000000000000000, 0.0000000000000000000, 0.0000000000000000000, 0.0000000000000000000, 0.0000000000000000000, 0.0000000000000000000, 0.0000000000000000000 ) ;
#2817 = PRESENTATION_STYLE_ASSIGNMENT (( #6191 ) ) ;
#2818 =( CONVERSION_BASED_UNIT ( 'INCH', #75 ) LENGTH_UNIT ( ) NAMED_UNIT ( #4759 ) );
#2819 = PLANE ( 'NONE',  #3371 ) ;
#2820 = DIRECTION ( 'NONE',  ( -1.000000000000000000, 0.0000000000000000000, 0.0000000000000000000 ) ) ;
#2821 = VECTOR ( 'NONE', #4076, 39.37007874015748143 ) ;
#2822 = MECHANICAL_DESIGN_GEOMETRIC_PRESENTATION_REPRESENTATION (  '', ( #3409 ), #2262 ) ;
#2823 = FILL_AREA_STYLE_COLOUR ( '', #2681 ) ;
#2824 = VERTEX_POINT ( 'NONE', #1179 ) ;
#2825 = EDGE_LOOP ( 'NONE', ( #3992, #4075, #7715, #1955 ) ) ;
#2826 = EDGE_LOOP ( 'NONE', ( #2367, #759, #8719, #6696 ) ) ;
#2827 = VERTEX_POINT ( 'NONE', #1135 ) ;
#2828 = UNCERTAINTY_MEASURE_WITH_UNIT (LENGTH_MEASURE( 1.000000000000000082E-05 ), #816, 'distance_accuracy_value', 'NONE');
#2829 = DIRECTION ( 'NONE',  ( -1.000000000000000000, 0.0000000000000000000, 0.0000000000000000000 ) ) ;
#2830 = EDGE_CURVE ( 'NONE', #1931, #6732, #7414, .T. ) ;
#2831 = LINE ( 'NONE', #6164, #3962 ) ;
#2832 = CARTESIAN_POINT ( 'NONE',  ( 0.08341662617894055054, 0.06299212598425196763, -0.03617253169075181074 ) ) ;
#2833 = CARTESIAN_POINT ( 'NONE',  ( -0.04724409448818897572, -0.06114854350730373339, 0.02066929133858268208 ) ) ;
#2834 =( NAMED_UNIT ( * ) PLANE_ANGLE_UNIT ( ) SI_UNIT ( $, .RADIAN. ) );
#2835 = ORIENTED_EDGE ( 'NONE', *, *, #5607, .F. ) ;
#2836 = DIMENSIONAL_EXPONENTS ( 1.000000000000000000, 0.0000000000000000000, 0.0000000000000000000, 0.0000000000000000000, 0.0000000000000000000, 0.0000000000000000000, 0.0000000000000000000 ) ;
#2837 = UNCERTAINTY_MEASURE_WITH_UNIT (LENGTH_MEASURE( 1.000000000000000082E-05 ), #7647, 'distance_accuracy_value', 'NONE');
#2838 = LENGTH_MEASURE_WITH_UNIT ( LENGTH_MEASURE( 0.02539999999999999897 ), #2124 );
#2839 = CARTESIAN_POINT ( 'NONE',  ( 0.1200787401574803237, 0.01968503937007873988, -0.05118110236220473064 ) ) ;
#2840 = AXIS2_PLACEMENT_3D ( 'NONE', #5659, #4995, #4910 ) ;
#2841 = FACE_OUTER_BOUND ( 'NONE', #7724, .T. ) ;
#2842 = CARTESIAN_POINT ( 'NONE',  ( 0.1200787401574803237, 0.04724409448818897572, 0.01968503937007873988 ) ) ;
#2843 = CARTESIAN_POINT ( 'NONE',  ( 0.1031504233787781388, 0.03149606299212598381, 0.05590632889058937127 ) ) ;
#2844 = VECTOR ( 'NONE', #8590, 39.37007874015748143 ) ;
#2845 = STYLED_ITEM ( 'NONE', ( #5007 ), #3134 ) ;
#2846 = LENGTH_MEASURE_WITH_UNIT ( LENGTH_MEASURE( 0.02539999999999999897 ), #3494 );
#2847 = LINE ( 'NONE', #2183, #3484 ) ;
#2848 = EDGE_CURVE ( 'NONE', #7119, #5575, #1253, .T. ) ;
#2849 = DIMENSIONAL_EXPONENTS ( 1.000000000000000000, 0.0000000000000000000, 0.0000000000000000000, 0.0000000000000000000, 0.0000000000000000000, 0.0000000000000000000, 0.0000000000000000000 ) ;
#2850 = FACE_OUTER_BOUND ( 'NONE', #2853, .T. ) ;
#2851 = PRESENTATION_LAYER_ASSIGNMENT (  '', '', ( #1854 ) ) ;
#2852 =( CONVERSION_BASED_UNIT ( 'INCH', #4297 ) LENGTH_UNIT ( ) NAMED_UNIT ( #5268 ) );
#2853 = EDGE_LOOP ( 'NONE', ( #3452, #6721, #5622, #2891 ) ) ;
#2854 = CARTESIAN_POINT ( 'NONE',  ( -0.1102370375520064921, 0.03149606299212598381, -0.01968503937007873988 ) ) ;
#2855 = ADVANCED_FACE ( 'NONE', ( #6651 ), #3241, .T. ) ;
#2856 = ORIENTED_EDGE ( 'NONE', *, *, #5008, .T. ) ;
#2857 = ADVANCED_FACE ( 'NONE', ( #3368 ), #1421, .F. ) ;
#2858 = CARTESIAN_POINT ( 'NONE',  ( -0.08341662617894055054, 0.06299212598425196763, 0.03617253169075181074 ) ) ;
#2859 = CARTESIAN_POINT ( 'NONE',  ( -0.1200787401574803237, 0.03937007874015747977, -0.06889763779527559306 ) ) ;
#2860 = DIRECTION ( 'NONE',  ( -2.344220913482170177E-16, 0.0000000000000000000, -1.000000000000000000 ) ) ;
#2861 = EDGE_LOOP ( 'NONE', ( #6998, #6934, #2441, #7413 ) ) ;
#2862 = DIRECTION ( 'NONE',  ( 0.0000000000000000000, 0.0000000000000000000, -1.000000000000000000 ) ) ;
#2863 = ORIENTED_EDGE ( 'NONE', *, *, #2964, .T. ) ;
#2864 = FILL_AREA_STYLE_COLOUR ( '', #2815 ) ;
#2865 = STYLED_ITEM ( 'NONE', ( #2817 ), #3800 ) ;
#2866 = VERTEX_POINT ( 'NONE', #6158 ) ;
#2867 = DIRECTION ( 'NONE',  ( -0.0000000000000000000, 0.1045284632676536235, 0.9945218953682732899 ) ) ;
#2868 = FILL_AREA_STYLE ('',( #6913 ) ) ;
#2869 = STYLED_ITEM ( 'NONE', ( #4414 ), #4274 ) ;
#2870 = DIRECTION ( 'NONE',  ( 1.000000000000000000, 0.0000000000000000000, 0.0000000000000000000 ) ) ;
#2871 = EDGE_LOOP ( 'NONE', ( #6597, #8787, #5845, #5246 ) ) ;
#2872 =( NAMED_UNIT ( * ) PLANE_ANGLE_UNIT ( ) SI_UNIT ( $, .RADIAN. ) );
#2873 =( LENGTH_UNIT ( ) NAMED_UNIT ( * ) SI_UNIT ( $, .METRE. ) );
#2874 =( GEOMETRIC_REPRESENTATION_CONTEXT ( 3 ) GLOBAL_UNCERTAINTY_ASSIGNED_CONTEXT ( ( #3657 ) ) GLOBAL_UNIT_ASSIGNED_CONTEXT ( ( #4105, #4023, #6839 ) ) REPRESENTATION_CONTEXT ( 'NONE', 'WORKASPACE' ) );
#2875 = VECTOR ( 'NONE', #7719, 39.37007874015748143 ) ;
#2876 = DIRECTION ( 'NONE',  ( 1.000000000000000000, 0.0000000000000000000, 0.0000000000000000000 ) ) ;
#2877 = LINE ( 'NONE', #8347, #894 ) ;
#2878 =( GEOMETRIC_REPRESENTATION_CONTEXT ( 3 ) GLOBAL_UNCERTAINTY_ASSIGNED_CONTEXT ( ( #5895 ) ) GLOBAL_UNIT_ASSIGNED_CONTEXT ( ( #1728, #3818, #8456 ) ) REPRESENTATION_CONTEXT ( 'NONE', 'WORKASPACE' ) );
#2879 = LENGTH_MEASURE_WITH_UNIT ( LENGTH_MEASURE( 0.02539999999999999897 ), #4968 );
#2880 = COLOUR_RGB ( '',1.000000000000000000, 1.000000000000000000, 1.000000000000000000 ) ;
#2881 = UNCERTAINTY_MEASURE_WITH_UNIT (LENGTH_MEASURE( 1.000000000000000082E-05 ), #5570, 'distance_accuracy_value', 'NONE');
#2882 = LINE ( 'NONE', #2842, #3668 ) ;
#2883 = SURFACE_STYLE_FILL_AREA ( #5599 ) ;
#2884 =( GEOMETRIC_REPRESENTATION_CONTEXT ( 3 ) GLOBAL_UNCERTAINTY_ASSIGNED_CONTEXT ( ( #3741 ) ) GLOBAL_UNIT_ASSIGNED_CONTEXT ( ( #1385, #6872, #181 ) ) REPRESENTATION_CONTEXT ( 'NONE', 'WORKASPACE' ) );
#2885 = STYLED_ITEM ( 'NONE', ( #8084 ), #5122 ) ;
#2886 = DIRECTION ( 'NONE',  ( 1.000000000000000000, 0.0000000000000000000, 0.0000000000000000000 ) ) ;
#2887 = FILL_AREA_STYLE_COLOUR ( '', #7240 ) ;
#2888 = SURFACE_STYLE_USAGE ( .BOTH. , #2278 ) ;
#2889 = VECTOR ( 'NONE', #2968, 39.37007874015748854 ) ;
#2890 = PRESENTATION_STYLE_ASSIGNMENT (( #8320 ) ) ;
#2891 = ORIENTED_EDGE ( 'NONE', *, *, #7991, .F. ) ;
#2892 =( NAMED_UNIT ( * ) SI_UNIT ( $, .STERADIAN. ) SOLID_ANGLE_UNIT ( ) );
#2893 = ORIENTED_EDGE ( 'NONE', *, *, #5450, .F. ) ;
#2894 = ADVANCED_FACE ( 'NONE', ( #8826 ), #6295, .F. ) ;
#2895 = CARTESIAN_POINT ( 'NONE',  ( 0.1031504233787781388, 0.03149606299212598381, 0.05590632889058937127 ) ) ;
#2896 = ADVANCED_FACE ( 'NONE', ( #7625 ), #128, .T. ) ;
#2897 = LINE ( 'NONE', #8412, #6969 ) ;
#2898 =( CONVERSION_BASED_UNIT ( 'INCH', #1508 ) LENGTH_UNIT ( ) NAMED_UNIT ( #7916 ) );
#2899 = ADVANCED_FACE ( 'NONE', ( #7879 ), #175, .F. ) ;
#2900 = FILL_AREA_STYLE ('',( #78 ) ) ;
#2901 = ADVANCED_FACE ( 'NONE', ( #8370 ), #5038, .T. ) ;
#2902 = ORIENTED_EDGE ( 'NONE', *, *, #7568, .T. ) ;
#2903 = VERTEX_POINT ( 'NONE', #3281 ) ;
#2904 = VERTEX_POINT ( 'NONE', #3224 ) ;
#2905 = LENGTH_MEASURE_WITH_UNIT ( LENGTH_MEASURE( 0.02539999999999999897 ), #4261 );
#2906 = ORIENTED_EDGE ( 'NONE', *, *, #4179, .T. ) ;
#2907 = UNCERTAINTY_MEASURE_WITH_UNIT (LENGTH_MEASURE( 1.000000000000000082E-05 ), #967, 'distance_accuracy_value', 'NONE');
#2908 = CARTESIAN_POINT ( 'NONE',  ( -0.1431733283613561003, 0.001968503937007873988, 0.01181102362204724393 ) ) ;
#2909 = SURFACE_SIDE_STYLE ('',( #5631 ) ) ;
#2910 = ORIENTED_EDGE ( 'NONE', *, *, #4669, .T. ) ;
#2911 = DIRECTION ( 'NONE',  ( 0.0000000000000000000, 0.0000000000000000000, -1.000000000000000000 ) ) ;
#2912 = PRESENTATION_LAYER_ASSIGNMENT (  '', '', ( #8215 ) ) ;
#2913 = UNCERTAINTY_MEASURE_WITH_UNIT (LENGTH_MEASURE( 1.000000000000000082E-05 ), #3666, 'distance_accuracy_value', 'NONE');
#2914 = SURFACE_SIDE_STYLE ('',( #823 ) ) ;
#2915 = EDGE_CURVE ( 'NONE', #6771, #7789, #4671, .T. ) ;
#2916 = LINE ( 'NONE', #326, #8373 ) ;
#2917 = DIRECTION ( 'NONE',  ( 0.0000000000000000000, -1.000000000000000000, 0.0000000000000000000 ) ) ;
#2918 = FILL_AREA_STYLE ('',( #865 ) ) ;
#2919 = VECTOR ( 'NONE', #1761, 39.37007874015748143 ) ;
#2920 =( NAMED_UNIT ( * ) SI_UNIT ( $, .STERADIAN. ) SOLID_ANGLE_UNIT ( ) );
#2921 = FILL_AREA_STYLE ('',( #4564 ) ) ;
#2922 = DIMENSIONAL_EXPONENTS ( 1.000000000000000000, 0.0000000000000000000, 0.0000000000000000000, 0.0000000000000000000, 0.0000000000000000000, 0.0000000000000000000, 0.0000000000000000000 ) ;
#2923 =( NAMED_UNIT ( * ) PLANE_ANGLE_UNIT ( ) SI_UNIT ( $, .RADIAN. ) );
#2924 = VECTOR ( 'NONE', #5033, 39.37007874015748143 ) ;
#2925 = MECHANICAL_DESIGN_GEOMETRIC_PRESENTATION_REPRESENTATION (  '', ( #4823 ), #2658 ) ;
#2926 =( GEOMETRIC_REPRESENTATION_CONTEXT ( 3 ) GLOBAL_UNCERTAINTY_ASSIGNED_CONTEXT ( ( #2213 ) ) GLOBAL_UNIT_ASSIGNED_CONTEXT ( ( #6858, #4253, #3553 ) ) REPRESENTATION_CONTEXT ( 'NONE', 'WORKASPACE' ) );
#2927 = CYLINDRICAL_SURFACE ( 'NONE', #8511, 0.003937007874015749712 ) ;
#2928 = CARTESIAN_POINT ( 'NONE',  ( 0.1200787401574803237, 0.0000000000000000000, 0.04724409448818897572 ) ) ;
#2929 = FACE_OUTER_BOUND ( 'NONE', #7046, .T. ) ;
#2930 = MECHANICAL_DESIGN_GEOMETRIC_PRESENTATION_REPRESENTATION (  '', ( #3080 ), #4963 ) ;
#2931 = ORIENTED_EDGE ( 'NONE', *, *, #4280, .T. ) ;
#2932 = MECHANICAL_DESIGN_GEOMETRIC_PRESENTATION_REPRESENTATION (  '', ( #5675 ), #7101 ) ;
#2933 =( NAMED_UNIT ( * ) SI_UNIT ( $, .STERADIAN. ) SOLID_ANGLE_UNIT ( ) );
#2934 = ORIENTED_EDGE ( 'NONE', *, *, #3051, .T. ) ;
#2935 = LINE ( 'NONE', #2281, #5586 ) ;
#2936 = ORIENTED_EDGE ( 'NONE', *, *, #2038, .T. ) ;
#2937 = STYLED_ITEM ( 'NONE', ( #5641 ), #2485 ) ;
#2938 = VECTOR ( 'NONE', #8178, 39.37007874015748143 ) ;
#2939 = AXIS2_PLACEMENT_3D ( 'NONE', #6336, #988, #5629 ) ;
#2940 = COLOUR_RGB ( '',0.7686274509803920907, 0.7686274509803920907, 0.7686274509803920907 ) ;
#2941 = FILL_AREA_STYLE ('',( #4392 ) ) ;
#2942 = CARTESIAN_POINT ( 'NONE',  ( -0.09801490858492173386, 0.03149606299212600463, -0.05077081409673312590 ) ) ;
#2943 = DIRECTION ( 'NONE',  ( -2.344220913482170177E-16, 1.606225440719264641E-16, -1.000000000000000000 ) ) ;
#2944 = ADVANCED_FACE ( 'NONE', ( #1167 ), #1072, .T. ) ;
#2945 = ORIENTED_EDGE ( 'NONE', *, *, #7244, .F. ) ;
#2946 = PRESENTATION_LAYER_ASSIGNMENT (  '', '', ( #6114 ) ) ;
#2947 = VECTOR ( 'NONE', #5454, 39.37007874015748143 ) ;
#2948 = FACE_OUTER_BOUND ( 'NONE', #1898, .T. ) ;
#2949 = AXIS2_PLACEMENT_3D ( 'NONE', #5884, #4541, #2604 ) ;
#2950 = ORIENTED_EDGE ( 'NONE', *, *, #3304, .T. ) ;
#2951 = EDGE_CURVE ( 'NONE', #7571, #479, #7312, .T. ) ;
#2952 = CARTESIAN_POINT ( 'NONE',  ( 0.09966963588909823202, 0.04135943069846480247, 0.05081510719521771524 ) ) ;
#2953 = DIRECTION ( 'NONE',  ( 0.0000000000000000000, -1.000000000000000000, 0.0000000000000000000 ) ) ;
#2954 = PRESENTATION_LAYER_ASSIGNMENT (  '', '', ( #6977 ) ) ;
#2955 = SURFACE_SIDE_STYLE ('',( #3828 ) ) ;
#2956 = CIRCLE ( 'NONE', #7970, 0.003937007874015749712 ) ;
#2957 = EDGE_CURVE ( 'NONE', #2121, #1551, #2473, .T. ) ;
#2958 = CARTESIAN_POINT ( 'NONE',  ( -0.09575126888440081696, 0.04196055061682803233, 0.05220675164340077973 ) ) ;
#2959 = ORIENTED_EDGE ( 'NONE', *, *, #7244, .T. ) ;
#2960 = DIRECTION ( 'NONE',  ( 0.0000000000000000000, 2.409338161078900167E-16, -1.000000000000000000 ) ) ;
#2961 = ORIENTED_EDGE ( 'NONE', *, *, #3062, .T. ) ;
#2962 = DIRECTION ( 'NONE',  ( -1.741473112329314938E-32, -1.000000000000000000, -1.606225440719264641E-16 ) ) ;
#2963 =( NAMED_UNIT ( * ) PLANE_ANGLE_UNIT ( ) SI_UNIT ( $, .RADIAN. ) );
#2964 = EDGE_CURVE ( 'NONE', #3278, #5369, #5302, .T. ) ;
#2965 = EDGE_CURVE ( 'NONE', #1418, #4215, #678, .T. ) ;
#2966 = DIRECTION ( 'NONE',  ( -1.000000000000000000, 0.0000000000000000000, 1.084202172485503694E-16 ) ) ;
#2967 = CARTESIAN_POINT ( 'NONE',  ( -0.1102370375520064921, 0.03149606299212598381, -0.06496062992125983815 ) ) ;
#2968 = DIRECTION ( 'NONE',  ( 0.1039620511844979722, -0.9891328443778537594, -0.1039620511844979722 ) ) ;
#2969 = PRESENTATION_LAYER_ASSIGNMENT (  '', '', ( #6845 ) ) ;
#2970 = FACE_OUTER_BOUND ( 'NONE', #4133, .T. ) ;
#2971 = LENGTH_MEASURE_WITH_UNIT ( LENGTH_MEASURE( 0.02539999999999999897 ), #3015 );
#2972 = CARTESIAN_POINT ( 'NONE',  ( 0.1200787401574803237, 0.03937007874015747977, 0.07283464566929134798 ) ) ;
#2973 = CIRCLE ( 'NONE', #1393, 0.005905511811023620231 ) ;
#2974 = SURFACE_STYLE_FILL_AREA ( #3665 ) ;
#2975 = DIRECTION ( 'NONE',  ( 0.0000000000000000000, 0.0000000000000000000, 1.000000000000000000 ) ) ;
#2976 = SURFACE_STYLE_FILL_AREA ( #5683 ) ;
#2977 =( GEOMETRIC_REPRESENTATION_CONTEXT ( 3 ) GLOBAL_UNCERTAINTY_ASSIGNED_CONTEXT ( ( #6333 ) ) GLOBAL_UNIT_ASSIGNED_CONTEXT ( ( #6210, #4835, #6786 ) ) REPRESENTATION_CONTEXT ( 'NONE', 'WORKASPACE' ) );
#2978 = ORIENTED_EDGE ( 'NONE', *, *, #6047, .F. ) ;
#2979 = FACE_OUTER_BOUND ( 'NONE', #3435, .T. ) ;
#2980 = CARTESIAN_POINT ( 'NONE',  ( 0.09205169163721239889, 0.03926747862213775253, -0.04480759714902362439 ) ) ;
#2981 = PLANE ( 'NONE',  #5923 ) ;
#2982 = ORIENTED_EDGE ( 'NONE', *, *, #7612, .F. ) ;
#2983 = CARTESIAN_POINT ( 'NONE',  ( -0.04724409448818897572, -0.06114854350730373339, 0.02854330708661417110 ) ) ;
#2984 = ORIENTED_EDGE ( 'NONE', *, *, #5218, .F. ) ;
#2985 = DIRECTION ( 'NONE',  ( 0.0000000000000000000, 0.0000000000000000000, 1.000000000000000000 ) ) ;
#2986 = LENGTH_MEASURE_WITH_UNIT ( LENGTH_MEASURE( 0.02539999999999999897 ), #2236 );
#2987 = CARTESIAN_POINT ( 'NONE',  ( -0.08594916724488622928, 0.06754506753724882906, -0.03870507275669748254 ) ) ;
#2988 =( NAMED_UNIT ( * ) SI_UNIT ( $, .STERADIAN. ) SOLID_ANGLE_UNIT ( ) );
#2989 = SURFACE_STYLE_USAGE ( .BOTH. , #3819 ) ;
#2990 = MECHANICAL_DESIGN_GEOMETRIC_PRESENTATION_REPRESENTATION (  '', ( #1854 ), #130 ) ;
#2991 = DIRECTION ( 'NONE',  ( 1.000000000000000000, 0.0000000000000000000, 0.0000000000000000000 ) ) ;
#2992 = ORIENTED_EDGE ( 'NONE', *, *, #8867, .T. ) ;
#2993 = ORIENTED_EDGE ( 'NONE', *, *, #2805, .F. ) ;
#2994 = CARTESIAN_POINT ( 'NONE',  ( -0.1200787401574803237, 0.01574803149606299191, 0.05118110236220473064 ) ) ;
#2995 = CARTESIAN_POINT ( 'NONE',  ( 0.08617334877031732066, 0.06692913385826770867, -0.03892925428212862249 ) ) ;
#2996 = CARTESIAN_POINT ( 'NONE',  ( 0.1200787401574803237, 0.03149606299212598381, -0.01968503937007873988 ) ) ;
#2997 = DIRECTION ( 'NONE',  ( 0.0000000000000000000, 0.0000000000000000000, 1.000000000000000000 ) ) ;
#2998 =( NAMED_UNIT ( * ) PLANE_ANGLE_UNIT ( ) SI_UNIT ( $, .RADIAN. ) );
#2999 = SURFACE_SIDE_STYLE ('',( #5041 ) ) ;
#3000 = AXIS2_PLACEMENT_3D ( 'NONE', #4207, #6989, #6230 ) ;
#3001 = ORIENTED_EDGE ( 'NONE', *, *, #2965, .F. ) ;
#3002 = DIRECTION ( 'NONE',  ( -2.344220913482170177E-16, 0.0000000000000000000, 1.000000000000000000 ) ) ;
#3003 = ORIENTED_EDGE ( 'NONE', *, *, #6431, .F. ) ;
#3004 = LINE ( 'NONE', #3784, #7536 ) ;
#3005 = FILL_AREA_STYLE ('',( #6559 ) ) ;
#3006 = EDGE_CURVE ( 'NONE', #4361, #2747, #5381, .T. ) ;
#3007 = PRESENTATION_LAYER_ASSIGNMENT (  '', '', ( #5744 ) ) ;
#3008 =( LENGTH_UNIT ( ) NAMED_UNIT ( * ) SI_UNIT ( $, .METRE. ) );
#3009 = DIRECTION ( 'NONE',  ( 0.0000000000000000000, 0.0000000000000000000, -1.000000000000000000 ) ) ;
#3010 = CYLINDRICAL_SURFACE ( 'NONE', #1296, 0.003937007874015749712 ) ;
#3011 = CARTESIAN_POINT ( 'NONE',  ( -0.1594488188976377896, -0.001968503937007873988, 0.01181102362204724393 ) ) ;
#3012 = CARTESIAN_POINT ( 'NONE',  ( -0.1200787401574803237, 0.01968503937007873988, -0.05118110236220473064 ) ) ;
#3013 = SURFACE_STYLE_FILL_AREA ( #1665 ) ;
#3014 = ADVANCED_FACE ( 'NONE', ( #8601 ), #1735, .T. ) ;
#3015 =( LENGTH_UNIT ( ) NAMED_UNIT ( * ) SI_UNIT ( $, .METRE. ) );
#3016 = SURFACE_STYLE_FILL_AREA ( #2359 ) ;
#3017 = MANIFOLD_SOLID_BREP ( 'Imported3', #4331 ) ;
#3018 = PRESENTATION_STYLE_ASSIGNMENT (( #6523 ) ) ;
#3019 = LINE ( 'NONE', #1712, #6233 ) ;
#3020 = VECTOR ( 'NONE', #8294, 39.37007874015748143 ) ;
#3021 = PRESENTATION_STYLE_ASSIGNMENT (( #6441 ) ) ;
#3022 = LENGTH_MEASURE_WITH_UNIT ( LENGTH_MEASURE( 0.02539999999999999897 ), #6442 );
#3023 = VERTEX_POINT ( 'NONE', #6763 ) ;
#3024 =( NAMED_UNIT ( * ) PLANE_ANGLE_UNIT ( ) SI_UNIT ( $, .RADIAN. ) );
#3025 =( NAMED_UNIT ( * ) PLANE_ANGLE_UNIT ( ) SI_UNIT ( $, .RADIAN. ) );
#3026 = CARTESIAN_POINT ( 'NONE',  ( 0.09299454629302401909, 0.03667700674546717221, 0.05314960629921260116 ) ) ;
#3027 = ORIENTED_EDGE ( 'NONE', *, *, #5073, .F. ) ;
#3028 = FILL_AREA_STYLE_COLOUR ( '', #116 ) ;
#3029 = ORIENTED_EDGE ( 'NONE', *, *, #6364, .F. ) ;
#3030 = STYLED_ITEM ( 'NONE', ( #5197 ), #5062 ) ;
#3031 = DIRECTION ( 'NONE',  ( 0.0000000000000000000, 1.000000000000000000, 0.0000000000000000000 ) ) ;
#3032 = DIRECTION ( 'NONE',  ( 1.000000000000000000, 0.0000000000000000000, 1.084202172485503694E-16 ) ) ;
#3033 = LINE ( 'NONE', #8453, #4470 ) ;
#3034 = FILL_AREA_STYLE_COLOUR ( '', #8264 ) ;
#3035 = DIRECTION ( 'NONE',  ( 0.0000000000000000000, 0.0000000000000000000, -1.000000000000000000 ) ) ;
#3036 = SURFACE_SIDE_STYLE ('',( #5480 ) ) ;
#3037 = CIRCLE ( 'NONE', #1183, 0.003937007874015741038 ) ;
#3038 = COLOUR_RGB ( '',1.000000000000000000, 1.000000000000000000, 1.000000000000000000 ) ;
#3039 = DIRECTION ( 'NONE',  ( 0.0000000000000000000, -1.000000000000000000, 0.0000000000000000000 ) ) ;
#3040 = VERTEX_POINT ( 'NONE', #8103 ) ;
#3041 =( NAMED_UNIT ( * ) PLANE_ANGLE_UNIT ( ) SI_UNIT ( $, .RADIAN. ) );
#3042 = VERTEX_POINT ( 'NONE', #3501 ) ;
#3043 = DIRECTION ( 'NONE',  ( 0.0000000000000000000, 0.0000000000000000000, -1.000000000000000000 ) ) ;
#3044 = CARTESIAN_POINT ( 'NONE',  ( 0.09575126888440098349, 0.03937007874015747977, 0.05590632889058937127 ) ) ;
#3045 = ORIENTED_EDGE ( 'NONE', *, *, #5660, .F. ) ;
#3046 = FILL_AREA_STYLE ('',( #235 ) ) ;
#3047 = ORIENTED_EDGE ( 'NONE', *, *, #3528, .T. ) ;
#3048 = FACE_OUTER_BOUND ( 'NONE', #4691, .T. ) ;
#3049 = DIRECTION ( 'NONE',  ( 1.000000000000000000, 0.0000000000000000000, 0.0000000000000000000 ) ) ;
#3050 = SURFACE_STYLE_FILL_AREA ( #1702 ) ;
#3051 = EDGE_CURVE ( 'NONE', #5752, #7274, #7526, .T. ) ;
#3052 =( CONVERSION_BASED_UNIT ( 'INCH', #4415 ) LENGTH_UNIT ( ) NAMED_UNIT ( #2683 ) );
#3053 = CARTESIAN_POINT ( 'NONE',  ( 0.1200787401574803237, 0.03937007874015747977, -0.07283464566929134798 ) ) ;
#3054 = LINE ( 'NONE', #5801, #2889 ) ;
#3055 = SURFACE_STYLE_USAGE ( .BOTH. , #1978 ) ;
#3056 = CARTESIAN_POINT ( 'NONE',  ( 0.1200787401574803237, 0.01507924023197730438, 0.01181102362204724393 ) ) ;
#3057 = UNCERTAINTY_MEASURE_WITH_UNIT (LENGTH_MEASURE( 1.000000000000000082E-05 ), #2590, 'distance_accuracy_value', 'NONE');
#3058 = SURFACE_SIDE_STYLE ('',( #7806 ) ) ;
#3059 = PRESENTATION_LAYER_ASSIGNMENT (  '', '', ( #7070 ) ) ;
#3060 = EDGE_CURVE ( 'NONE', #5776, #4764, #4897, .T. ) ;
#3061 = CARTESIAN_POINT ( 'NONE',  ( -0.09299454629302401909, 0.03667700674546717221, 0.05314960629921260116 ) ) ;
#3062 = EDGE_CURVE ( 'NONE', #4022, #3150, #711, .T. ) ;
#3063 = ADVANCED_FACE ( 'NONE', ( #4808 ), #689, .F. ) ;
#3064 = DIRECTION ( 'NONE',  ( 1.000000000000000000, 0.0000000000000000000, 0.0000000000000000000 ) ) ;
#3065 = MECHANICAL_DESIGN_GEOMETRIC_PRESENTATION_REPRESENTATION (  '', ( #4658 ), #8079 ) ;
#3066 = FILL_AREA_STYLE ('',( #4376 ) ) ;
#3067 =( NAMED_UNIT ( * ) PLANE_ANGLE_UNIT ( ) SI_UNIT ( $, .RADIAN. ) );
#3068 = ORIENTED_EDGE ( 'NONE', *, *, #4458, .F. ) ;
#3069 = LINE ( 'NONE', #2414, #5690 ) ;
#3070 = PRESENTATION_STYLE_ASSIGNMENT (( #3764 ) ) ;
#3071 = PLANE ( 'NONE',  #1474 ) ;
#3072 = CARTESIAN_POINT ( 'NONE',  ( 0.1003937007874013548, 0.03937007874015747977, -0.04850717439621214655 ) ) ;
#3073 = MECHANICAL_DESIGN_GEOMETRIC_PRESENTATION_REPRESENTATION (  '', ( #2785 ), #7232 ) ;
#3074 = VERTEX_POINT ( 'NONE', #6837 ) ;
#3075 = EDGE_CURVE ( 'NONE', #4122, #8250, #3937, .T. ) ;
#3076 = LINE ( 'NONE', #5823, #5459 ) ;
#3077 = CARTESIAN_POINT ( 'NONE',  ( -0.1003937007874015908, 0.03937007874015747977, 0.05314960629921260116 ) ) ;
#3078 = DIRECTION ( 'NONE',  ( 0.0000000000000000000, 0.0000000000000000000, -1.000000000000000000 ) ) ;
#3079 = CARTESIAN_POINT ( 'NONE',  ( -0.1200787401574803237, 0.01574803149606299191, 0.04724409448818897572 ) ) ;
#3080 = STYLED_ITEM ( 'NONE', ( #3070 ), #2303 ) ;
#3081 = CIRCLE ( 'NONE', #4964, 0.003937007874015749712 ) ;
#3082 = VECTOR ( 'NONE', #7509, 39.37007874015748143 ) ;
#3083 = VECTOR ( 'NONE', #2760, 39.37007874015748143 ) ;
#3084 = CARTESIAN_POINT ( 'NONE',  ( 0.08617334877031732066, 0.06692913385826770867, 0.03892925428212862249 ) ) ;
#3085 = ORIENTED_EDGE ( 'NONE', *, *, #8483, .F. ) ;
#3086 = SURFACE_SIDE_STYLE ('',( #3952 ) ) ;
#3087 = ORIENTED_EDGE ( 'NONE', *, *, #6708, .F. ) ;
#3088 =( CONVERSION_BASED_UNIT ( 'INCH', #2905 ) LENGTH_UNIT ( ) NAMED_UNIT ( #785 ) );
#3089 = AXIS2_PLACEMENT_3D ( 'NONE', #1667, #330, #8580 ) ;
#3090 = AXIS2_PLACEMENT_3D ( 'NONE', #246, #5100, #7057 ) ;
#3091 = COLOUR_RGB ( '',0.7686274509803920907, 0.7686274509803920907, 0.7686274509803920907 ) ;
#3092 = COLOUR_RGB ( '',0.7686274509803920907, 0.7686274509803920907, 0.7686274509803920907 ) ;
#3093 = LINE ( 'NONE', #5922, #2543 ) ;
#3094 = DIRECTION ( 'NONE',  ( -1.000000000000000000, 0.0000000000000000000, 0.0000000000000000000 ) ) ;
#3095 = AXIS2_PLACEMENT_3D ( 'NONE', #4786, #7505, #3609 ) ;
#3096 = STYLED_ITEM ( 'NONE', ( #7854 ), #7518 ) ;
#3097 = VECTOR ( 'NONE', #7126, 39.37007874015748143 ) ;
#3098 = ORIENTED_EDGE ( 'NONE', *, *, #8668, .T. ) ;
#3099 = EDGE_LOOP ( 'NONE', ( #2573, #5661, #1878, #1734 ) ) ;
#3100 = CARTESIAN_POINT ( 'NONE',  ( -0.1200787401574803237, 0.03937007874015747977, -0.06496062992125983815 ) ) ;
#3101 = UNCERTAINTY_MEASURE_WITH_UNIT (LENGTH_MEASURE( 1.000000000000000082E-05 ), #7261, 'distance_accuracy_value', 'NONE');
#3102 = PRESENTATION_LAYER_ASSIGNMENT (  '', '', ( #5272 ) ) ;
#3104 = CARTESIAN_POINT ( 'NONE',  ( -0.09575126888440081696, 0.04330708661417323468, -0.05590632889058937127 ) ) ;
#3103 = STYLED_ITEM ( 'NONE', ( #5394 ), #7828 ) ;
#3105 = PRESENTATION_LAYER_ASSIGNMENT (  '', '', ( #1791 ) ) ;
#3106 =( LENGTH_UNIT ( ) NAMED_UNIT ( * ) SI_UNIT ( $, .METRE. ) );
#3107 = SURFACE_STYLE_FILL_AREA ( #1452 ) ;
#3108 = DIRECTION ( 'NONE',  ( 1.524965644309994966E-31, 1.000000000000000000, 4.336808689942025132E-16 ) ) ;
#3109 = PRESENTATION_STYLE_ASSIGNMENT (( #5802 ) ) ;
#3110 = CARTESIAN_POINT ( 'NONE',  ( -0.1200787401574803237, -0.009085487128351082964, -0.01968503937007873988 ) ) ;
#3111 =( NAMED_UNIT ( * ) PLANE_ANGLE_UNIT ( ) SI_UNIT ( $, .RADIAN. ) );
#3112 = MANIFOLD_SOLID_BREP ( 'Imported4', #5059 ) ;
#3113 = UNCERTAINTY_MEASURE_WITH_UNIT (LENGTH_MEASURE( 1.000000000000000082E-05 ), #5628, 'distance_accuracy_value', 'NONE');
#3114 = DIRECTION ( 'NONE',  ( 0.0000000000000000000, 0.0000000000000000000, 1.000000000000000000 ) ) ;
#3115 = DIRECTION ( 'NONE',  ( 1.000000000000000000, 0.0000000000000000000, 0.0000000000000000000 ) ) ;
#3116 = AXIS2_PLACEMENT_3D ( 'NONE', #2393, #7045, #3002 ) ;
#3117 = SURFACE_SIDE_STYLE ('',( #1149 ) ) ;
#3118 = SURFACE_SIDE_STYLE ('',( #378 ) ) ;
#3119 = ORIENTED_EDGE ( 'NONE', *, *, #4578, .F. ) ;
#3120 = CARTESIAN_POINT ( 'NONE',  ( -0.1200787401574803237, 0.04724409448818897572, 0.01968503937007873988 ) ) ;
#3121 = ADVANCED_FACE ( 'NONE', ( #7425 ), #8137, .F. ) ;
#3122 = DIRECTION ( 'NONE',  ( 1.000000000000000000, 4.917492902039890596E-17, 0.0000000000000000000 ) ) ;
#3123 = DIRECTION ( 'NONE',  ( 0.0000000000000000000, 0.0000000000000000000, -1.000000000000000000 ) ) ;
#3124 = VECTOR ( 'NONE', #214, 39.37007874015748143 ) ;
#3125 =( CONVERSION_BASED_UNIT ( 'INCH', #1015 ) LENGTH_UNIT ( ) NAMED_UNIT ( #3727 ) );
#3126 = VERTEX_POINT ( 'NONE', #141 ) ;
#3127 = DIRECTION ( 'NONE',  ( -1.000000000000000000, 0.0000000000000000000, 0.0000000000000000000 ) ) ;
#3128 = EDGE_CURVE ( 'NONE', #2121, #7603, #730, .T. ) ;
#3129 = SURFACE_STYLE_FILL_AREA ( #388 ) ;
#3130 = DIRECTION ( 'NONE',  ( 0.0000000000000000000, 0.0000000000000000000, 1.000000000000000000 ) ) ;
#3131 = CIRCLE ( 'NONE', #1546, 0.003937007874015749712 ) ;
#3132 = SURFACE_STYLE_USAGE ( .BOTH. , #3036 ) ;
#3133 = DIRECTION ( 'NONE',  ( 0.3236155771181853935, 0.8891264907159878161, -0.3236155771181853935 ) ) ;
#3134 = ADVANCED_FACE ( 'NONE', ( #101 ), #6968, .T. ) ;
#3135 = PRESENTATION_LAYER_ASSIGNMENT (  '', '', ( #4008 ) ) ;
#3136 = CARTESIAN_POINT ( 'NONE',  ( -0.1200787401574803237, 0.03937007874015747977, 0.07283464566929134798 ) ) ;
#3137 = EDGE_CURVE ( 'NONE', #991, #4960, #51, .T. ) ;
#3138 = ORIENTED_EDGE ( 'NONE', *, *, #6481, .F. ) ;
#3139 =( NAMED_UNIT ( * ) PLANE_ANGLE_UNIT ( ) SI_UNIT ( $, .RADIAN. ) );
#3140 = ORIENTED_EDGE ( 'NONE', *, *, #6044, .T. ) ;
#3141 = DIRECTION ( 'NONE',  ( 0.0000000000000000000, -1.000000000000000000, 0.0000000000000000000 ) ) ;
#3142 = LENGTH_MEASURE_WITH_UNIT ( LENGTH_MEASURE( 0.02539999999999999897 ), #7040 );
#3143 = CARTESIAN_POINT ( 'NONE',  ( 0.1003937007874015908, 0.03937007874015747977, 0.05314960629921260116 ) ) ;
#3144 = VECTOR ( 'NONE', #1894, 39.37007874015748854 ) ;
#3145 = DIRECTION ( 'NONE',  ( -1.000000000000000000, 0.0000000000000000000, 0.0000000000000000000 ) ) ;
#3146 = SURFACE_SIDE_STYLE ('',( #1248 ) ) ;
#3147 = ORIENTED_EDGE ( 'NONE', *, *, #1480, .T. ) ;
#3148 = FILL_AREA_STYLE_COLOUR ( '', #6548 ) ;
#3149 = DIRECTION ( 'NONE',  ( 0.0000000000000000000, 0.0000000000000000000, -1.000000000000000000 ) ) ;
#3150 = VERTEX_POINT ( 'NONE', #4322 ) ;
#3151 = CARTESIAN_POINT ( 'NONE',  ( -0.1265117110087226326, 0.01507924023197730438, -0.01181102362204724393 ) ) ;
#3152 = ORIENTED_EDGE ( 'NONE', *, *, #4335, .F. ) ;
#3153 =( LENGTH_UNIT ( ) NAMED_UNIT ( * ) SI_UNIT ( $, .METRE. ) );
#3154 = FILL_AREA_STYLE ('',( #1046 ) ) ;
#3155 = FILL_AREA_STYLE ('',( #7367 ) ) ;
#3156 = SURFACE_SIDE_STYLE ('',( #243 ) ) ;
#3157 = UNCERTAINTY_MEASURE_WITH_UNIT (LENGTH_MEASURE( 1.000000000000000082E-05 ), #6255, 'distance_accuracy_value', 'NONE');
#3158 = SURFACE_SIDE_STYLE ('',( #5997 ) ) ;
#3159 = LINE ( 'NONE', #4514, #2644 ) ;
#3160 = CARTESIAN_POINT ( 'NONE',  ( -0.1200787401574803237, 0.01968503937007873988, 0.07283464566929134798 ) ) ;
#3161 = LINE ( 'NONE', #5199, #3825 ) ;
#3162 = MECHANICAL_DESIGN_GEOMETRIC_PRESENTATION_REPRESENTATION (  '', ( #5744 ), #8028 ) ;
#3163 = ORIENTED_EDGE ( 'NONE', *, *, #544, .T. ) ;
#3164 = PRESENTATION_STYLE_ASSIGNMENT (( #423 ) ) ;
#3165 = CARTESIAN_POINT ( 'NONE',  ( 0.1102370375520062978, 0.03937007874015747977, -0.06889763779527559306 ) ) ;
#3166 = FILL_AREA_STYLE_COLOUR ( '', #4651 ) ;
#3167 = ORIENTED_EDGE ( 'NONE', *, *, #7193, .F. ) ;
#3168 = AXIS2_PLACEMENT_3D ( 'NONE', #2466, #2424, #1641 ) ;
#3169 = PRESENTATION_LAYER_ASSIGNMENT (  '', '', ( #7175 ) ) ;
#3170 = DIRECTION ( 'NONE',  ( 0.0000000000000000000, 0.0000000000000000000, 1.000000000000000000 ) ) ;
#3171 = CARTESIAN_POINT ( 'NONE',  ( 0.1102370375520062978, 0.03149606299212598381, -0.01968503937007873988 ) ) ;
#3172 = SURFACE_SIDE_STYLE ('',( #561 ) ) ;
#3173 = SURFACE_SIDE_STYLE ('',( #2640 ) ) ;
#3174 = STYLED_ITEM ( 'NONE', ( #6894 ), #4567 ) ;
#3175 = LENGTH_MEASURE_WITH_UNIT ( LENGTH_MEASURE( 0.02539999999999999897 ), #8506 );
#3176 = ORIENTED_EDGE ( 'NONE', *, *, #6527, .F. ) ;
#3177 = ADVANCED_FACE ( 'NONE', ( #6171 ), #7012, .F. ) ;
#3178 = ORIENTED_EDGE ( 'NONE', *, *, #4117, .T. ) ;
#3179 = FILL_AREA_STYLE_COLOUR ( '', #8722 ) ;
#3180 = STYLED_ITEM ( 'NONE', ( #348 ), #57 ) ;
#3181 = EDGE_CURVE ( 'NONE', #3353, #4844, #1531, .T. ) ;
#3182 = EDGE_CURVE ( 'NONE', #1780, #2110, #3839, .T. ) ;
#3183 = LINE ( 'NONE', #4634, #8254 ) ;
#3184 = DIRECTION ( 'NONE',  ( 0.0000000000000000000, 0.0000000000000000000, -1.000000000000000000 ) ) ;
#3185 = VERTEX_POINT ( 'NONE', #2350 ) ;
#3186 = SURFACE_SIDE_STYLE ('',( #6695 ) ) ;
#3187 = VERTEX_POINT ( 'NONE', #7143 ) ;
#3188 = DIRECTION ( 'NONE',  ( 1.000000000000000000, 0.0000000000000000000, 0.0000000000000000000 ) ) ;
#3189 = COLOUR_RGB ( '',0.7686274509803920907, 0.7686274509803920907, 0.7686274509803920907 ) ;
#3190 = LINE ( 'NONE', #4644, #6868 ) ;
#3191 =( CONVERSION_BASED_UNIT ( 'INCH', #408 ) LENGTH_UNIT ( ) NAMED_UNIT ( #3947 ) );
#3192 = DIRECTION ( 'NONE',  ( 0.0000000000000000000, 1.000000000000000000, 0.0000000000000000000 ) ) ;
#3193 = LINE ( 'NONE', #5939, #662 ) ;
#3194 = CYLINDRICAL_SURFACE ( 'NONE', #8829, 0.005905511811023620231 ) ;
#3195 = ORIENTED_EDGE ( 'NONE', *, *, #6691, .T. ) ;
#3196 = FILL_AREA_STYLE_COLOUR ( '', #509 ) ;
#3197 = DIRECTION ( 'NONE',  ( 0.0000000000000000000, 1.000000000000000000, 0.0000000000000000000 ) ) ;
#3198 = UNCERTAINTY_MEASURE_WITH_UNIT (LENGTH_MEASURE( 1.000000000000000082E-05 ), #1268, 'distance_accuracy_value', 'NONE');
#3199 = DIRECTION ( 'NONE',  ( 0.0000000000000000000, -1.000000000000000000, 0.0000000000000000000 ) ) ;
#3200 = FILL_AREA_STYLE_COLOUR ( '', #5536 ) ;
#3201 =( LENGTH_UNIT ( ) NAMED_UNIT ( * ) SI_UNIT ( $, .METRE. ) );
#3202 = LINE ( 'NONE', #7292, #4240 ) ;
#3203 = VECTOR ( 'NONE', #7173, 39.37007874015748143 ) ;
#3204 =( NAMED_UNIT ( * ) SI_UNIT ( $, .STERADIAN. ) SOLID_ANGLE_UNIT ( ) );
#3205 = EDGE_LOOP ( 'NONE', ( #5696, #4452, #2202, #2204, #4227 ) ) ;
#3206 = CARTESIAN_POINT ( 'NONE',  ( -0.1102370375520064921, 0.01968503937007873988, 0.06496062992125983815 ) ) ;
#3207 = FILL_AREA_STYLE ('',( #3399 ) ) ;
#3208 = CYLINDRICAL_SURFACE ( 'NONE', #7432, 0.007874015748031495954 ) ;
#3209 = ORIENTED_EDGE ( 'NONE', *, *, #3251, .T. ) ;
#3210 = B_SPLINE_CURVE_WITH_KNOTS ( 'NONE', 3,
 ( #2958, #5706, #8424, #5307 ),
 .UNSPECIFIED., .F., .F.,
 ( 4, 4 ),
 ( 0.0000000000000000000, 1.000000000000000000 ),
 .UNSPECIFIED. ) ;
#3211 = CIRCLE ( 'NONE', #53, 0.003937007874015752314 ) ;
#3212 = ADVANCED_FACE ( 'NONE', ( #5714 ), #5182, .T. ) ;
#3213 = SURFACE_STYLE_USAGE ( .BOTH. , #2720 ) ;
#3214 =( NAMED_UNIT ( * ) PLANE_ANGLE_UNIT ( ) SI_UNIT ( $, .RADIAN. ) );
#3215 = DIRECTION ( 'NONE',  ( 0.0000000000000000000, 0.0000000000000000000, -1.000000000000000000 ) ) ;
#3216 = DIRECTION ( 'NONE',  ( 0.0000000000000000000, 1.000000000000000000, 0.0000000000000000000 ) ) ;
#3217 = SURFACE_STYLE_FILL_AREA ( #474 ) ;
#3218 =( LENGTH_UNIT ( ) NAMED_UNIT ( * ) SI_UNIT ( $, .METRE. ) );
#3219 = VECTOR ( 'NONE', #7236, 39.37007874015748143 ) ;
#3220 = STYLED_ITEM ( 'NONE', ( #122 ), #6209 ) ;
#3221 =( LENGTH_UNIT ( ) NAMED_UNIT ( * ) SI_UNIT ( $, .METRE. ) );
#3222 = VERTEX_POINT ( 'NONE', #8431 ) ;
#3223 = EDGE_LOOP ( 'NONE', ( #755, #2856, #4618, #4785 ) ) ;
#3224 = CARTESIAN_POINT ( 'NONE',  ( -0.09575126888440081696, 0.03937007874015747977, -0.05590632889058937127 ) ) ;
#3225 = LINE ( 'NONE', #2568, #6446 ) ;
#3226 = PRESENTATION_LAYER_ASSIGNMENT (  '', '', ( #6815 ) ) ;
#3227 =( GEOMETRIC_REPRESENTATION_CONTEXT ( 3 ) GLOBAL_UNCERTAINTY_ASSIGNED_CONTEXT ( ( #6258 ) ) GLOBAL_UNIT_ASSIGNED_CONTEXT ( ( #1727, #7707, #1557 ) ) REPRESENTATION_CONTEXT ( 'NONE', 'WORKASPACE' ) );
#3228 = SURFACE_STYLE_FILL_AREA ( #1839 ) ;
#3229 = DIRECTION ( 'NONE',  ( 0.0000000000000000000, 0.0000000000000000000, -1.000000000000000000 ) ) ;
#3230 = FILL_AREA_STYLE ('',( #1884 ) ) ;
#3231 = ADVANCED_FACE ( 'NONE', ( #2305 ), #8475, .F. ) ;
#3232 = EDGE_CURVE ( 'NONE', #2904, #7559, #2283, .T. ) ;
#3233 =( NAMED_UNIT ( * ) PLANE_ANGLE_UNIT ( ) SI_UNIT ( $, .RADIAN. ) );
#3234 = ORIENTED_EDGE ( 'NONE', *, *, #1157, .T. ) ;
#3235 =( NAMED_UNIT ( * ) SI_UNIT ( $, .STERADIAN. ) SOLID_ANGLE_UNIT ( ) );
#3236 = MECHANICAL_DESIGN_GEOMETRIC_PRESENTATION_REPRESENTATION (  '', ( #1355 ), #6385 ) ;
#3237 = VECTOR ( 'NONE', #595, 39.37007874015748143 ) ;
#3238 =( LENGTH_UNIT ( ) NAMED_UNIT ( * ) SI_UNIT ( $, .METRE. ) );
#3239 = STYLED_ITEM ( 'NONE', ( #5064 ), #6567 ) ;
#3240 = EDGE_LOOP ( 'NONE', ( #2291, #8738, #2418, #4249, #770 ) ) ;
#3241 = PLANE ( 'NONE',  #7407 ) ;
#3242 = EDGE_CURVE ( 'NONE', #5341, #6024, #8830, .T. ) ;
#3243 = EDGE_CURVE ( 'NONE', #2110, #1645, #8035, .T. ) ;
#3244 = ORIENTED_EDGE ( 'NONE', *, *, #1611, .F. ) ;
#3245 = CARTESIAN_POINT ( 'NONE',  ( -0.1122047244094488277, 0.0000000000000000000, -0.06496062992125983815 ) ) ;
#3246 = PRESENTATION_STYLE_ASSIGNMENT (( #8037 ) ) ;
#3247 =( GEOMETRIC_REPRESENTATION_CONTEXT ( 3 ) GLOBAL_UNCERTAINTY_ASSIGNED_CONTEXT ( ( #6564 ) ) GLOBAL_UNIT_ASSIGNED_CONTEXT ( ( #1219, #4745, #1144 ) ) REPRESENTATION_CONTEXT ( 'NONE', 'WORKASPACE' ) );
#3248 =( LENGTH_UNIT ( ) NAMED_UNIT ( * ) SI_UNIT ( $, .METRE. ) );
#3249 = CIRCLE ( 'NONE', #5815, 0.007874015748031495954 ) ;
#3250 = AXIS2_PLACEMENT_3D ( 'NONE', #3442, #8272, #4751 ) ;
#3251 = EDGE_CURVE ( 'NONE', #3591, #5204, #3295, .T. ) ;
#3252 = FACE_OUTER_BOUND ( 'NONE', #321, .T. ) ;
#3253 = CARTESIAN_POINT ( 'NONE',  ( -0.1431733283613561003, 0.003937007874015747977, 0.01181102362204724393 ) ) ;
#3254 = EDGE_CURVE ( 'NONE', #5291, #4385, #2698, .T. ) ;
#3255 = VERTEX_POINT ( 'NONE', #5356 ) ;
#3256 = FACE_BOUND ( 'NONE', #2479, .T. ) ;
#3257 = CARTESIAN_POINT ( 'NONE',  ( 0.05511811023622047168, 0.06299212598425196763, -0.02066929133858268208 ) ) ;
#3258 = EDGE_CURVE ( 'NONE', #8810, #2293, #8656, .T. ) ;
#3259 = COLOUR_RGB ( '',0.7686274509803920907, 0.7686274509803920907, 0.7686274509803920907 ) ;
#3260 = AXIS2_PLACEMENT_3D ( 'NONE', #2987, #8328, #796 ) ;
#3261 = LENGTH_MEASURE_WITH_UNIT ( LENGTH_MEASURE( 0.02539999999999999897 ), #1303 );
#3262 = DIMENSIONAL_EXPONENTS ( 1.000000000000000000, 0.0000000000000000000, 0.0000000000000000000, 0.0000000000000000000, 0.0000000000000000000, 0.0000000000000000000, 0.0000000000000000000 ) ;
#3263 = SURFACE_SIDE_STYLE ('',( #5946 ) ) ;
#3264 = LENGTH_MEASURE_WITH_UNIT ( LENGTH_MEASURE( 0.02539999999999999897 ), #3201 );
#3265 = LINE ( 'NONE', #2497, #1803 ) ;
#3266 = PRESENTATION_LAYER_ASSIGNMENT (  '', '', ( #4557 ) ) ;
#3267 = VECTOR ( 'NONE', #2150, 39.37007874015748143 ) ;
#3268 = ORIENTED_EDGE ( 'NONE', *, *, #7237, .T. ) ;
#3269 = SURFACE_SIDE_STYLE ('',( #1770 ) ) ;
#3270 = DIRECTION ( 'NONE',  ( 0.9396926207859080948, 0.3420201433256695456, 0.0000000000000000000 ) ) ;
#3271 =( CONVERSION_BASED_UNIT ( 'INCH', #2502 ) LENGTH_UNIT ( ) NAMED_UNIT ( #5945 ) );
#3272 = AXIS2_PLACEMENT_3D ( 'NONE', #7283, #8749, #5940 ) ;
#3273 = SURFACE_SIDE_STYLE ('',( #1872 ) ) ;
#3274 = FACE_OUTER_BOUND ( 'NONE', #5486, .T. ) ;
#3275 = PLANE ( 'NONE',  #5253 ) ;
#3276 = CARTESIAN_POINT ( 'NONE',  ( 0.04527559055118110520, 0.09448818897637795144, -0.01771653543307086937 ) ) ;
#3277 = COLOUR_RGB ( '',1.000000000000000000, 1.000000000000000000, 1.000000000000000000 ) ;
#3278 = VERTEX_POINT ( 'NONE', #3245 ) ;
#3279 = FILL_AREA_STYLE_COLOUR ( '', #3289 ) ;
#3280 = ORIENTED_EDGE ( 'NONE', *, *, #3243, .T. ) ;
#3281 = CARTESIAN_POINT ( 'NONE',  ( 0.1031504233787781388, 0.03149606299212598381, -0.05590632889058937127 ) ) ;
#3283 = CARTESIAN_POINT ( 'NONE',  ( -0.1594488188976377896, 0.001968503937007873988, 0.01181102362204724393 ) ) ;
#3282 = COLOUR_RGB ( '',0.7686274509803920907, 0.7686274509803920907, 0.7686274509803920907 ) ;
#3284 = DIRECTION ( 'NONE',  ( -0.3236155771181853935, -0.8891264907159878161, 0.3236155771181853935 ) ) ;
#3285 = DIRECTION ( 'NONE',  ( -1.000000000000000000, 0.0000000000000000000, 0.0000000000000000000 ) ) ;
#3286 = DIRECTION ( 'NONE',  ( -1.000000000000000000, 0.0000000000000000000, 0.0000000000000000000 ) ) ;
#3287 =( NAMED_UNIT ( * ) PLANE_ANGLE_UNIT ( ) SI_UNIT ( $, .RADIAN. ) );
#3288 = ORIENTED_EDGE ( 'NONE', *, *, #2038, .F. ) ;
#3289 = COLOUR_RGB ( '',0.7686274509803920907, 0.7686274509803920907, 0.7686274509803920907 ) ;
#3290 = SURFACE_STYLE_USAGE ( .BOTH. , #3186 ) ;
#3291 = ORIENTED_EDGE ( 'NONE', *, *, #720, .F. ) ;
#3292 =( CONVERSION_BASED_UNIT ( 'INCH', #535 ) LENGTH_UNIT ( ) NAMED_UNIT ( #8232 ) );
#3293 = ORIENTED_EDGE ( 'NONE', *, *, #1440, .F. ) ;
#3294 = UNCERTAINTY_MEASURE_WITH_UNIT (LENGTH_MEASURE( 1.000000000000000082E-05 ), #6563, 'distance_accuracy_value', 'NONE');
#3295 = LINE ( 'NONE', #8127, #7291 ) ;
#3296 = DIRECTION ( 'NONE',  ( 0.0000000000000000000, 1.000000000000000000, 0.0000000000000000000 ) ) ;
#3297 = VECTOR ( 'NONE', #537, 39.37007874015748143 ) ;
#3298 = FILL_AREA_STYLE ('',( #6658 ) ) ;
#3299 = ORIENTED_EDGE ( 'NONE', *, *, #7253, .F. ) ;
#3300 = DIMENSIONAL_EXPONENTS ( 1.000000000000000000, 0.0000000000000000000, 0.0000000000000000000, 0.0000000000000000000, 0.0000000000000000000, 0.0000000000000000000, 0.0000000000000000000 ) ;
#3301 = FILL_AREA_STYLE ('',( #1098 ) ) ;
#3302 = ADVANCED_FACE ( 'NONE', ( #3328 ), #5274, .F. ) ;
#3303 = UNCERTAINTY_MEASURE_WITH_UNIT (LENGTH_MEASURE( 1.000000000000000082E-05 ), #2017, 'distance_accuracy_value', 'NONE');
#3304 = EDGE_CURVE ( 'NONE', #2121, #8768, #3373, .T. ) ;
#3305 = LENGTH_MEASURE_WITH_UNIT ( LENGTH_MEASURE( 0.02539999999999999897 ), #691 );
#3306 = CARTESIAN_POINT ( 'NONE',  ( 0.05314960629921260116, 0.06299212598425196763, -0.01771653543307086937 ) ) ;
#3307 = ORIENTED_EDGE ( 'NONE', *, *, #429, .F. ) ;
#3308 = PRESENTATION_LAYER_ASSIGNMENT (  '', '', ( #7871 ) ) ;
#3309 =( LENGTH_UNIT ( ) NAMED_UNIT ( * ) SI_UNIT ( $, .METRE. ) );
#3310 = CARTESIAN_POINT ( 'NONE',  ( -0.1102370375520064921, 0.03937007874015747977, 0.06889763779527559306 ) ) ;
#3311 = CARTESIAN_POINT ( 'NONE',  ( -0.04527559055118110520, 0.06299212598425196763, -0.02559055118110236532 ) ) ;
#3312 = CARTESIAN_POINT ( 'NONE',  ( 0.1380590051106606320, 0.0009842519685039369942, 0.01181102362204724393 ) ) ;
#3313 = MECHANICAL_DESIGN_GEOMETRIC_PRESENTATION_REPRESENTATION (  '', ( #2869 ), #2454 ) ;
#3314 = DIMENSIONAL_EXPONENTS ( 1.000000000000000000, 0.0000000000000000000, 0.0000000000000000000, 0.0000000000000000000, 0.0000000000000000000, 0.0000000000000000000, 0.0000000000000000000 ) ;
#3315 = FACE_OUTER_BOUND ( 'NONE', #3342, .T. ) ;
#3316 = ORIENTED_EDGE ( 'NONE', *, *, #1115, .F. ) ;
#3317 = VERTEX_POINT ( 'NONE', #5451 ) ;
#3318 = DIRECTION ( 'NONE',  ( -1.000000000000000000, 0.0000000000000000000, 0.0000000000000000000 ) ) ;
#3319 = DIRECTION ( 'NONE',  ( -0.3236155771181853935, 0.8891264907159878161, -0.3236155771181853935 ) ) ;
#3320 =( NAMED_UNIT ( * ) SI_UNIT ( $, .STERADIAN. ) SOLID_ANGLE_UNIT ( ) );
#3321 =( NAMED_UNIT ( * ) PLANE_ANGLE_UNIT ( ) SI_UNIT ( $, .RADIAN. ) );
#3322 = ORIENTED_EDGE ( 'NONE', *, *, #2478, .F. ) ;
#3323 = CARTESIAN_POINT ( 'NONE',  ( 0.1431733283613561003, 0.003937007874015747977, 0.01181102362204724393 ) ) ;
#3324 = VERTEX_POINT ( 'NONE', #7984 ) ;
#3325 = VERTEX_POINT ( 'NONE', #6111 ) ;
#3326 = MECHANICAL_DESIGN_GEOMETRIC_PRESENTATION_REPRESENTATION (  '', ( #5626 ), #7618 ) ;
#3327 = VECTOR ( 'NONE', #8442, 39.37007874015748143 ) ;
#3328 = FACE_OUTER_BOUND ( 'NONE', #3205, .T. ) ;
#3329 = FACE_OUTER_BOUND ( 'NONE', #5485, .T. ) ;
#3330 =( NAMED_UNIT ( * ) PLANE_ANGLE_UNIT ( ) SI_UNIT ( $, .RADIAN. ) );
#3331 = FILL_AREA_STYLE ('',( #5404 ) ) ;
#3332 = DIRECTION ( 'NONE',  ( 0.0000000000000000000, 0.0000000000000000000, 1.000000000000000000 ) ) ;
#3333 = DIRECTION ( 'NONE',  ( 0.0000000000000000000, -1.000000000000000000, 0.0000000000000000000 ) ) ;
#3334 = ORIENTED_EDGE ( 'NONE', *, *, #1583, .T. ) ;
#3335 = PRESENTATION_STYLE_ASSIGNMENT (( #6784 ) ) ;
#3336 = DIRECTION ( 'NONE',  ( 1.000000000000000000, 0.0000000000000000000, 0.0000000000000000000 ) ) ;
#3337 = SURFACE_SIDE_STYLE ('',( #6661 ) ) ;
#3338 = DIRECTION ( 'NONE',  ( 0.0000000000000000000, 0.0000000000000000000, 1.000000000000000000 ) ) ;
#3339 = EDGE_CURVE ( 'NONE', #6851, #8151, #7364, .T. ) ;
#3340 = LINE ( 'NONE', #2756, #231 ) ;
#3341 = UNCERTAINTY_MEASURE_WITH_UNIT (LENGTH_MEASURE( 1.000000000000000082E-05 ), #476, 'distance_accuracy_value', 'NONE');
#3342 = EDGE_LOOP ( 'NONE', ( #3953, #727, #5942, #8544 ) ) ;
#3343 = SURFACE_STYLE_USAGE ( .BOTH. , #8681 ) ;
#3344 = EDGE_CURVE ( 'NONE', #5576, #3867, #3190, .T. ) ;
#3345 = DIMENSIONAL_EXPONENTS ( 1.000000000000000000, 0.0000000000000000000, 0.0000000000000000000, 0.0000000000000000000, 0.0000000000000000000, 0.0000000000000000000, 0.0000000000000000000 ) ;
#3346 = DIRECTION ( 'NONE',  ( 0.0000000000000000000, 0.0000000000000000000, -1.000000000000000000 ) ) ;
#3347 =( GEOMETRIC_REPRESENTATION_CONTEXT ( 3 ) GLOBAL_UNCERTAINTY_ASSIGNED_CONTEXT ( ( #1106 ) ) GLOBAL_UNIT_ASSIGNED_CONTEXT ( ( #2852, #2762, #877 ) ) REPRESENTATION_CONTEXT ( 'NONE', 'WORKASPACE' ) );
#3348 = VECTOR ( 'NONE', #7593, 39.37007874015748143 ) ;
#3349 =( LENGTH_UNIT ( ) NAMED_UNIT ( * ) SI_UNIT ( $, .METRE. ) );
#3350 = CARTESIAN_POINT ( 'NONE',  ( 0.0000000000000000000, 0.03543307086614173873, -0.06889763779527559306 ) ) ;
#3351 = EDGE_CURVE ( 'NONE', #2235, #6302, #1210, .T. ) ;
#3352 = FILL_AREA_STYLE_COLOUR ( '', #6772 ) ;
#3353 = VERTEX_POINT ( 'NONE', #6026 ) ;
#3354 = CARTESIAN_POINT ( 'NONE',  ( 0.1265117110087226326, 0.009173728420953680684, 0.01181102362204724393 ) ) ;
#3355 = STYLED_ITEM ( 'NONE', ( #7735 ), #385 ) ;
#3356 = ORIENTED_EDGE ( 'NONE', *, *, #8557, .T. ) ;
#3357 = EDGE_CURVE ( 'NONE', #1842, #6826, #8744, .T. ) ;
#3358 = DIRECTION ( 'NONE',  ( -1.000000000000000000, 0.0000000000000000000, 0.0000000000000000000 ) ) ;
#3359 = LINE ( 'NONE', #8773, #663 ) ;
#3360 =( NAMED_UNIT ( * ) PLANE_ANGLE_UNIT ( ) SI_UNIT ( $, .RADIAN. ) );
#3361 = AXIS2_PLACEMENT_3D ( 'NONE', #4580, #6628, #7479 ) ;
#3362 = CARTESIAN_POINT ( 'NONE',  ( 0.04724409448818897572, 0.07086614173228347746, 0.02066929133858268208 ) ) ;
#3363 = FILL_AREA_STYLE_COLOUR ( '', #375 ) ;
#3364 = ORIENTED_EDGE ( 'NONE', *, *, #5502, .T. ) ;
#3365 = CARTESIAN_POINT ( 'NONE',  ( 0.09205169163721239889, 0.03926747862213775253, -0.04480759714902362439 ) ) ;
#3366 = ORIENTED_EDGE ( 'NONE', *, *, #8717, .T. ) ;
#3367 = DIMENSIONAL_EXPONENTS ( 1.000000000000000000, 0.0000000000000000000, 0.0000000000000000000, 0.0000000000000000000, 0.0000000000000000000, 0.0000000000000000000, 0.0000000000000000000 ) ;
#3368 = FACE_OUTER_BOUND ( 'NONE', #8085, .T. ) ;
#3369 = EDGE_LOOP ( 'NONE', ( #8739, #6867, #6215, #5168 ) ) ;
#3370 = COLOUR_RGB ( '',0.7686274509803920907, 0.7686274509803920907, 0.7686274509803920907 ) ;
#3371 = AXIS2_PLACEMENT_3D ( 'NONE', #7163, #5653, #6363 ) ;
#3372 = UNCERTAINTY_MEASURE_WITH_UNIT (LENGTH_MEASURE( 1.000000000000000082E-05 ), #8062, 'distance_accuracy_value', 'NONE');
#3373 = LINE ( 'NONE', #6734, #3144 ) ;
#3374 =( NAMED_UNIT ( * ) PLANE_ANGLE_UNIT ( ) SI_UNIT ( $, .RADIAN. ) );
#3375 = SURFACE_STYLE_USAGE ( .BOTH. , #1472 ) ;
#3376 =( CONVERSION_BASED_UNIT ( 'INCH', #4647 ) LENGTH_UNIT ( ) NAMED_UNIT ( #3874 ) );
#3377 = AXIS2_PLACEMENT_3D ( 'NONE', #4574, #7117, #3716 ) ;
#3378 =( GEOMETRIC_REPRESENTATION_CONTEXT ( 3 ) GLOBAL_UNCERTAINTY_ASSIGNED_CONTEXT ( ( #2907 ) ) GLOBAL_UNIT_ASSIGNED_CONTEXT ( ( #967, #8543, #3204 ) ) REPRESENTATION_CONTEXT ( 'NONE', 'WORKASPACE' ) );
#3379 = MECHANICAL_DESIGN_GEOMETRIC_PRESENTATION_REPRESENTATION (  '', ( #4093 ), #1792 ) ;
#3380 = MECHANICAL_DESIGN_GEOMETRIC_PRESENTATION_REPRESENTATION (  '', ( #7667 ), #6674 ) ;
#3381 = DIRECTION ( 'NONE',  ( 0.0000000000000000000, 0.0000000000000000000, -1.000000000000000000 ) ) ;
#3382 = SPHERICAL_SURFACE ( 'NONE', #7978, 0.003937007874015747977 ) ;
#3383 = ORIENTED_EDGE ( 'NONE', *, *, #5821, .T. ) ;
#3384 = DIRECTION ( 'NONE',  ( -2.168404344971010347E-16, 0.0000000000000000000, -1.000000000000000000 ) ) ;
#3385 = FILL_AREA_STYLE_COLOUR ( '', #6798 ) ;
#3386 = CARTESIAN_POINT ( 'NONE',  ( 0.04724409448818897572, -0.06114854350730373339, 0.02066929133858268208 ) ) ;
#3387 = STYLED_ITEM ( 'NONE', ( #6882 ), #2419 ) ;
#3389 = DIRECTION ( 'NONE',  ( -1.741473112329314938E-32, -1.000000000000000000, -1.606225440719264641E-16 ) ) ;
#3388 = VECTOR ( 'NONE', #8708, 39.37007874015748143 ) ;
#3390 = VECTOR ( 'NONE', #7004, 39.37007874015748143 ) ;
#3391 = VECTOR ( 'NONE', #4792, 39.37007874015748143 ) ;
#3392 = PLANE ( 'NONE',  #2793 ) ;
#3393 =( CONVERSION_BASED_UNIT ( 'INCH', #7600 ) LENGTH_UNIT ( ) NAMED_UNIT ( #7356 ) );
#3394 = MECHANICAL_DESIGN_GEOMETRIC_PRESENTATION_REPRESENTATION (  '', ( #661 ), #3247 ) ;
#3395 = ORIENTED_EDGE ( 'NONE', *, *, #158, .T. ) ;
#3396 = PRESENTATION_LAYER_ASSIGNMENT (  '', '', ( #8685 ) ) ;
#3397 = VECTOR ( 'NONE', #4302, 39.37007874015748143 ) ;
#3398 = AXIS2_PLACEMENT_3D ( 'NONE', #4866, #2733, #5655 ) ;
#3399 = FILL_AREA_STYLE_COLOUR ( '', #2237 ) ;
#3400 = PRESENTATION_STYLE_ASSIGNMENT (( #7693 ) ) ;
#3401 = PRESENTATION_STYLE_ASSIGNMENT (( #3213 ) ) ;
#3402 = STYLED_ITEM ( 'NONE', ( #1892 ), #2855 ) ;
#3403 =( GEOMETRIC_REPRESENTATION_CONTEXT ( 3 ) GLOBAL_UNCERTAINTY_ASSIGNED_CONTEXT ( ( #6067 ) ) GLOBAL_UNIT_ASSIGNED_CONTEXT ( ( #5925, #3233, #4595 ) ) REPRESENTATION_CONTEXT ( 'NONE', 'WORKASPACE' ) );
#3404 = DIRECTION ( 'NONE',  ( 0.0000000000000000000, 0.0000000000000000000, -1.000000000000000000 ) ) ;
#3405 = CARTESIAN_POINT ( 'NONE',  ( 0.1594488188976377896, 0.001968503937007873988, -0.01181102362204724393 ) ) ;
#3406 = EDGE_CURVE ( 'NONE', #359, #7782, #580, .T. ) ;
#3407 = VERTEX_POINT ( 'NONE', #132 ) ;
#3408 = STYLED_ITEM ( 'NONE', ( #7508 ), #3112 ) ;
#3409 = STYLED_ITEM ( 'NONE', ( #1619 ), #8060 ) ;
#3410 = FILL_AREA_STYLE ('',( #3279 ) ) ;
#3411 = ORIENTED_EDGE ( 'NONE', *, *, #3181, .F. ) ;
#3412 =( LENGTH_UNIT ( ) NAMED_UNIT ( * ) SI_UNIT ( $, .METRE. ) );
#3413 = EDGE_CURVE ( 'NONE', #8212, #5118, #2065, .T. ) ;
#3414 = DIRECTION ( 'NONE',  ( 0.0000000000000000000, 0.0000000000000000000, -1.000000000000000000 ) ) ;
#3415 = EDGE_CURVE ( 'NONE', #7063, #5267, #8303, .T. ) ;
#3416 = DIRECTION ( 'NONE',  ( 0.0000000000000000000, 0.0000000000000000000, 1.000000000000000000 ) ) ;
#3417 = DIRECTION ( 'NONE',  ( 0.0000000000000000000, -1.000000000000000000, 0.0000000000000000000 ) ) ;
#3418 = CARTESIAN_POINT ( 'NONE',  ( -0.1102370375520064921, 0.03937007874015747977, -0.07283464566929134798 ) ) ;
#3419 = AXIS2_PLACEMENT_3D ( 'NONE', #3323, #3510, #620 ) ;
#3420 = DIRECTION ( 'NONE',  ( -2.168404344971010347E-16, 0.0000000000000000000, -1.000000000000000000 ) ) ;
#3421 = DIMENSIONAL_EXPONENTS ( 1.000000000000000000, 0.0000000000000000000, 0.0000000000000000000, 0.0000000000000000000, 0.0000000000000000000, 0.0000000000000000000, 0.0000000000000000000 ) ;
#3422 = LENGTH_MEASURE_WITH_UNIT ( LENGTH_MEASURE( 0.02539999999999999897 ), #33 );
#3423 = ADVANCED_FACE ( 'NONE', ( #6870 ), #42, .F. ) ;
#3424 = DIRECTION ( 'NONE',  ( 1.000000000000000000, 0.0000000000000000000, 0.0000000000000000000 ) ) ;
#3425 = ORIENTED_EDGE ( 'NONE', *, *, #5866, .T. ) ;
#3426 = CARTESIAN_POINT ( 'NONE',  ( -0.1200787401574803237, 0.03937007874015747977, 0.01968503937007873988 ) ) ;
#3427 = ORIENTED_EDGE ( 'NONE', *, *, #1367, .T. ) ;
#3428 = CARTESIAN_POINT ( 'NONE',  ( 0.1122047244094488277, 0.03937007874015747977, -0.04724409448818897572 ) ) ;
#3429 =( LENGTH_UNIT ( ) NAMED_UNIT ( * ) SI_UNIT ( $, .METRE. ) );
#3430 =( BOUNDED_CURVE ( )  B_SPLINE_CURVE ( 3, ( #7203, #5027, #4300, #2895 ),
 .UNSPECIFIED., .F., .T. ) 
 B_SPLINE_CURVE_WITH_KNOTS ( ( 4, 4 ),
 ( 3.490658503988659955, 4.712388980384689674 ),
 .UNSPECIFIED. ) 
 CURVE ( )  GEOMETRIC_REPRESENTATION_ITEM ( )  RATIONAL_B_SPLINE_CURVE ( ( 1.000000000000000000, 0.8794346961926610140, 0.8794346961926610140, 1.000000000000000000 ) ) 
 REPRESENTATION_ITEM ( '' )  );
#3431 =( LENGTH_UNIT ( ) NAMED_UNIT ( * ) SI_UNIT ( $, .METRE. ) );
#3432 = CARTESIAN_POINT ( 'NONE',  ( 0.0000000000000000000, 0.03149606299212598381, -0.05590632889058937127 ) ) ;
#3433 = FACE_OUTER_BOUND ( 'NONE', #4776, .T. ) ;
#3434 =( CONVERSION_BASED_UNIT ( 'INCH', #4095 ) LENGTH_UNIT ( ) NAMED_UNIT ( #7531 ) );
#3435 = EDGE_LOOP ( 'NONE', ( #3951, #5889, #5569, #4339 ) ) ;
#3436 = VECTOR ( 'NONE', #8072, 39.37007874015748143 ) ;
#3437 = DIRECTION ( 'NONE',  ( -1.084202172485503694E-16, 4.336808689942014778E-16, -1.000000000000000000 ) ) ;
#3438 = DIMENSIONAL_EXPONENTS ( 1.000000000000000000, 0.0000000000000000000, 0.0000000000000000000, 0.0000000000000000000, 0.0000000000000000000, 0.0000000000000000000, 0.0000000000000000000 ) ;
#3439 = CARTESIAN_POINT ( 'NONE',  ( 0.2709745503680062728, 0.01968503937007873988, -0.07283464566929134798 ) ) ;
#3440 = DIRECTION ( 'NONE',  ( 1.000000000000000000, 0.0000000000000000000, 0.0000000000000000000 ) ) ;
#3441 = STYLED_ITEM ( 'NONE', ( #7628 ), #3462 ) ;
#3442 = CARTESIAN_POINT ( 'NONE',  ( 0.08617334877031732066, 0.06692913385826770867, -0.03892925428212862249 ) ) ;
#3443 = ORIENTED_EDGE ( 'NONE', *, *, #6533, .F. ) ;
#3444 = CYLINDRICAL_SURFACE ( 'NONE', #8379, 0.003937007874015749712 ) ;
#3445 = LENGTH_MEASURE_WITH_UNIT ( LENGTH_MEASURE( 0.02539999999999999897 ), #4237 );
#3446 = VERTEX_POINT ( 'NONE', #679 ) ;
#3447 = DIRECTION ( 'NONE',  ( 0.0000000000000000000, 0.0000000000000000000, -1.000000000000000000 ) ) ;
#3448 = CYLINDRICAL_SURFACE ( 'NONE', #5537, 0.003937007874015749712 ) ;
#3449 = AXIS2_PLACEMENT_3D ( 'NONE', #7487, #4162, #3414 ) ;
#3450 = CARTESIAN_POINT ( 'NONE',  ( -0.1102370375520064921, 0.03937007874015747977, -0.07283464566929134798 ) ) ;
#3451 = DIRECTION ( 'NONE',  ( 0.0000000000000000000, 0.0000000000000000000, 1.000000000000000000 ) ) ;
#3452 = ORIENTED_EDGE ( 'NONE', *, *, #3693, .T. ) ;
#3453 = SURFACE_SIDE_STYLE ('',( #1363 ) ) ;
#3454 = ORIENTED_EDGE ( 'NONE', *, *, #1108, .F. ) ;
#3455 =( NAMED_UNIT ( * ) PLANE_ANGLE_UNIT ( ) SI_UNIT ( $, .RADIAN. ) );
#3456 = STYLED_ITEM ( 'NONE', ( #7938 ), #4229 ) ;
#3457 = EDGE_CURVE ( 'NONE', #3255, #6024, #3472, .T. ) ;
#3458 = FACE_OUTER_BOUND ( 'NONE', #5299, .T. ) ;
#3459 = CARTESIAN_POINT ( 'NONE',  ( 0.1102370375520062978, -0.009085487128351082964, 0.01968503937007873988 ) ) ;
#3460 = PLANE ( 'NONE',  #6117 ) ;
#3461 = LENGTH_MEASURE_WITH_UNIT ( LENGTH_MEASURE( 0.02539999999999999897 ), #2197 );
#3462 = ADVANCED_FACE ( 'NONE', ( #2777 ), #90, .T. ) ;
#3463 = EDGE_LOOP ( 'NONE', ( #7878, #7129, #5240, #354 ) ) ;
#3464 = ORIENTED_EDGE ( 'NONE', *, *, #868, .F. ) ;
#3465 = FILL_AREA_STYLE ('',( #7586 ) ) ;
#3466 = EDGE_LOOP ( 'NONE', ( #172, #3835, #320, #7440 ) ) ;
#3467 = DIRECTION ( 'NONE',  ( 0.0000000000000000000, 0.0000000000000000000, 1.000000000000000000 ) ) ;
#3468 = ORIENTED_EDGE ( 'NONE', *, *, #647, .F. ) ;
#3469 = EDGE_CURVE ( 'NONE', #3632, #6293, #1564, .T. ) ;
#3470 = UNCERTAINTY_MEASURE_WITH_UNIT (LENGTH_MEASURE( 1.000000000000000082E-05 ), #2490, 'distance_accuracy_value', 'NONE');
#3471 = ADVANCED_FACE ( 'NONE', ( #6419 ), #939, .T. ) ;
#3472 = LINE ( 'NONE', #3428, #7303 ) ;
#3473 = DIRECTION ( 'NONE',  ( 0.0000000000000000000, -1.000000000000000000, 0.0000000000000000000 ) ) ;
#3474 = VECTOR ( 'NONE', #845, 39.37007874015748143 ) ;
#3475 = STYLED_ITEM ( 'NONE', ( #265 ), #4656 ) ;
#3476 = CARTESIAN_POINT ( 'NONE',  ( 0.1102370375520062978, 0.03937007874015747977, -0.06496062992125983815 ) ) ;
#3477 = SURFACE_SIDE_STYLE ('',( #7455 ) ) ;
#3478 = LINE ( 'NONE', #2782, #337 ) ;
#3479 = CARTESIAN_POINT ( 'NONE',  ( -0.1200787401574803237, 0.01968503937007873988, -0.07283464566929134798 ) ) ;
#3480 = FACE_OUTER_BOUND ( 'NONE', #8309, .T. ) ;
#3481 = ORIENTED_EDGE ( 'NONE', *, *, #1108, .T. ) ;
#3482 = DIMENSIONAL_EXPONENTS ( 1.000000000000000000, 0.0000000000000000000, 0.0000000000000000000, 0.0000000000000000000, 0.0000000000000000000, 0.0000000000000000000, 0.0000000000000000000 ) ;
#3483 = PRESENTATION_STYLE_ASSIGNMENT (( #4272 ) ) ;
#3484 = VECTOR ( 'NONE', #1999, 39.37007874015748143 ) ;
#3485 = UNCERTAINTY_MEASURE_WITH_UNIT (LENGTH_MEASURE( 1.000000000000000082E-05 ), #4874, 'distance_accuracy_value', 'NONE');
#3486 = EDGE_CURVE ( 'NONE', #5351, #6751, #4144, .T. ) ;
#3487 =( GEOMETRIC_REPRESENTATION_CONTEXT ( 3 ) GLOBAL_UNCERTAINTY_ASSIGNED_CONTEXT ( ( #3341 ) ) GLOBAL_UNIT_ASSIGNED_CONTEXT ( ( #476, #5966, #5298 ) ) REPRESENTATION_CONTEXT ( 'NONE', 'WORKASPACE' ) );
#3488 = PLANE ( 'NONE',  #4484 ) ;
#3489 = VECTOR ( 'NONE', #3420, 39.37007874015748143 ) ;
#3490 = DIRECTION ( 'NONE',  ( 1.000000000000000000, 0.0000000000000000000, 0.0000000000000000000 ) ) ;
#3491 = CARTESIAN_POINT ( 'NONE',  ( 0.1102370375520064921, 0.03543307086614173873, 0.06889763779527559306 ) ) ;
#3492 = EDGE_LOOP ( 'NONE', ( #6292, #932, #6447, #1516 ) ) ;
#3493 = CARTESIAN_POINT ( 'NONE',  ( 0.1031504233787781388, 0.04330708661417323468, 0.05314960629921260116 ) ) ;
#3494 =( LENGTH_UNIT ( ) NAMED_UNIT ( * ) SI_UNIT ( $, .METRE. ) );
#3495 = CARTESIAN_POINT ( 'NONE',  ( 0.04527559055118110520, 0.09448818897637795144, -0.02559055118110236532 ) ) ;
#3496 = DIMENSIONAL_EXPONENTS ( 1.000000000000000000, 0.0000000000000000000, 0.0000000000000000000, 0.0000000000000000000, 0.0000000000000000000, 0.0000000000000000000, 0.0000000000000000000 ) ;
#3497 = DIRECTION ( 'NONE',  ( 0.0000000000000000000, 0.0000000000000000000, -1.000000000000000000 ) ) ;
#3498 = FILL_AREA_STYLE_COLOUR ( '', #5510 ) ;
#3499 = EDGE_LOOP ( 'NONE', ( #5843, #5132, #2413, #7701 ) ) ;
#3500 = ORIENTED_EDGE ( 'NONE', *, *, #6687, .T. ) ;
#3501 = CARTESIAN_POINT ( 'NONE',  ( 0.08617334877031732066, 0.07086614173228347746, -0.03892925428212862249 ) ) ;
#3502 =( GEOMETRIC_REPRESENTATION_CONTEXT ( 3 ) GLOBAL_UNCERTAINTY_ASSIGNED_CONTEXT ( ( #6666 ) ) GLOBAL_UNIT_ASSIGNED_CONTEXT ( ( #8492, #8589, #2933 ) ) REPRESENTATION_CONTEXT ( 'NONE', 'WORKASPACE' ) );
#3503 = FACE_OUTER_BOUND ( 'NONE', #5957, .T. ) ;
#3504 = CARTESIAN_POINT ( 'NONE',  ( -0.1200787401574803237, 0.04724409448818897572, -0.05511811023622047168 ) ) ;
#3505 = CARTESIAN_POINT ( 'NONE',  ( -0.1003937007874015908, 0.04330708661417323468, 0.05590632889058937127 ) ) ;
#3506 = VECTOR ( 'NONE', #4029, 39.37007874015748143 ) ;
#3507 = CARTESIAN_POINT ( 'NONE',  ( -0.1265117110087226326, 0.009173728420953680684, -0.01181102362204724393 ) ) ;
#3508 = ORIENTED_EDGE ( 'NONE', *, *, #7833, .T. ) ;
#3509 = ORIENTED_EDGE ( 'NONE', *, *, #3232, .F. ) ;
#3510 = DIRECTION ( 'NONE',  ( 0.0000000000000000000, 0.0000000000000000000, 1.000000000000000000 ) ) ;
#3511 = VERTEX_POINT ( 'NONE', #5745 ) ;
#3512 = PRESENTATION_STYLE_ASSIGNMENT (( #3560 ) ) ;
#3513 = VERTEX_POINT ( 'NONE', #1737 ) ;
#3514 = DIRECTION ( 'NONE',  ( 0.0000000000000000000, 1.000000000000000000, 0.0000000000000000000 ) ) ;
#3515 = DIRECTION ( 'NONE',  ( -1.741473112329314938E-32, -1.000000000000000000, -1.606225440719264641E-16 ) ) ;
#3516 = DIRECTION ( 'NONE',  ( -0.1045284632676536235, 0.9945218953682732899, 1.133299869613614284E-17 ) ) ;
#3517 = CARTESIAN_POINT ( 'NONE',  ( -0.1122047244094488277, 0.01574803149606299191, -0.05118110236220473064 ) ) ;
#3518 = DIRECTION ( 'NONE',  ( 0.0000000000000000000, 0.0000000000000000000, 1.000000000000000000 ) ) ;
#3519 = DIMENSIONAL_EXPONENTS ( 1.000000000000000000, 0.0000000000000000000, 0.0000000000000000000, 0.0000000000000000000, 0.0000000000000000000, 0.0000000000000000000, 0.0000000000000000000 ) ;
#3520 = CARTESIAN_POINT ( 'NONE',  ( 0.1122047244094488277, 0.0000000000000000000, -0.07283464566929134798 ) ) ;
#3521 = VECTOR ( 'NONE', #3756, 39.37007874015748143 ) ;
#3522 = PRESENTATION_LAYER_ASSIGNMENT (  '', '', ( #3956 ) ) ;
#3523 = ORIENTED_EDGE ( 'NONE', *, *, #7304, .T. ) ;
#3524 = SURFACE_STYLE_FILL_AREA ( #3573 ) ;
#3525 = EDGE_CURVE ( 'NONE', #6228, #3782, #5448, .T. ) ;
#3526 = DIRECTION ( 'NONE',  ( -1.000000000000000000, 0.0000000000000000000, 0.0000000000000000000 ) ) ;
#3527 = PRESENTATION_LAYER_ASSIGNMENT (  '', '', ( #8088 ) ) ;
#3528 = EDGE_CURVE ( 'NONE', #1657, #2431, #8422, .T. ) ;
#3529 = CARTESIAN_POINT ( 'NONE',  ( -0.1200787401574803237, 0.01968503937007873988, -0.05118110236220473064 ) ) ;
#3530 = UNCERTAINTY_MEASURE_WITH_UNIT (LENGTH_MEASURE( 1.000000000000000082E-05 ), #7128, 'distance_accuracy_value', 'NONE');
#3531 = EDGE_CURVE ( 'NONE', #8705, #5339, #6620, .T. ) ;
#3532 = ORIENTED_EDGE ( 'NONE', *, *, #7473, .T. ) ;
#3533 = CARTESIAN_POINT ( 'NONE',  ( -0.09380814114305804918, 0.03444167326641416754, -0.04656404665486942041 ) ) ;
#3534 = CYLINDRICAL_SURFACE ( 'NONE', #6081, 0.01181102362204724046 ) ;
#3535 = STYLED_ITEM ( 'NONE', ( #8314 ), #7346 ) ;
#3536 = VECTOR ( 'NONE', #8465, 39.37007874015748143 ) ;
#3537 = MECHANICAL_DESIGN_GEOMETRIC_PRESENTATION_REPRESENTATION (  '', ( #2386 ), #8660 ) ;
#3538 = DIMENSIONAL_EXPONENTS ( 1.000000000000000000, 0.0000000000000000000, 0.0000000000000000000, 0.0000000000000000000, 0.0000000000000000000, 0.0000000000000000000, 0.0000000000000000000 ) ;
#3539 = LINE ( 'NONE', #6275, #8464 ) ;
#3540 = CARTESIAN_POINT ( 'NONE',  ( -0.1031504233787781388, 0.03937007874015747977, 0.0000000000000000000 ) ) ;
#3541 = AXIS2_PLACEMENT_3D ( 'NONE', #5229, #4648, #6029 ) ;
#3542 = VECTOR ( 'NONE', #3285, 39.37007874015748143 ) ;
#3543 =( GEOMETRIC_REPRESENTATION_CONTEXT ( 3 ) GLOBAL_UNCERTAINTY_ASSIGNED_CONTEXT ( ( #1043 ) ) GLOBAL_UNIT_ASSIGNED_CONTEXT ( ( #5739, #390, #5125 ) ) REPRESENTATION_CONTEXT ( 'NONE', 'WORKASPACE' ) );
#3544 = SURFACE_STYLE_USAGE ( .BOTH. , #8808 ) ;
#3545 = CARTESIAN_POINT ( 'NONE',  ( 0.04527559055118110520, 0.09448818897637795144, -0.02559055118110236532 ) ) ;
#3546 = EDGE_LOOP ( 'NONE', ( #2764, #3291, #7867, #5498 ) ) ;
#3547 = DIRECTION ( 'NONE',  ( -1.301042606982604847E-14, 0.0000000000000000000, 1.000000000000000000 ) ) ;
#3548 = ORIENTED_EDGE ( 'NONE', *, *, #6004, .F. ) ;
#3549 = MECHANICAL_DESIGN_GEOMETRIC_PRESENTATION_REPRESENTATION (  '', ( #8541 ), #8398 ) ;
#3550 = AXIS2_PLACEMENT_3D ( 'NONE', #4825, #7629, #7542 ) ;
#3551 = LINE ( 'NONE', #1322, #1299 ) ;
#3552 = LINE ( 'NONE', #6287, #3097 ) ;
#3553 =( NAMED_UNIT ( * ) SI_UNIT ( $, .STERADIAN. ) SOLID_ANGLE_UNIT ( ) );
#3554 = VECTOR ( 'NONE', #3389, 39.37007874015748143 ) ;
#3555 = PRESENTATION_LAYER_ASSIGNMENT (  '', '', ( #7419 ) ) ;
#3556 = SURFACE_SIDE_STYLE ('',( #8446 ) ) ;
#3557 = ORIENTED_EDGE ( 'NONE', *, *, #324, .T. ) ;
#3558 = ORIENTED_EDGE ( 'NONE', *, *, #3075, .T. ) ;
#3559 = VERTEX_POINT ( 'NONE', #1073 ) ;
#3560 = SURFACE_STYLE_USAGE ( .BOTH. , #4085 ) ;
#3561 = ORIENTED_EDGE ( 'NONE', *, *, #2261, .T. ) ;
#3562 = UNCERTAINTY_MEASURE_WITH_UNIT (LENGTH_MEASURE( 1.000000000000000082E-05 ), #4636, 'distance_accuracy_value', 'NONE');
#3564 = SURFACE_STYLE_USAGE ( .BOTH. , #6200 ) ;
#3563 = VECTOR ( 'NONE', #6240, 39.37007874015748143 ) ;
#3565 = SURFACE_STYLE_USAGE ( .BOTH. , #5734 ) ;
#3566 = DIRECTION ( 'NONE',  ( 0.0000000000000000000, 0.0000000000000000000, 1.000000000000000000 ) ) ;
#3567 = DIRECTION ( 'NONE',  ( 0.0000000000000000000, 0.0000000000000000000, -1.000000000000000000 ) ) ;
#3568 = CARTESIAN_POINT ( 'NONE',  ( -0.04724409448818897572, -0.06114854350730373339, -0.02066929133858268208 ) ) ;
#3569 = PRESENTATION_STYLE_ASSIGNMENT (( #1656 ) ) ;
#3570 = MECHANICAL_DESIGN_GEOMETRIC_PRESENTATION_REPRESENTATION (  '', ( #6845 ), #5147 ) ;
#3571 =( CONVERSION_BASED_UNIT ( 'INCH', #992 ) LENGTH_UNIT ( ) NAMED_UNIT ( #77 ) );
#3572 = ORIENTED_EDGE ( 'NONE', *, *, #1723, .T. ) ;
#3573 = FILL_AREA_STYLE ('',( #6874 ) ) ;
#3574 = DIRECTION ( 'NONE',  ( 0.0000000000000000000, -1.606225440719264641E-16, 1.000000000000000000 ) ) ;
#3575 = CARTESIAN_POINT ( 'NONE',  ( -0.1200787401574803237, 0.03149606299212598381, 0.01968503937007873988 ) ) ;
#3576 = COLOUR_RGB ( '',0.2980392156862745057, 0.2980392156862745057, 0.2980392156862745057 ) ;
#3577 = CARTESIAN_POINT ( 'NONE',  ( 0.09205169163721239889, 0.03926747862213775253, -0.04480759714902362439 ) ) ;
#3578 = PRESENTATION_STYLE_ASSIGNMENT (( #2267 ) ) ;
#3579 =( CONVERSION_BASED_UNIT ( 'INCH', #5639 ) LENGTH_UNIT ( ) NAMED_UNIT ( #8090 ) );
#3580 =( GEOMETRIC_REPRESENTATION_CONTEXT ( 3 ) GLOBAL_UNCERTAINTY_ASSIGNED_CONTEXT ( ( #5194 ) ) GLOBAL_UNIT_ASSIGNED_CONTEXT ( ( #8706, #6068, #7451 ) ) REPRESENTATION_CONTEXT ( 'NONE', 'WORKASPACE' ) );
#3581 = EDGE_CURVE ( 'NONE', #1645, #3928, #2295, .T. ) ;
#3582 =( CONVERSION_BASED_UNIT ( 'INCH', #6270 ) LENGTH_UNIT ( ) NAMED_UNIT ( #6125 ) );
#3583 = EDGE_CURVE ( 'NONE', #5118, #7119, #5133, .T. ) ;
#3584 = PLANE ( 'NONE',  #4366 ) ;
#3585 = FILL_AREA_STYLE ('',( #7521 ) ) ;
#3586 =( NAMED_UNIT ( * ) PLANE_ANGLE_UNIT ( ) SI_UNIT ( $, .RADIAN. ) );
#3587 = CARTESIAN_POINT ( 'NONE',  ( -0.1102370375520064921, 0.01872128989349157446, -0.04724409448818897572 ) ) ;
#3588 = FILL_AREA_STYLE ('',( #4936 ) ) ;
#3589 = CIRCLE ( 'NONE', #2713, 0.003937007874015746242 ) ;
#3590 = PRESENTATION_STYLE_ASSIGNMENT (( #4854 ) ) ;
#3591 = VERTEX_POINT ( 'NONE', #4404 ) ;
#3592 = LINE ( 'NONE', #5071, #696 ) ;
#3593 = VERTEX_POINT ( 'NONE', #7842 ) ;
#3594 = CARTESIAN_POINT ( 'NONE',  ( -0.1200787401574803237, 0.03149606299212598381, -0.01968503937007873988 ) ) ;
#3595 =( NAMED_UNIT ( * ) SI_UNIT ( $, .STERADIAN. ) SOLID_ANGLE_UNIT ( ) );
#3596 = DIRECTION ( 'NONE',  ( 0.0000000000000000000, 0.0000000000000000000, 1.000000000000000000 ) ) ;
#3597 = FACE_OUTER_BOUND ( 'NONE', #3899, .T. ) ;
#3598 = FILL_AREA_STYLE ('',( #847 ) ) ;
#3599 = VERTEX_POINT ( 'NONE', #7170 ) ;
#3600 = LINE ( 'NONE', #4948, #5849 ) ;
#3601 = ORIENTED_EDGE ( 'NONE', *, *, #7568, .F. ) ;
#3602 = AXIS2_PLACEMENT_3D ( 'NONE', #2264, #1481, #8345 ) ;
#3603 = ORIENTED_EDGE ( 'NONE', *, *, #6691, .F. ) ;
#3604 =( LENGTH_UNIT ( ) NAMED_UNIT ( * ) SI_UNIT ( $, .METRE. ) );
#3605 =( LENGTH_UNIT ( ) NAMED_UNIT ( * ) SI_UNIT ( $, .METRE. ) );
#3606 = DIRECTION ( 'NONE',  ( 0.0000000000000000000, 1.000000000000000000, 0.0000000000000000000 ) ) ;
#3607 =( NAMED_UNIT ( * ) SI_UNIT ( $, .STERADIAN. ) SOLID_ANGLE_UNIT ( ) );
#3608 = EDGE_LOOP ( 'NONE', ( #5540, #920, #8425, #2154 ) ) ;
#3609 = DIRECTION ( 'NONE',  ( -1.000000000000000000, 0.0000000000000000000, 0.0000000000000000000 ) ) ;
#3610 = MECHANICAL_DESIGN_GEOMETRIC_PRESENTATION_REPRESENTATION (  '', ( #870 ), #6187 ) ;
#3611 = VECTOR ( 'NONE', #7402, 39.37007874015748143 ) ;
#3612 = SURFACE_SIDE_STYLE ('',( #5593 ) ) ;
#3613 = PRESENTATION_STYLE_ASSIGNMENT (( #6306 ) ) ;
#3614 =( LENGTH_UNIT ( ) NAMED_UNIT ( * ) SI_UNIT ( $, .METRE. ) );
#3615 = MECHANICAL_DESIGN_GEOMETRIC_PRESENTATION_REPRESENTATION (  '', ( #2181 ), #1593 ) ;
#3616 = SURFACE_SIDE_STYLE ('',( #5803 ) ) ;
#3617 = UNCERTAINTY_MEASURE_WITH_UNIT (LENGTH_MEASURE( 1.000000000000000082E-05 ), #2818, 'distance_accuracy_value', 'NONE');
#3618 = SURFACE_STYLE_FILL_AREA ( #192 ) ;
#3619 = PLANE ( 'NONE',  #3089 ) ;
#3620 = LENGTH_MEASURE_WITH_UNIT ( LENGTH_MEASURE( 0.02539999999999999897 ), #369 );
#3621 = COLOUR_RGB ( '',0.7686274509803920907, 0.7686274509803920907, 0.7686274509803920907 ) ;
#3622 = FILL_AREA_STYLE ('',( #2758 ) ) ;
#3623 = EDGE_CURVE ( 'NONE', #6427, #312, #3779, .T. ) ;
#3624 = CARTESIAN_POINT ( 'NONE',  ( 0.1200787401574803237, 0.03149606299212598381, 0.01968503937007873988 ) ) ;
#3625 = CARTESIAN_POINT ( 'NONE',  ( -0.09380814114305804918, 0.03444167326641416754, 0.04656404665486942041 ) ) ;
#3626 = EDGE_CURVE ( 'NONE', #7350, #6281, #994, .T. ) ;
#3627 = VERTEX_POINT ( 'NONE', #4539 ) ;
#3628 = EDGE_CURVE ( 'NONE', #4960, #6487, #1783, .T. ) ;
#3629 = CARTESIAN_POINT ( 'NONE',  ( -0.1003937007874015908, 0.03667700674546717221, -0.04575045180483543888 ) ) ;
#3630 = PRESENTATION_LAYER_ASSIGNMENT (  '', '', ( #7488 ) ) ;
#3631 = EDGE_CURVE ( 'NONE', #6714, #6865, #6056, .T. ) ;
#3632 = VERTEX_POINT ( 'NONE', #1285 ) ;
#3633 = DIRECTION ( 'NONE',  ( 1.000000000000000000, 0.0000000000000000000, 0.0000000000000000000 ) ) ;
#3634 = ORIENTED_EDGE ( 'NONE', *, *, #5282, .F. ) ;
#3635 = EDGE_CURVE ( 'NONE', #8445, #934, #8064, .T. ) ;
#3636 = DIRECTION ( 'NONE',  ( 0.0000000000000000000, -1.000000000000000000, -1.606225440719264641E-16 ) ) ;
#3637 = LINE ( 'NONE', #5573, #3020 ) ;
#3638 = CARTESIAN_POINT ( 'NONE',  ( -0.09575126888440081696, 0.04196055061682803233, -0.05220675164340077973 ) ) ;
#3639 = EDGE_CURVE ( 'NONE', #8334, #3126, #6018, .T. ) ;
#3640 = ORIENTED_EDGE ( 'NONE', *, *, #8383, .F. ) ;
#3641 = EDGE_CURVE ( 'NONE', #6578, #7535, #3871, .T. ) ;
#3642 = ORIENTED_EDGE ( 'NONE', *, *, #2024, .F. ) ;
#3643 = CARTESIAN_POINT ( 'NONE',  ( -0.1350355830932151446, 0.01409498826347334657, 0.01181102362204724393 ) ) ;
#3644 = ORIENTED_EDGE ( 'NONE', *, *, #4788, .F. ) ;
#3645 =( NAMED_UNIT ( * ) SI_UNIT ( $, .STERADIAN. ) SOLID_ANGLE_UNIT ( ) );
#3646 = UNCERTAINTY_MEASURE_WITH_UNIT (LENGTH_MEASURE( 1.000000000000000082E-05 ), #2628, 'distance_accuracy_value', 'NONE');
#3647 = DIRECTION ( 'NONE',  ( 0.0000000000000000000, -1.000000000000000000, 0.0000000000000000000 ) ) ;
#3648 = DIRECTION ( 'NONE',  ( 0.0000000000000000000, -1.000000000000000000, 0.0000000000000000000 ) ) ;
#3649 = CARTESIAN_POINT ( 'NONE',  ( -0.1031504233787781388, 0.03149606299212598381, 0.0000000000000000000 ) ) ;
#3650 = CARTESIAN_POINT ( 'NONE',  ( -0.08617334877031732066, 0.07086614173228347746, -0.03892925428212862249 ) ) ;
#3651 = MECHANICAL_DESIGN_GEOMETRIC_PRESENTATION_REPRESENTATION (  '', ( #1193 ), #618 ) ;
#3652 = VECTOR ( 'NONE', #6301, 39.37007874015748143 ) ;
#3653 = ORIENTED_EDGE ( 'NONE', *, *, #7736, .T. ) ;
#3654 = CARTESIAN_POINT ( 'NONE',  ( 0.1102370375520064921, 0.01968503937007873988, 0.06496062992125983815 ) ) ;
#3655 = FILL_AREA_STYLE ('',( #358 ) ) ;
#3656 = PRESENTATION_LAYER_ASSIGNMENT (  '', '', ( #3355 ) ) ;
#3657 = UNCERTAINTY_MEASURE_WITH_UNIT (LENGTH_MEASURE( 1.000000000000000082E-05 ), #4105, 'distance_accuracy_value', 'NONE');
#3658 = DIRECTION ( 'NONE',  ( -1.000000000000000000, 0.0000000000000000000, 0.0000000000000000000 ) ) ;
#3659 = PRESENTATION_STYLE_ASSIGNMENT (( #7186 ) ) ;
#3660 = SURFACE_STYLE_USAGE ( .BOTH. , #7766 ) ;
#3661 = PRESENTATION_LAYER_ASSIGNMENT (  '', '', ( #5663 ) ) ;
#3662 = FILL_AREA_STYLE_COLOUR ( '', #523 ) ;
#3663 =( NAMED_UNIT ( * ) SI_UNIT ( $, .STERADIAN. ) SOLID_ANGLE_UNIT ( ) );
#3664 = PRESENTATION_LAYER_ASSIGNMENT (  '', '', ( #636 ) ) ;
#3665 = FILL_AREA_STYLE ('',( #6395 ) ) ;
#3666 =( CONVERSION_BASED_UNIT ( 'INCH', #8352 ) LENGTH_UNIT ( ) NAMED_UNIT ( #6847 ) );
#3667 = SURFACE_STYLE_FILL_AREA ( #917 ) ;
#3668 = VECTOR ( 'NONE', #16, 39.37007874015748143 ) ;
#3669 = VERTEX_POINT ( 'NONE', #1126 ) ;
#3670 = PRESENTATION_LAYER_ASSIGNMENT (  '', '', ( #4234 ) ) ;
#3671 = AXIS2_PLACEMENT_3D ( 'NONE', #2184, #7061, #195 ) ;
#3672 = CARTESIAN_POINT ( 'NONE',  ( 0.1265117110087226326, 0.009173728420953680684, -0.01181102362204724393 ) ) ;
#3673 = LENGTH_MEASURE_WITH_UNIT ( LENGTH_MEASURE( 0.02539999999999999897 ), #971 );
#3674 = ORIENTED_EDGE ( 'NONE', *, *, #1723, .F. ) ;
#3675 = SURFACE_STYLE_FILL_AREA ( #6935 ) ;
#3676 = ORIENTED_EDGE ( 'NONE', *, *, #108, .F. ) ;
#3677 = CARTESIAN_POINT ( 'NONE',  ( 0.08341662617894055054, 0.06299212598425196763, 0.03617253169075181074 ) ) ;
#3678 = AXIS2_PLACEMENT_3D ( 'NONE', #1660, #282, #5793 ) ;
#3679 = VECTOR ( 'NONE', #1741, 39.37007874015748143 ) ;
#3680 = CARTESIAN_POINT ( 'NONE',  ( 0.1102370375520064921, 0.01968503937007873988, 0.07283464566929134798 ) ) ;
#3681 = SURFACE_STYLE_FILL_AREA ( #7074 ) ;
#3682 = PRESENTATION_STYLE_ASSIGNMENT (( #2989 ) ) ;
#3683 = LINE ( 'NONE', #6413, #5344 ) ;
#3684 = ORIENTED_EDGE ( 'NONE', *, *, #52, .T. ) ;
#3685 = AXIS2_PLACEMENT_3D ( 'NONE', #7983, #2614, #1795 ) ;
#3686 = COLOUR_RGB ( '',0.7686274509803920907, 0.7686274509803920907, 0.7686274509803920907 ) ;
#3687 =( CONVERSION_BASED_UNIT ( 'INCH', #933 ) LENGTH_UNIT ( ) NAMED_UNIT ( #4212 ) );
#3688 = VECTOR ( 'NONE', #6942, 39.37007874015748143 ) ;
#3689 = EDGE_CURVE ( 'NONE', #1981, #1833, #3589, .T. ) ;
#3690 = VERTEX_POINT ( 'NONE', #8771 ) ;
#3691 =( NAMED_UNIT ( * ) SI_UNIT ( $, .STERADIAN. ) SOLID_ANGLE_UNIT ( ) );
#3692 = DIRECTION ( 'NONE',  ( -0.9396926207859082059, -0.3420201433256693790, 0.0000000000000000000 ) ) ;
#3693 = EDGE_CURVE ( 'NONE', #462, #8694, #4631, .T. ) ;
#3694 =( CONVERSION_BASED_UNIT ( 'INCH', #940 ) LENGTH_UNIT ( ) NAMED_UNIT ( #866 ) );
#3695 = ADVANCED_FACE ( 'NONE', ( #3916 ), #5920, .T. ) ;
#3696 = DIRECTION ( 'NONE',  ( -1.000000000000000000, 0.0000000000000000000, 0.0000000000000000000 ) ) ;
#3697 = VECTOR ( 'NONE', #2365, 39.37007874015748143 ) ;
#3698 = LENGTH_MEASURE_WITH_UNIT ( LENGTH_MEASURE( 0.02539999999999999897 ), #5587 );
#3699 = ORIENTED_EDGE ( 'NONE', *, *, #1537, .T. ) ;
#3700 = ORIENTED_EDGE ( 'NONE', *, *, #5665, .T. ) ;
#3701 = DIRECTION ( 'NONE',  ( 1.000000000000000000, 0.0000000000000000000, 0.0000000000000000000 ) ) ;
#3702 = CARTESIAN_POINT ( 'NONE',  ( 0.0000000000000000000, 0.0000000000000000000, 0.0000000000000000000 ) ) ;
#3703 = PRESENTATION_LAYER_ASSIGNMENT (  '', '', ( #1970 ) ) ;
#3704 = FACE_OUTER_BOUND ( 'NONE', #7624, .T. ) ;
#3705 = SURFACE_STYLE_FILL_AREA ( #1615 ) ;
#3706 = CARTESIAN_POINT ( 'NONE',  ( 0.1200787401574803237, 0.01901624810599303328, 0.01181102362204724393 ) ) ;
#3707 = DIRECTION ( 'NONE',  ( -1.000000000000000000, 0.0000000000000000000, 0.0000000000000000000 ) ) ;
#3708 = UNCERTAINTY_MEASURE_WITH_UNIT (LENGTH_MEASURE( 1.000000000000000082E-05 ), #1176, 'distance_accuracy_value', 'NONE');
#3709 = LINE ( 'NONE', #1668, #6929 ) ;
#3710 =( GEOMETRIC_REPRESENTATION_CONTEXT ( 3 ) GLOBAL_UNCERTAINTY_ASSIGNED_CONTEXT ( ( #852 ) ) GLOBAL_UNIT_ASSIGNED_CONTEXT ( ( #4121, #2600, #2726 ) ) REPRESENTATION_CONTEXT ( 'NONE', 'WORKASPACE' ) );
#3711 = LINE ( 'NONE', #3847, #1885 ) ;
#3712 = SURFACE_SIDE_STYLE ('',( #7023 ) ) ;
#3713 = CARTESIAN_POINT ( 'NONE',  ( -0.09966963588909823202, 0.04135943069846496206, 0.05081510719521693809 ) ) ;
#3714 = VERTEX_POINT ( 'NONE', #7973 ) ;
#3715 = CARTESIAN_POINT ( 'NONE',  ( -0.1200787401574803237, 0.01968503937007873988, 0.06496062992125983815 ) ) ;
#3716 = DIRECTION ( 'NONE',  ( -1.000000000000000000, 0.0000000000000000000, 0.0000000000000000000 ) ) ;
#3717 = ORIENTED_EDGE ( 'NONE', *, *, #7728, .T. ) ;
#3718 = LENGTH_MEASURE_WITH_UNIT ( LENGTH_MEASURE( 0.02539999999999999897 ), #974 );
#3719 = ORIENTED_EDGE ( 'NONE', *, *, #5924, .T. ) ;
#3720 = COLOUR_RGB ( '',0.7686274509803920907, 0.7686274509803920907, 0.7686274509803920907 ) ;
#3721 = DIRECTION ( 'NONE',  ( 1.000000000000000000, 0.0000000000000000000, 0.0000000000000000000 ) ) ;
#3722 = CARTESIAN_POINT ( 'NONE',  ( 0.08617334877031732066, 0.06827566985561278612, 0.04262883152931716546 ) ) ;
#3723 = CARTESIAN_POINT ( 'NONE',  ( -0.1200787401574803237, 0.04724409448818897572, -0.05511811023622047168 ) ) ;
#3724 =( LENGTH_UNIT ( ) NAMED_UNIT ( * ) SI_UNIT ( $, .METRE. ) );
#3725 = VECTOR ( 'NONE', #4672, 39.37007874015748143 ) ;
#3726 = ORIENTED_EDGE ( 'NONE', *, *, #8713, .T. ) ;
#3727 = DIMENSIONAL_EXPONENTS ( 1.000000000000000000, 0.0000000000000000000, 0.0000000000000000000, 0.0000000000000000000, 0.0000000000000000000, 0.0000000000000000000, 0.0000000000000000000 ) ;
#3728 = DIRECTION ( 'NONE',  ( 0.0000000000000000000, 0.0000000000000000000, -1.000000000000000000 ) ) ;
#3729 = EDGE_LOOP ( 'NONE', ( #1376, #8591, #3775, #8418 ) ) ;
#3730 = SURFACE_STYLE_USAGE ( .BOTH. , #7136 ) ;
#3731 = LINE ( 'NONE', #5666, #1224 ) ;
#3732 = CYLINDRICAL_SURFACE ( 'NONE', #2067, 0.005905511811023620231 ) ;
#3733 = CIRCLE ( 'NONE', #2002, 0.003937007874015749712 ) ;
#3734 = ORIENTED_EDGE ( 'NONE', *, *, #7182, .F. ) ;
#3735 = FILL_AREA_STYLE ('',( #135 ) ) ;
#3736 = ORIENTED_EDGE ( 'NONE', *, *, #834, .F. ) ;
#3737 = DIRECTION ( 'NONE',  ( -1.000000000000000000, 4.917492902039890596E-17, 0.0000000000000000000 ) ) ;
#3738 = EDGE_CURVE ( 'NONE', #5339, #1833, #7443, .T. ) ;
#3739 = EDGE_CURVE ( 'NONE', #2244, #5351, #3225, .T. ) ;
#3740 = EDGE_CURVE ( 'NONE', #5264, #5066, #5303, .T. ) ;
#3741 = UNCERTAINTY_MEASURE_WITH_UNIT (LENGTH_MEASURE( 1.000000000000000082E-05 ), #1385, 'distance_accuracy_value', 'NONE');
#3742 = SURFACE_STYLE_FILL_AREA ( #3005 ) ;
#3743 = AXIS2_PLACEMENT_3D ( 'NONE', #862, #8186, #6383 ) ;
#3744 = SURFACE_STYLE_USAGE ( .BOTH. , #289 ) ;
#3745 = FILL_AREA_STYLE_COLOUR ( '', #6246 ) ;
#3746 =( CONVERSION_BASED_UNIT ( 'INCH', #955 ) LENGTH_UNIT ( ) NAMED_UNIT ( #4368 ) );
#3748 = DIRECTION ( 'NONE',  ( -1.000000000000000000, 0.0000000000000000000, 0.0000000000000000000 ) ) ;
#3747 = ADVANCED_BREP_SHAPE_REPRESENTATION ( 'CUI_DEVICES_TS09-63-25-WT-260-SMT-TR', ( #123, #139, #3017, #3112, #8851, #4285 ), #5162 ) ;
#3749 = SURFACE_STYLE_FILL_AREA ( #5392 ) ;
#3750 = LINE ( 'NONE', #411, #1089 ) ;
#3751 =( LENGTH_UNIT ( ) NAMED_UNIT ( * ) SI_UNIT ( $, .METRE. ) );
#3752 = AXIS2_PLACEMENT_3D ( 'NONE', #8643, #8065, #614 ) ;
#3753 = EDGE_CURVE ( 'NONE', #6771, #5264, #1882, .T. ) ;
#3754 = UNCERTAINTY_MEASURE_WITH_UNIT (LENGTH_MEASURE( 1.000000000000000082E-05 ), #5846, 'distance_accuracy_value', 'NONE');
#3755 =( LENGTH_UNIT ( ) NAMED_UNIT ( * ) SI_UNIT ( $, .METRE. ) );
#3756 = DIRECTION ( 'NONE',  ( 0.0000000000000000000, 1.000000000000000000, 0.0000000000000000000 ) ) ;
#3757 = PRESENTATION_LAYER_ASSIGNMENT (  '', '', ( #5331 ) ) ;
#3758 =( CONVERSION_BASED_UNIT ( 'INCH', #5153 ) LENGTH_UNIT ( ) NAMED_UNIT ( #2257 ) );
#3759 = COLOUR_RGB ( '',0.2980392156862745057, 0.2980392156862745057, 0.2980392156862745057 ) ;
#3760 = CARTESIAN_POINT ( 'NONE',  ( 0.1431733283613561003, 0.003937007874015747977, 0.01181102362204724393 ) ) ;
#3761 =( CONVERSION_BASED_UNIT ( 'INCH', #3022 ) LENGTH_UNIT ( ) NAMED_UNIT ( #3538 ) );
#3762 = ORIENTED_EDGE ( 'NONE', *, *, #3626, .T. ) ;
#3763 = CARTESIAN_POINT ( 'NONE',  ( -0.1200787401574803237, 0.01968503937007873988, 0.06889763779527559306 ) ) ;
#3764 = SURFACE_STYLE_USAGE ( .BOTH. , #5908 ) ;
#3765 = MECHANICAL_DESIGN_GEOMETRIC_PRESENTATION_REPRESENTATION (  '', ( #6475 ), #2884 ) ;
#3766 = ORIENTED_EDGE ( 'NONE', *, *, #5723, .T. ) ;
#3767 = MECHANICAL_DESIGN_GEOMETRIC_PRESENTATION_REPRESENTATION (  '', ( #4332 ), #461 ) ;
#3768 = FILL_AREA_STYLE_COLOUR ( '', #5795 ) ;
#3769 = CARTESIAN_POINT ( 'NONE',  ( 1.371238671125444784E-34, 0.04724409448818897572, 1.075032775284549258E-17 ) ) ;
#3770 = DIRECTION ( 'NONE',  ( 0.0000000000000000000, 1.000000000000000000, 0.0000000000000000000 ) ) ;
#3771 = LENGTH_MEASURE_WITH_UNIT ( LENGTH_MEASURE( 0.02539999999999999897 ), #6495 );
#3772 =( GEOMETRIC_REPRESENTATION_CONTEXT ( 3 ) GLOBAL_UNCERTAINTY_ASSIGNED_CONTEXT ( ( #8796 ) ) GLOBAL_UNIT_ASSIGNED_CONTEXT ( ( #8727, #1913, #2003 ) ) REPRESENTATION_CONTEXT ( 'NONE', 'WORKASPACE' ) );
#3773 = CARTESIAN_POINT ( 'NONE',  ( -0.09843617638165802486, 0.03937007874015920061, -0.05360920844283597470 ) ) ;
#3774 = DIRECTION ( 'NONE',  ( 0.0000000000000000000, -1.000000000000000000, 0.0000000000000000000 ) ) ;
#3775 = ORIENTED_EDGE ( 'NONE', *, *, #6860, .F. ) ;
#3776 =( NAMED_UNIT ( * ) SI_UNIT ( $, .STERADIAN. ) SOLID_ANGLE_UNIT ( ) );
#3777 = ORIENTED_EDGE ( 'NONE', *, *, #720, .T. ) ;
#3778 =( CONVERSION_BASED_UNIT ( 'INCH', #7133 ) LENGTH_UNIT ( ) NAMED_UNIT ( #2849 ) );
#3779 = LINE ( 'NONE', #6501, #7444 ) ;
#3780 = SURFACE_STYLE_FILL_AREA ( #4405 ) ;
#3781 = LINE ( 'NONE', #352, #7392 ) ;
#3782 = VERTEX_POINT ( 'NONE', #2688 ) ;
#3783 = ORIENTED_EDGE ( 'NONE', *, *, #4067, .F. ) ;
#3784 = CARTESIAN_POINT ( 'NONE',  ( -0.1200787401574803237, 0.03149606299212598381, -0.01968503937007873988 ) ) ;
#3785 = DIRECTION ( 'NONE',  ( 1.000000000000000000, 0.0000000000000000000, 0.0000000000000000000 ) ) ;
#3786 = STYLED_ITEM ( 'NONE', ( #2890 ), #171 ) ;
#3787 = SURFACE_SIDE_STYLE ('',( #5226 ) ) ;
#3788 = FILL_AREA_STYLE_COLOUR ( '', #1442 ) ;
#3789 = CARTESIAN_POINT ( 'NONE',  ( 0.1031504233787781388, 0.03937007874015747977, 0.0000000000000000000 ) ) ;
#3790 = CARTESIAN_POINT ( 'NONE',  ( 0.1200787401574803237, 0.01968503937007873988, 0.07283464566929134798 ) ) ;
#3791 = UNCERTAINTY_MEASURE_WITH_UNIT (LENGTH_MEASURE( 1.000000000000000082E-05 ), #2791, 'distance_accuracy_value', 'NONE');
#3792 = DIRECTION ( 'NONE',  ( 0.0000000000000000000, 0.0000000000000000000, -1.000000000000000000 ) ) ;
#3793 = VECTOR ( 'NONE', #6566, 39.37007874015748143 ) ;
#3794 = FILL_AREA_STYLE_COLOUR ( '', #5396 ) ;
#3795 =( NAMED_UNIT ( * ) PLANE_ANGLE_UNIT ( ) SI_UNIT ( $, .RADIAN. ) );
#3796 = EDGE_CURVE ( 'NONE', #3714, #8653, #1321, .T. ) ;
#3797 = DIRECTION ( 'NONE',  ( -1.000000000000000000, 0.0000000000000000000, 0.0000000000000000000 ) ) ;
#3798 =( LENGTH_UNIT ( ) NAMED_UNIT ( * ) SI_UNIT ( $, .METRE. ) );
#3799 = STYLED_ITEM ( 'NONE', ( #8135 ), #602 ) ;
#3800 = ADVANCED_FACE ( 'NONE', ( #3458 ), #4860, .T. ) ;
#3801 = EDGE_CURVE ( 'NONE', #7063, #7254, #5029, .T. ) ;
#3802 = PRESENTATION_STYLE_ASSIGNMENT (( #7860 ) ) ;
#3803 = LINE ( 'NONE', #6528, #1648 ) ;
#3804 = ORIENTED_EDGE ( 'NONE', *, *, #3641, .F. ) ;
#3805 = LINE ( 'NONE', #6531, #1818 ) ;
#3806 = CARTESIAN_POINT ( 'NONE',  ( 0.1161417322834645688, 0.01968503937007873988, -0.07283464566929134798 ) ) ;
#3807 = CARTESIAN_POINT ( 'NONE',  ( -0.1102370375520064921, -0.009085487128351082964, 0.01968503937007873988 ) ) ;
#3808 = TOROIDAL_SURFACE ( 'NONE', #7940, 0.003937007874015747977, 0.003937007874015747977 ) ;
#3809 = AXIS2_PLACEMENT_3D ( 'NONE', #5614, #7529, #6232 ) ;
#3810 = ORIENTED_EDGE ( 'NONE', *, *, #7193, .T. ) ;
#3811 = DIMENSIONAL_EXPONENTS ( 1.000000000000000000, 0.0000000000000000000, 0.0000000000000000000, 0.0000000000000000000, 0.0000000000000000000, 0.0000000000000000000, 0.0000000000000000000 ) ;
#3812 = DIRECTION ( 'NONE',  ( -1.000000000000000000, 0.0000000000000000000, 0.0000000000000000000 ) ) ;
#3813 =( NAMED_UNIT ( * ) SI_UNIT ( $, .STERADIAN. ) SOLID_ANGLE_UNIT ( ) );
#3814 = SURFACE_STYLE_USAGE ( .BOTH. , #8094 ) ;
#3815 = PRESENTATION_LAYER_ASSIGNMENT (  '', '', ( #5529 ) ) ;
#3816 =( GEOMETRIC_REPRESENTATION_CONTEXT ( 3 ) GLOBAL_UNCERTAINTY_ASSIGNED_CONTEXT ( ( #7282 ) ) GLOBAL_UNIT_ASSIGNED_CONTEXT ( ( #3052, #7895, #4278 ) ) REPRESENTATION_CONTEXT ( 'NONE', 'WORKASPACE' ) );
#3818 =( NAMED_UNIT ( * ) PLANE_ANGLE_UNIT ( ) SI_UNIT ( $, .RADIAN. ) );
#3817 = AXIS2_PLACEMENT_3D ( 'NONE', #3760, #4977, #5726 ) ;
#3819 = SURFACE_SIDE_STYLE ('',( #7032 ) ) ;
#3820 = LINE ( 'NONE', #7395, #6057 ) ;
#3821 = VERTEX_POINT ( 'NONE', #7655 ) ;
#3822 = VERTEX_POINT ( 'NONE', #6145 ) ;
#3823 = DIRECTION ( 'NONE',  ( 1.000000000000000000, 0.0000000000000000000, 0.0000000000000000000 ) ) ;
#3824 = MECHANICAL_DESIGN_GEOMETRIC_PRESENTATION_REPRESENTATION (  '', ( #1501 ), #4388 ) ;
#3825 = VECTOR ( 'NONE', #1768, 39.37007874015748143 ) ;
#3826 = FILL_AREA_STYLE ('',( #4311 ) ) ;
#3827 = DIRECTION ( 'NONE',  ( 1.000000000000000000, 0.0000000000000000000, 0.0000000000000000000 ) ) ;
#3828 = SURFACE_STYLE_FILL_AREA ( #2297 ) ;
#3829 = PRESENTATION_LAYER_ASSIGNMENT (  '', '', ( #3096 ) ) ;
#3830 = STYLED_ITEM ( 'NONE', ( #6895 ), #1751 ) ;
#3831 = CIRCLE ( 'NONE', #6376, 0.007874015748031494219 ) ;
#3832 = SURFACE_SIDE_STYLE ('',( #1742 ) ) ;
#3833 = ORIENTED_EDGE ( 'NONE', *, *, #6797, .F. ) ;
#3834 = CARTESIAN_POINT ( 'NONE',  ( -0.1200787401574803237, 0.0000000000000000000, -0.06889763779527559306 ) ) ;
#3835 = ORIENTED_EDGE ( 'NONE', *, *, #1457, .F. ) ;
#3836 = ORIENTED_EDGE ( 'NONE', *, *, #2426, .F. ) ;
#3837 = UNCERTAINTY_MEASURE_WITH_UNIT (LENGTH_MEASURE( 1.000000000000000082E-05 ), #2403, 'distance_accuracy_value', 'NONE');
#3838 = STYLED_ITEM ( 'NONE', ( #217 ), #2901 ) ;
#3839 = LINE ( 'NONE', #288, #6859 ) ;
#3840 = CIRCLE ( 'NONE', #5415, 0.005905511811023620231 ) ;
#3841 = CYLINDRICAL_SURFACE ( 'NONE', #8615, 0.003937007874015746242 ) ;
#3842 = SURFACE_SIDE_STYLE ('',( #366 ) ) ;
#3843 = COLOUR_RGB ( '',0.7686274509803920907, 0.7686274509803920907, 0.7686274509803920907 ) ;
#3844 = FILL_AREA_STYLE_COLOUR ( '', #821 ) ;
#3845 =( LENGTH_UNIT ( ) NAMED_UNIT ( * ) SI_UNIT ( $, .METRE. ) );
#3846 = UNCERTAINTY_MEASURE_WITH_UNIT (LENGTH_MEASURE( 1.000000000000000082E-05 ), #3694, 'distance_accuracy_value', 'NONE');
#3847 = CARTESIAN_POINT ( 'NONE',  ( 0.1102370375520062978, -0.009085487128351082964, -0.01968503937007873988 ) ) ;
#3848 = SURFACE_STYLE_USAGE ( .BOTH. , #1104 ) ;
#3849 = CIRCLE ( 'NONE', #8832, 0.003937007874015749712 ) ;
#3850 = ADVANCED_FACE ( 'NONE', ( #7577 ), #8241, .T. ) ;
#3851 = FILL_AREA_STYLE ('',( #2547 ) ) ;
#3852 = VERTEX_POINT ( 'NONE', #1680 ) ;
#3853 = PLANE ( 'NONE',  #5568 ) ;
#3854 = CARTESIAN_POINT ( 'NONE',  ( 0.09945084613158955422, 0.04196055061682803233, -0.04850717439621220206 ) ) ;
#3855 =( LENGTH_UNIT ( ) NAMED_UNIT ( * ) SI_UNIT ( $, .METRE. ) );
#3856 = DIRECTION ( 'NONE',  ( -1.000000000000000000, 4.917492902039899224E-17, 0.0000000000000000000 ) ) ;
#3857 = ADVANCED_FACE ( 'NONE', ( #4481 ), #1635, .T. ) ;
#3858 = ORIENTED_EDGE ( 'NONE', *, *, #283, .T. ) ;
#3859 = EDGE_CURVE ( 'NONE', #991, #7361, #7749, .T. ) ;
#3860 =( LENGTH_UNIT ( ) NAMED_UNIT ( * ) SI_UNIT ( $, .METRE. ) );
#3861 = CARTESIAN_POINT ( 'NONE',  ( -0.1088943547947819057, 0.03149606299212598381, 0.06165026030659291612 ) ) ;
#3862 = SURFACE_STYLE_USAGE ( .BOTH. , #6543 ) ;
#3863 = CARTESIAN_POINT ( 'NONE',  ( 0.09205169163721221848, 0.03926747862213775253, 0.04480759714902362439 ) ) ;
#3864 = DIRECTION ( 'NONE',  ( -1.000000000000000000, 0.0000000000000000000, 0.0000000000000000000 ) ) ;
#3865 =( GEOMETRIC_REPRESENTATION_CONTEXT ( 3 ) GLOBAL_UNCERTAINTY_ASSIGNED_CONTEXT ( ( #1051 ) ) GLOBAL_UNIT_ASSIGNED_CONTEXT ( ( #1860, #6035, #6000 ) ) REPRESENTATION_CONTEXT ( 'NONE', 'WORKASPACE' ) );
#3866 = DIRECTION ( 'NONE',  ( 0.0000000000000000000, 0.0000000000000000000, -1.000000000000000000 ) ) ;
#3867 = VERTEX_POINT ( 'NONE', #3677 ) ;
#3868 = DIRECTION ( 'NONE',  ( -3.516331370223255265E-16, 0.0000000000000000000, -1.000000000000000000 ) ) ;
#3869 = ORIENTED_EDGE ( 'NONE', *, *, #3923, .T. ) ;
#3870 = PRESENTATION_LAYER_ASSIGNMENT (  '', '', ( #4590 ) ) ;
#3871 = LINE ( 'NONE', #2603, #1405 ) ;
#3872 = CARTESIAN_POINT ( 'NONE',  ( -0.1102370375520064921, -0.009085487128351082964, -0.01968503937007873988 ) ) ;
#3873 = VECTOR ( 'NONE', #3514, 39.37007874015748143 ) ;
#3874 = DIMENSIONAL_EXPONENTS ( 1.000000000000000000, 0.0000000000000000000, 0.0000000000000000000, 0.0000000000000000000, 0.0000000000000000000, 0.0000000000000000000, 0.0000000000000000000 ) ;
#3875 =( NAMED_UNIT ( * ) PLANE_ANGLE_UNIT ( ) SI_UNIT ( $, .RADIAN. ) );
#3876 = ORIENTED_EDGE ( 'NONE', *, *, #4342, .F. ) ;
#3877 = CARTESIAN_POINT ( 'NONE',  ( -0.04724409448818897572, 0.06299212598425196763, 0.02854330708661417110 ) ) ;
#3878 =( LENGTH_UNIT ( ) NAMED_UNIT ( * ) SI_UNIT ( $, .METRE. ) );
#3879 = ORIENTED_EDGE ( 'NONE', *, *, #2082, .T. ) ;
#3880 = CARTESIAN_POINT ( 'NONE',  ( -0.1200787401574803237, -0.009085487128351082964, 0.01968503937007873988 ) ) ;
#3881 = ORIENTED_EDGE ( 'NONE', *, *, #2788, .F. ) ;
#3882 = LENGTH_MEASURE_WITH_UNIT ( LENGTH_MEASURE( 0.02539999999999999897 ), #998 );
#3883 = CARTESIAN_POINT ( 'NONE',  ( -0.1102370375520064921, 0.03543307086614173873, 0.06889763779527559306 ) ) ;
#3884 = COLOUR_RGB ( '',0.2980392156862745057, 0.2980392156862745057, 0.2980392156862745057 ) ;
#3885 = CARTESIAN_POINT ( 'NONE',  ( 0.08341662617894055054, 0.06299212598425196763, 0.05314960629921260116 ) ) ;
#3886 = UNCERTAINTY_MEASURE_WITH_UNIT (LENGTH_MEASURE( 1.000000000000000082E-05 ), #1477, 'distance_accuracy_value', 'NONE');
#3887 = ORIENTED_EDGE ( 'NONE', *, *, #3738, .T. ) ;
#3888 = SURFACE_SIDE_STYLE ('',( #1946 ) ) ;
#3889 = LINE ( 'NONE', #592, #2919 ) ;
#3890 = SURFACE_STYLE_USAGE ( .BOTH. , #3117 ) ;
#3891 = CARTESIAN_POINT ( 'NONE',  ( -0.04724409448818897572, -0.06114854350730373339, -0.02854330708661417110 ) ) ;
#3892 = PRESENTATION_STYLE_ASSIGNMENT (( #5286 ) ) ;
#3893 = STYLED_ITEM ( 'NONE', ( #6956 ), #4397 ) ;
#3894 = UNCERTAINTY_MEASURE_WITH_UNIT (LENGTH_MEASURE( 1.000000000000000082E-05 ), #1018, 'distance_accuracy_value', 'NONE');
#3895 = VERTEX_POINT ( 'NONE', #204 ) ;
#3896 = FILL_AREA_STYLE_COLOUR ( '', #4109 ) ;
#3897 = DIRECTION ( 'NONE',  ( 0.0000000000000000000, 0.0000000000000000000, -1.000000000000000000 ) ) ;
#3898 = CARTESIAN_POINT ( 'NONE',  ( 0.09843617638165391703, 0.03937007874015575198, -0.05360920844283705716 ) ) ;
#3899 = EDGE_LOOP ( 'NONE', ( #125, #2581, #8061, #2074 ) ) ;
#3900 = EDGE_CURVE ( 'NONE', #5264, #6694, #3430, .T. ) ;
#3901 = MECHANICAL_DESIGN_GEOMETRIC_PRESENTATION_REPRESENTATION (  '', ( #5048 ), #14 ) ;
#3902 =( NAMED_UNIT ( * ) PLANE_ANGLE_UNIT ( ) SI_UNIT ( $, .RADIAN. ) );
#3903 = CARTESIAN_POINT ( 'NONE',  ( -0.1431733283613561003, 0.003937007874015747977, -0.01181102362204724393 ) ) ;
#3904 = SURFACE_STYLE_FILL_AREA ( #562 ) ;
#3905 = DIRECTION ( 'NONE',  ( -1.000000000000000000, 0.0000000000000000000, 1.084202172485503694E-16 ) ) ;
#3906 = EDGE_CURVE ( 'NONE', #7887, #8572, #3733, .T. ) ;
#3908 = EDGE_CURVE ( 'NONE', #4453, #1251, #2285, .T. ) ;
#3907 = CARTESIAN_POINT ( 'NONE',  ( 0.1102370375520064921, 0.03937007874015747977, -0.05511811023622047168 ) ) ;
#3909 = COLOUR_RGB ( '',1.000000000000000000, 1.000000000000000000, 1.000000000000000000 ) ;
#3910 = MECHANICAL_DESIGN_GEOMETRIC_PRESENTATION_REPRESENTATION (  '', ( #2885 ), #5053 ) ;
#3911 = SURFACE_STYLE_FILL_AREA ( #2562 ) ;
#3912 = ORIENTED_EDGE ( 'NONE', *, *, #4172, .F. ) ;
#3913 = ORIENTED_EDGE ( 'NONE', *, *, #7344, .F. ) ;
#3914 =( NAMED_UNIT ( * ) PLANE_ANGLE_UNIT ( ) SI_UNIT ( $, .RADIAN. ) );
#3915 = EDGE_CURVE ( 'NONE', #8600, #8250, #264, .T. ) ;
#3916 = FACE_OUTER_BOUND ( 'NONE', #8547, .T. ) ;
#3917 =( GEOMETRIC_REPRESENTATION_CONTEXT ( 3 ) GLOBAL_UNCERTAINTY_ASSIGNED_CONTEXT ( ( #4236 ) ) GLOBAL_UNIT_ASSIGNED_CONTEXT ( ( #2510, #392, #2469 ) ) REPRESENTATION_CONTEXT ( 'NONE', 'WORKASPACE' ) );
#3918 = MECHANICAL_DESIGN_GEOMETRIC_PRESENTATION_REPRESENTATION (  '', ( #5616 ), #178 ) ;
#3919 = PLANE ( 'NONE',  #3752 ) ;
#3920 = FILL_AREA_STYLE_COLOUR ( '', #6961 ) ;
#3921 = PRESENTATION_STYLE_ASSIGNMENT (( #5885 ) ) ;
#3922 = EDGE_CURVE ( 'NONE', #6167, #8694, #6491, .T. ) ;
#3923 = EDGE_CURVE ( 'NONE', #8600, #8324, #6451, .T. ) ;
#3924 = PRESENTATION_STYLE_ASSIGNMENT (( #6465 ) ) ;
#3925 = ORIENTED_EDGE ( 'NONE', *, *, #2965, .T. ) ;
#3926 = CARTESIAN_POINT ( 'NONE',  ( 0.1102370375520064921, 0.01872128989349047465, -0.04724409448818897572 ) ) ;
#3927 = DIRECTION ( 'NONE',  ( 0.0000000000000000000, 0.0000000000000000000, 1.000000000000000000 ) ) ;
#3928 = VERTEX_POINT ( 'NONE', #6323 ) ;
#3929 = EDGE_LOOP ( 'NONE', ( #3879, #7933, #686 ) ) ;
#3930 = DIRECTION ( 'NONE',  ( -1.000000000000000000, 0.0000000000000000000, 0.0000000000000000000 ) ) ;
#3931 = ORIENTED_EDGE ( 'NONE', *, *, #1466, .F. ) ;
#3932 = DIRECTION ( 'NONE',  ( -1.000000000000000000, 0.0000000000000000000, 0.0000000000000000000 ) ) ;
#3933 =( LENGTH_UNIT ( ) NAMED_UNIT ( * ) SI_UNIT ( $, .METRE. ) );
#3934 = FILL_AREA_STYLE_COLOUR ( '', #5685 ) ;
#3935 = VERTEX_POINT ( 'NONE', #5779 ) ;
#3936 = SURFACE_SIDE_STYLE ('',( #4561 ) ) ;
#3937 = LINE ( 'NONE', #8839, #3554 ) ;
#3938 = FACE_OUTER_BOUND ( 'NONE', #4412, .T. ) ;
#3939 = CARTESIAN_POINT ( 'NONE',  ( 0.08964874449207481388, 0.06889160353459390651, -0.03870507275669744091 ) ) ;
#3940 =( LENGTH_UNIT ( ) NAMED_UNIT ( * ) SI_UNIT ( $, .METRE. ) );
#3941 = EDGE_LOOP ( 'NONE', ( #5688, #2554, #4951, #6467 ) ) ;
#3942 = DIRECTION ( 'NONE',  ( 6.505213034913026604E-15, 0.0000000000000000000, -1.000000000000000000 ) ) ;
#3943 = AXIS2_PLACEMENT_3D ( 'NONE', #4701, #1265, #3336 ) ;
#3944 = CARTESIAN_POINT ( 'NONE',  ( -0.1200787401574803237, 0.04724409448818897572, 0.01968503937007873988 ) ) ;
#3945 = LENGTH_MEASURE_WITH_UNIT ( LENGTH_MEASURE( 0.02539999999999999897 ), #2638 );
#3946 = CARTESIAN_POINT ( 'NONE',  ( -0.1200787401574803237, 0.01968503937007873988, -0.04724409448818897572 ) ) ;
#3947 = DIMENSIONAL_EXPONENTS ( 1.000000000000000000, 0.0000000000000000000, 0.0000000000000000000, 0.0000000000000000000, 0.0000000000000000000, 0.0000000000000000000, 0.0000000000000000000 ) ;
#3948 = DIRECTION ( 'NONE',  ( 8.673617379884032317E-15, 0.0000000000000000000, -1.000000000000000000 ) ) ;
#3949 =( GEOMETRIC_REPRESENTATION_CONTEXT ( 3 ) GLOBAL_UNCERTAINTY_ASSIGNED_CONTEXT ( ( #4794 ) ) GLOBAL_UNIT_ASSIGNED_CONTEXT ( ( #7562, #7519, #6928 ) ) REPRESENTATION_CONTEXT ( 'NONE', 'WORKASPACE' ) );
#3950 = PRESENTATION_STYLE_ASSIGNMENT (( #6633 ) ) ;
#3951 = ORIENTED_EDGE ( 'NONE', *, *, #3738, .F. ) ;
#3952 = SURFACE_STYLE_FILL_AREA ( #7876 ) ;
#3953 = ORIENTED_EDGE ( 'NONE', *, *, #5990, .T. ) ;
#3954 = MECHANICAL_DESIGN_GEOMETRIC_PRESENTATION_REPRESENTATION (  '', ( #1942 ), #1214 ) ;
#3955 = VECTOR ( 'NONE', #1342, 39.37007874015748143 ) ;
#3956 = STYLED_ITEM ( 'NONE', ( #2336 ), #6262 ) ;
#3957 = DIRECTION ( 'NONE',  ( 0.0000000000000000000, -1.000000000000000000, 0.0000000000000000000 ) ) ;
#3958 = EDGE_CURVE ( 'NONE', #7539, #8811, #3076, .T. ) ;
#3959 = DIRECTION ( 'NONE',  ( 1.000000000000000000, 0.0000000000000000000, 0.0000000000000000000 ) ) ;
#3960 = ORIENTED_EDGE ( 'NONE', *, *, #7503, .F. ) ;
#3961 = DIRECTION ( 'NONE',  ( 1.000000000000000000, 4.336808689942015369E-15, 1.578469274845900086E-15 ) ) ;
#3962 = VECTOR ( 'NONE', #763, 39.37007874015748143 ) ;
#3963 = VECTOR ( 'NONE', #2508, 39.37007874015748143 ) ;
#3964 = ORIENTED_EDGE ( 'NONE', *, *, #2437, .F. ) ;
#3965 =( LENGTH_UNIT ( ) NAMED_UNIT ( * ) SI_UNIT ( $, .METRE. ) );
#3966 = ORIENTED_EDGE ( 'NONE', *, *, #874, .T. ) ;
#3967 = EDGE_CURVE ( 'NONE', #5341, #4260, #2372, .T. ) ;
#3968 = EDGE_CURVE ( 'NONE', #8694, #5118, #5119, .T. ) ;
#3969 = DIRECTION ( 'NONE',  ( -1.000000000000000000, 0.0000000000000000000, 0.0000000000000000000 ) ) ;
#3970 =( CONVERSION_BASED_UNIT ( 'INCH', #5313 ) LENGTH_UNIT ( ) NAMED_UNIT ( #8358 ) );
#3971 =( GEOMETRIC_REPRESENTATION_CONTEXT ( 3 ) GLOBAL_UNCERTAINTY_ASSIGNED_CONTEXT ( ( #3886 ) ) GLOBAL_UNIT_ASSIGNED_CONTEXT ( ( #1477, #819, #6966 ) ) REPRESENTATION_CONTEXT ( 'NONE', 'WORKASPACE' ) );
#3972 = PRESENTATION_STYLE_ASSIGNMENT (( #4697 ) ) ;
#3973 = PRESENTATION_LAYER_ASSIGNMENT (  '', '', ( #6681 ) ) ;
#3974 = VECTOR ( 'NONE', #4252, 39.37007874015748143 ) ;
#3975 = SURFACE_STYLE_USAGE ( .BOTH. , #1216 ) ;
#3976 =( NAMED_UNIT ( * ) SI_UNIT ( $, .STERADIAN. ) SOLID_ANGLE_UNIT ( ) );
#3977 = ORIENTED_EDGE ( 'NONE', *, *, #8715, .F. ) ;
#3978 = LENGTH_MEASURE_WITH_UNIT ( LENGTH_MEASURE( 0.02539999999999999897 ), #3845 );
#3979 =( GEOMETRIC_REPRESENTATION_CONTEXT ( 3 ) GLOBAL_UNCERTAINTY_ASSIGNED_CONTEXT ( ( #3303 ) ) GLOBAL_UNIT_ASSIGNED_CONTEXT ( ( #2017, #40, #4175 ) ) REPRESENTATION_CONTEXT ( 'NONE', 'WORKASPACE' ) );
#3980 = VECTOR ( 'NONE', #2013, 39.37007874015748143 ) ;
#3981 = PRESENTATION_LAYER_ASSIGNMENT (  '', '', ( #7818 ) ) ;
#3982 = FILL_AREA_STYLE_COLOUR ( '', #8755 ) ;
#3983 = FILL_AREA_STYLE_COLOUR ( '', #2940 ) ;
#3984 = COLOUR_RGB ( '',0.7921568627450980005, 0.8196078431372548767, 0.9333333333333333481 ) ;
#3985 = MECHANICAL_DESIGN_GEOMETRIC_PRESENTATION_REPRESENTATION (  '', ( #1970 ), #4991 ) ;
#3986 = ORIENTED_EDGE ( 'NONE', *, *, #4065, .T. ) ;
#3987 =( CONVERSION_BASED_UNIT ( 'INCH', #5423 ) LENGTH_UNIT ( ) NAMED_UNIT ( #6632 ) );
#3988 = DIMENSIONAL_EXPONENTS ( 1.000000000000000000, 0.0000000000000000000, 0.0000000000000000000, 0.0000000000000000000, 0.0000000000000000000, 0.0000000000000000000, 0.0000000000000000000 ) ;
#3989 = DIRECTION ( 'NONE',  ( 0.0000000000000000000, 1.000000000000000000, 0.0000000000000000000 ) ) ;
#3990 = CARTESIAN_POINT ( 'NONE',  ( 0.1265117110087226326, 0.01507924023197730438, 0.01181102362204724393 ) ) ;
#3991 = SURFACE_SIDE_STYLE ('',( #3911 ) ) ;
#3992 = ORIENTED_EDGE ( 'NONE', *, *, #6315, .F. ) ;
#3993 = ORIENTED_EDGE ( 'NONE', *, *, #2695, .F. ) ;
#3994 = CARTESIAN_POINT ( 'NONE',  ( 0.1102370375520064921, 0.0000000000000000000, -0.04724409448818897572 ) ) ;
#3996 = DIRECTION ( 'NONE',  ( 1.000000000000000000, 0.0000000000000000000, 0.0000000000000000000 ) ) ;
#3995 =( GEOMETRIC_REPRESENTATION_CONTEXT ( 3 ) GLOBAL_UNCERTAINTY_ASSIGNED_CONTEXT ( ( #7039 ) ) GLOBAL_UNIT_ASSIGNED_CONTEXT ( ( #6402, #8449, #2892 ) ) REPRESENTATION_CONTEXT ( 'NONE', 'WORKASPACE' ) );
#3997 = SURFACE_SIDE_STYLE ('',( #3228 ) ) ;
#3998 = ADVANCED_FACE ( 'NONE', ( #7256 ), #4620, .T. ) ;
#3999 = DIRECTION ( 'NONE',  ( 0.0000000000000000000, 0.0000000000000000000, 1.000000000000000000 ) ) ;
#4000 = DIRECTION ( 'NONE',  ( -0.0000000000000000000, 1.000000000000000000, 0.0000000000000000000 ) ) ;
#4001 = ORIENTED_EDGE ( 'NONE', *, *, #1585, .F. ) ;
#4002 = STYLED_ITEM ( 'NONE', ( #7120 ), #8818 ) ;
#4003 = LINE ( 'NONE', #84, #1536 ) ;
#4004 = ORIENTED_EDGE ( 'NONE', *, *, #1351, .F. ) ;
#4005 = DIMENSIONAL_EXPONENTS ( 1.000000000000000000, 0.0000000000000000000, 0.0000000000000000000, 0.0000000000000000000, 0.0000000000000000000, 0.0000000000000000000, 0.0000000000000000000 ) ;
#4006 = SURFACE_STYLE_FILL_AREA ( #5986 ) ;
#4007 = ORIENTED_EDGE ( 'NONE', *, *, #3486, .T. ) ;
#4008 = STYLED_ITEM ( 'NONE', ( #5544 ), #3177 ) ;
#4009 = DIRECTION ( 'NONE',  ( 1.000000000000000000, 0.0000000000000000000, 0.0000000000000000000 ) ) ;
#4010 = LINE ( 'NONE', #1382, #7945 ) ;
#4011 = EDGE_CURVE ( 'NONE', #1511, #675, #1828, .T. ) ;
#4012 = DIRECTION ( 'NONE',  ( 1.000000000000000000, 0.0000000000000000000, 0.0000000000000000000 ) ) ;
#4013 = DIRECTION ( 'NONE',  ( 0.0000000000000000000, 0.0000000000000000000, 1.000000000000000000 ) ) ;
#4014 = EDGE_CURVE ( 'NONE', #4140, #272, #1866, .T. ) ;
#4015 = VECTOR ( 'NONE', #1, 39.37007874015748143 ) ;
#4016 =( NAMED_UNIT ( * ) SI_UNIT ( $, .STERADIAN. ) SOLID_ANGLE_UNIT ( ) );
#4017 = ORIENTED_EDGE ( 'NONE', *, *, #1539, .T. ) ;
#4018 = SURFACE_STYLE_USAGE ( .BOTH. , #3888 ) ;
#4019 = DIRECTION ( 'NONE',  ( 0.0000000000000000000, 0.0000000000000000000, 1.000000000000000000 ) ) ;
#4020 = UNCERTAINTY_MEASURE_WITH_UNIT (LENGTH_MEASURE( 1.000000000000000082E-05 ), #5207, 'distance_accuracy_value', 'NONE');
#4021 = FILL_AREA_STYLE ('',( #5320 ) ) ;
#4022 = VERTEX_POINT ( 'NONE', #430 ) ;
#4023 =( NAMED_UNIT ( * ) PLANE_ANGLE_UNIT ( ) SI_UNIT ( $, .RADIAN. ) );
#4024 = DIRECTION ( 'NONE',  ( -0.8660254037844390407, 0.4999999999999995004, 0.0000000000000000000 ) ) ;
#4025 = CARTESIAN_POINT ( 'NONE',  ( -0.1200787401574803237, 0.01968503937007873988, 0.05118110236220473064 ) ) ;
#4026 = EDGE_CURVE ( 'NONE', #2331, #6732, #387, .T. ) ;
#4027 = ORIENTED_EDGE ( 'NONE', *, *, #1367, .F. ) ;
#4028 = MECHANICAL_DESIGN_GEOMETRIC_PRESENTATION_REPRESENTATION (  '', ( #2865 ), #1005 ) ;
#4029 = DIRECTION ( 'NONE',  ( 0.0000000000000000000, -1.000000000000000000, 0.0000000000000000000 ) ) ;
#4030 = SURFACE_STYLE_FILL_AREA ( #1277 ) ;
#4031 = SURFACE_STYLE_FILL_AREA ( #6972 ) ;
#4032 = LENGTH_MEASURE_WITH_UNIT ( LENGTH_MEASURE( 0.02539999999999999897 ), #1354 );
#4033 = CARTESIAN_POINT ( 'NONE',  ( -0.1200787401574803237, 0.03937007874015747977, -0.07283464566929134798 ) ) ;
#4034 = ORIENTED_EDGE ( 'NONE', *, *, #3968, .T. ) ;
#4035 =( LENGTH_UNIT ( ) NAMED_UNIT ( * ) SI_UNIT ( $, .METRE. ) );
#4036 = VECTOR ( 'NONE', #2337, 39.37007874015748143 ) ;
#4037 = ORIENTED_EDGE ( 'NONE', *, *, #7563, .F. ) ;
#4038 = SURFACE_STYLE_FILL_AREA ( #612 ) ;
#4039 = DIRECTION ( 'NONE',  ( 0.0000000000000000000, 0.0000000000000000000, -1.000000000000000000 ) ) ;
#4040 = LENGTH_MEASURE_WITH_UNIT ( LENGTH_MEASURE( 0.02539999999999999897 ), #2649 );
#4041 = FILL_AREA_STYLE_COLOUR ( '', #953 ) ;
#4042 = DIRECTION ( 'NONE',  ( -1.000000000000000000, 0.0000000000000000000, 0.0000000000000000000 ) ) ;
#4043 = DIRECTION ( 'NONE',  ( 2.344220913482170177E-16, 0.0000000000000000000, 1.000000000000000000 ) ) ;
#4044 =( GEOMETRIC_REPRESENTATION_CONTEXT ( 3 ) GLOBAL_UNCERTAINTY_ASSIGNED_CONTEXT ( ( #5094 ) ) GLOBAL_UNIT_ASSIGNED_CONTEXT ( ( #2898, #1413, #6993 ) ) REPRESENTATION_CONTEXT ( 'NONE', 'WORKASPACE' ) );
#4045 = DIMENSIONAL_EXPONENTS ( 1.000000000000000000, 0.0000000000000000000, 0.0000000000000000000, 0.0000000000000000000, 0.0000000000000000000, 0.0000000000000000000, 0.0000000000000000000 ) ;
#4046 = VECTOR ( 'NONE', #8056, 39.37007874015748143 ) ;
#4047 = SURFACE_STYLE_FILL_AREA ( #4728 ) ;
#4048 = VERTEX_POINT ( 'NONE', #5911 ) ;
#4049 = ORIENTED_EDGE ( 'NONE', *, *, #2537, .T. ) ;
#4050 = EDGE_LOOP ( 'NONE', ( #7264, #848, #7121, #8420, #379, #5710, #6946, #4087 ) ) ;
#4051 = MECHANICAL_DESIGN_GEOMETRIC_PRESENTATION_REPRESENTATION (  '', ( #18 ), #5052 ) ;
#4052 = CARTESIAN_POINT ( 'NONE',  ( -0.1200787401574803237, 0.03937007874015747977, -0.07283464566929134798 ) ) ;
#4053 = FILL_AREA_STYLE_COLOUR ( '', #7259 ) ;
#4054 =( BOUNDED_CURVE ( )  B_SPLINE_CURVE ( 3, ( #5435, #750, #4901, #2011 ),
 .UNSPECIFIED., .F., .T. ) 
 B_SPLINE_CURVE_WITH_KNOTS ( ( 4, 4 ),
 ( 3.490658503988659955, 4.712388980384689674 ),
 .UNSPECIFIED. ) 
 CURVE ( )  GEOMETRIC_REPRESENTATION_ITEM ( )  RATIONAL_B_SPLINE_CURVE ( ( 1.000000000000000000, 0.8794346961926610140, 0.8794346961926610140, 1.000000000000000000 ) ) 
 REPRESENTATION_ITEM ( '' )  );
#4055 =( CONVERSION_BASED_UNIT ( 'INCH', #7454 ) LENGTH_UNIT ( ) NAMED_UNIT ( #4139 ) );
#4056 = CARTESIAN_POINT ( 'NONE',  ( -0.1102370375520064921, 0.01968503937007873988, 0.04724409448818897572 ) ) ;
#4057 = AXIS2_PLACEMENT_3D ( 'NONE', #1000, #3748, #6346 ) ;
#4058 = PLANE ( 'NONE',  #3116 ) ;
#4059 = VERTEX_POINT ( 'NONE', #3861 ) ;
#4060 = DIRECTION ( 'NONE',  ( 0.0000000000000000000, 0.0000000000000000000, -1.000000000000000000 ) ) ;
#4061 = EDGE_CURVE ( 'NONE', #7415, #510, #6877, .T. ) ;
#4062 = DIMENSIONAL_EXPONENTS ( 1.000000000000000000, 0.0000000000000000000, 0.0000000000000000000, 0.0000000000000000000, 0.0000000000000000000, 0.0000000000000000000, 0.0000000000000000000 ) ;
#4063 = PLANE ( 'NONE',  #8235 ) ;
#4064 = VERTEX_POINT ( 'NONE', #3171 ) ;
#4065 = EDGE_CURVE ( 'NONE', #6355, #3222, #6457, .T. ) ;
#4066 = FACE_OUTER_BOUND ( 'NONE', #2826, .T. ) ;
#4067 = EDGE_CURVE ( 'NONE', #4048, #3511, #6671, .T. ) ;
#4068 = EDGE_CURVE ( 'NONE', #6167, #8212, #8092, .T. ) ;
#4069 = ORIENTED_EDGE ( 'NONE', *, *, #8432, .T. ) ;
#4070 = CARTESIAN_POINT ( 'NONE',  ( -0.09575126888440081696, 0.04330708661417323468, 0.05590632889058937127 ) ) ;
#4071 = DIRECTION ( 'NONE',  ( 1.084202172485503694E-16, 0.0000000000000000000, 1.000000000000000000 ) ) ;
#4072 = ORIENTED_EDGE ( 'NONE', *, *, #6527, .T. ) ;
#4073 = DIRECTION ( 'NONE',  ( 1.000000000000000000, 0.0000000000000000000, -1.084202172485503694E-16 ) ) ;
#4074 = STYLED_ITEM ( 'NONE', ( #1867 ), #297 ) ;
#4075 = ORIENTED_EDGE ( 'NONE', *, *, #3006, .F. ) ;
#4076 = DIRECTION ( 'NONE',  ( 0.0000000000000000000, 1.000000000000000000, 0.0000000000000000000 ) ) ;
#4077 = SURFACE_STYLE_FILL_AREA ( #5612 ) ;
#4078 =( CONVERSION_BASED_UNIT ( 'INCH', #4251 ) LENGTH_UNIT ( ) NAMED_UNIT ( #2816 ) );
#4079 = SURFACE_STYLE_FILL_AREA ( #4902 ) ;
#4080 = SURFACE_STYLE_FILL_AREA ( #4770 ) ;
#4081 = FACE_OUTER_BOUND ( 'NONE', #7748, .T. ) ;
#4082 = ORIENTED_EDGE ( 'NONE', *, *, #4061, .F. ) ;
#4083 = CARTESIAN_POINT ( 'NONE',  ( 0.1431733283613561003, -0.001968503937007873988, 0.01181102362204724393 ) ) ;
#4084 = EDGE_LOOP ( 'NONE', ( #15, #8344, #1016, #7891 ) ) ;
#4085 = SURFACE_SIDE_STYLE ('',( #6774 ) ) ;
#4086 = STYLED_ITEM ( 'NONE', ( #3682 ), #6899 ) ;
#4087 = ORIENTED_EDGE ( 'NONE', *, *, #8538, .T. ) ;
#4088 = VECTOR ( 'NONE', #2495, 39.37007874015748143 ) ;
#4089 = UNCERTAINTY_MEASURE_WITH_UNIT (LENGTH_MEASURE( 1.000000000000000082E-05 ), #13, 'distance_accuracy_value', 'NONE');
#4090 =( NAMED_UNIT ( * ) PLANE_ANGLE_UNIT ( ) SI_UNIT ( $, .RADIAN. ) );
#4091 = CARTESIAN_POINT ( 'NONE',  ( -0.1200787401574803237, 0.03149606299212598381, -0.01968503937007873988 ) ) ;
#4092 = AXIS2_PLACEMENT_3D ( 'NONE', #4520, #5817, #5158 ) ;
#4093 = STYLED_ITEM ( 'NONE', ( #3246 ), #1250 ) ;
#4094 = FILL_AREA_STYLE ('',( #8131 ) ) ;
#4095 = LENGTH_MEASURE_WITH_UNIT ( LENGTH_MEASURE( 0.02539999999999999897 ), #4784 );
#4096 = VERTEX_POINT ( 'NONE', #1961 ) ;
#4097 = DIMENSIONAL_EXPONENTS ( 1.000000000000000000, 0.0000000000000000000, 0.0000000000000000000, 0.0000000000000000000, 0.0000000000000000000, 0.0000000000000000000, 0.0000000000000000000 ) ;
#4098 = SURFACE_SIDE_STYLE ('',( #3524 ) ) ;
#4099 = DIRECTION ( 'NONE',  ( 0.0000000000000000000, 1.000000000000000000, 0.0000000000000000000 ) ) ;
#4100 = UNCERTAINTY_MEASURE_WITH_UNIT (LENGTH_MEASURE( 1.000000000000000082E-05 ), #4610, 'distance_accuracy_value', 'NONE');
#4101 = COLOUR_RGB ( '',0.2980392156862745057, 0.2980392156862745057, 0.2980392156862745057 ) ;
#4102 = AXIS2_PLACEMENT_3D ( 'NONE', #4146, #7428, #1270 ) ;
#4103 = AXIS2_PLACEMENT_3D ( 'NONE', #3517, #8129, #3567 ) ;
#4104 = VECTOR ( 'NONE', #5366, 39.37007874015748143 ) ;
#4105 =( CONVERSION_BASED_UNIT ( 'INCH', #8842 ) LENGTH_UNIT ( ) NAMED_UNIT ( #6610 ) );
#4106 = LENGTH_MEASURE_WITH_UNIT ( LENGTH_MEASURE( 0.02539999999999999897 ), #1436 );
#4107 = ORIENTED_EDGE ( 'NONE', *, *, #1307, .F. ) ;
#4108 = LINE ( 'NONE', #5554, #6251 ) ;
#4109 = COLOUR_RGB ( '',0.7686274509803920907, 0.7686274509803920907, 0.7686274509803920907 ) ;
#4110 = EDGE_CURVE ( 'NONE', #1527, #394, #4660, .T. ) ;
#4111 = PRESENTATION_STYLE_ASSIGNMENT (( #1490 ) ) ;
#4112 = DIMENSIONAL_EXPONENTS ( 1.000000000000000000, 0.0000000000000000000, 0.0000000000000000000, 0.0000000000000000000, 0.0000000000000000000, 0.0000000000000000000, 0.0000000000000000000 ) ;
#4113 =( CONVERSION_BASED_UNIT ( 'INCH', #8148 ) LENGTH_UNIT ( ) NAMED_UNIT ( #2087 ) );
#4114 = EDGE_CURVE ( 'NONE', #5647, #7155, #1235, .T. ) ;
#4115 = EDGE_CURVE ( 'NONE', #7089, #991, #4892, .T. ) ;
#4116 = FACE_OUTER_BOUND ( 'NONE', #5610, .T. ) ;
#4117 = EDGE_CURVE ( 'NONE', #98, #6555, #4756, .T. ) ;
#4118 = EDGE_LOOP ( 'NONE', ( #8509, #4577, #7825, #791, #4774 ) ) ;
#4119 = COLOUR_RGB ( '',0.7686274509803920907, 0.7686274509803920907, 0.7686274509803920907 ) ;
#4120 = CIRCLE ( 'NONE', #2685, 0.001968503937007879193 ) ;
#4121 =( CONVERSION_BASED_UNIT ( 'INCH', #8239 ) LENGTH_UNIT ( ) NAMED_UNIT ( #8723 ) );
#4122 = VERTEX_POINT ( 'NONE', #8433 ) ;
#4123 = SURFACE_SIDE_STYLE ('',( #4038 ) ) ;
#4124 = EDGE_CURVE ( 'NONE', #4399, #5037, #5427, .T. ) ;
#4125 =( NAMED_UNIT ( * ) PLANE_ANGLE_UNIT ( ) SI_UNIT ( $, .RADIAN. ) );
#4126 = FILL_AREA_STYLE_COLOUR ( '', #6541 ) ;
#4127 = PRESENTATION_LAYER_ASSIGNMENT (  '', '', ( #2119 ) ) ;
#4128 = PRESENTATION_STYLE_ASSIGNMENT (( #1372 ) ) ;
#4129 = FILL_AREA_STYLE ('',( #3363 ) ) ;
#4130 = ORIENTED_EDGE ( 'NONE', *, *, #278, .T. ) ;
#4131 = EDGE_CURVE ( 'NONE', #892, #4993, #7456, .T. ) ;
#4132 = ORIENTED_EDGE ( 'NONE', *, *, #4124, .T. ) ;
#4133 = EDGE_LOOP ( 'NONE', ( #349, #6600, #7761, #6254, #2835 ) ) ;
#4134 = FILL_AREA_STYLE ('',( #2776 ) ) ;
#4135 = COLOUR_RGB ( '',0.7686274509803920907, 0.7686274509803920907, 0.7686274509803920907 ) ;
#4136 =( NAMED_UNIT ( * ) SI_UNIT ( $, .STERADIAN. ) SOLID_ANGLE_UNIT ( ) );
#4137 = FILL_AREA_STYLE_COLOUR ( '', #1158 ) ;
#4138 = CARTESIAN_POINT ( 'NONE',  ( -0.05314960629921260116, 0.09448818897637795144, 0.01771653543307086937 ) ) ;
#4139 = DIMENSIONAL_EXPONENTS ( 1.000000000000000000, 0.0000000000000000000, 0.0000000000000000000, 0.0000000000000000000, 0.0000000000000000000, 0.0000000000000000000, 0.0000000000000000000 ) ;
#4140 = VERTEX_POINT ( 'NONE', #8394 ) ;
#4141 = DIRECTION ( 'NONE',  ( 0.0000000000000000000, 0.0000000000000000000, 1.000000000000000000 ) ) ;
#4142 = STYLED_ITEM ( 'NONE', ( #7095 ), #3231 ) ;
#4143 =( NAMED_UNIT ( * ) SI_UNIT ( $, .STERADIAN. ) SOLID_ANGLE_UNIT ( ) );
#4144 = CIRCLE ( 'NONE', #5167, 0.003937007874015746242 ) ;
#4145 = CARTESIAN_POINT ( 'NONE',  ( 0.1316260342594181287, 0.01212648432646549340, -0.01181102362204724393 ) ) ;
#4146 = CARTESIAN_POINT ( 'NONE',  ( 0.1122047244094488277, 0.0000000000000000000, -0.06496062992125983815 ) ) ;
#4147 = VERTEX_POINT ( 'NONE', #7052 ) ;
#4148 = DIRECTION ( 'NONE',  ( 0.0000000000000000000, 0.0000000000000000000, -1.000000000000000000 ) ) ;
#4149 = FILL_AREA_STYLE ('',( #17 ) ) ;
#4150 = DIMENSIONAL_EXPONENTS ( 1.000000000000000000, 0.0000000000000000000, 0.0000000000000000000, 0.0000000000000000000, 0.0000000000000000000, 0.0000000000000000000, 0.0000000000000000000 ) ;
#4151 = DIRECTION ( 'NONE',  ( -1.000000000000000000, 0.0000000000000000000, 0.0000000000000000000 ) ) ;
#4152 = ORIENTED_EDGE ( 'NONE', *, *, #6641, .F. ) ;
#4153 = DIRECTION ( 'NONE',  ( 1.000000000000000000, 5.312590645178966993E-15, 0.0000000000000000000 ) ) ;
#4154 = SURFACE_STYLE_FILL_AREA ( #20 ) ;
#4155 = VECTOR ( 'NONE', #5334, 39.37007874015748854 ) ;
#4156 = DIRECTION ( 'NONE',  ( 1.000000000000000000, 0.0000000000000000000, 0.0000000000000000000 ) ) ;
#4157 = CARTESIAN_POINT ( 'NONE',  ( -0.1200787401574803237, 0.01574803149606299191, 0.04724409448818897572 ) ) ;
#4158 = EDGE_LOOP ( 'NONE', ( #477, #6650, #7540, #1659 ) ) ;
#4159 = ORIENTED_EDGE ( 'NONE', *, *, #3915, .F. ) ;
#4160 = ADVANCED_FACE ( 'NONE', ( #6800 ), #905, .F. ) ;
#4161 = PRESENTATION_LAYER_ASSIGNMENT (  '', '', ( #8737 ) ) ;
#4162 = DIRECTION ( 'NONE',  ( 0.0000000000000000000, 1.000000000000000000, 0.0000000000000000000 ) ) ;
#4163 = SURFACE_STYLE_FILL_AREA ( #1505 ) ;
#4164 = EDGE_CURVE ( 'NONE', #3042, #6055, #8801, .T. ) ;
#4165 = SURFACE_STYLE_FILL_AREA ( #6100 ) ;
#4166 =( NAMED_UNIT ( * ) SI_UNIT ( $, .STERADIAN. ) SOLID_ANGLE_UNIT ( ) );
#4167 =( NAMED_UNIT ( * ) SI_UNIT ( $, .STERADIAN. ) SOLID_ANGLE_UNIT ( ) );
#4168 =( GEOMETRIC_REPRESENTATION_CONTEXT ( 3 ) GLOBAL_UNCERTAINTY_ASSIGNED_CONTEXT ( ( #2408 ) ) GLOBAL_UNIT_ASSIGNED_CONTEXT ( ( #2433, #1740, #6099 ) ) REPRESENTATION_CONTEXT ( 'NONE', 'WORKASPACE' ) );
#4169 = VERTEX_POINT ( 'NONE', #6135 ) ;
#4170 = EDGE_LOOP ( 'NONE', ( #6110, #5743, #8781, #7462, #1782, #1690, #5877, #3931 ) ) ;
#4171 = SURFACE_STYLE_FILL_AREA ( #3465 ) ;
#4172 = EDGE_CURVE ( 'NONE', #7274, #8324, #8145, .T. ) ;
#4173 = ORIENTED_EDGE ( 'NONE', *, *, #7995, .T. ) ;
#4174 = DIMENSIONAL_EXPONENTS ( 1.000000000000000000, 0.0000000000000000000, 0.0000000000000000000, 0.0000000000000000000, 0.0000000000000000000, 0.0000000000000000000, 0.0000000000000000000 ) ;
#4175 =( NAMED_UNIT ( * ) SI_UNIT ( $, .STERADIAN. ) SOLID_ANGLE_UNIT ( ) );
#4176 = UNCERTAINTY_MEASURE_WITH_UNIT (LENGTH_MEASURE( 1.000000000000000082E-05 ), #3761, 'distance_accuracy_value', 'NONE');
#4177 = PLANE ( 'NONE',  #2247 ) ;
#4178 = MECHANICAL_DESIGN_GEOMETRIC_PRESENTATION_REPRESENTATION (  '', ( #1172 ), #2878 ) ;
#4179 = EDGE_CURVE ( 'NONE', #1697, #8653, #2164, .T. ) ;
#4180 = VECTOR ( 'NONE', #1555, 39.37007874015748143 ) ;
#4181 = EDGE_CURVE ( 'NONE', #5270, #6510, #8169, .T. ) ;
#4182 = LENGTH_MEASURE_WITH_UNIT ( LENGTH_MEASURE( 0.02539999999999999897 ), #3431 );
#4183 =( NAMED_UNIT ( * ) SI_UNIT ( $, .STERADIAN. ) SOLID_ANGLE_UNIT ( ) );
#4184 = DIRECTION ( 'NONE',  ( -1.000000000000000000, 0.0000000000000000000, 0.0000000000000000000 ) ) ;
#4185 = AXIS2_PLACEMENT_3D ( 'NONE', #1212, #4739, #5357 ) ;
#4186 = ORIENTED_EDGE ( 'NONE', *, *, #2142, .F. ) ;
#4187 = MECHANICAL_DESIGN_GEOMETRIC_PRESENTATION_REPRESENTATION (  '', ( #3030 ), #4626 ) ;
#4188 = DIRECTION ( 'NONE',  ( 0.0000000000000000000, 0.0000000000000000000, 1.000000000000000000 ) ) ;
#4189 = UNCERTAINTY_MEASURE_WITH_UNIT (LENGTH_MEASURE( 1.000000000000000082E-05 ), #6614, 'distance_accuracy_value', 'NONE');
#4190 = DIRECTION ( 'NONE',  ( -1.000000000000000000, 0.0000000000000000000, 1.084202172485503694E-16 ) ) ;
#4191 = LINE ( 'NONE', #2075, #7947 ) ;
#4192 = MECHANICAL_DESIGN_GEOMETRIC_PRESENTATION_REPRESENTATION (  '', ( #8759 ), #3772 ) ;
#4193 = SURFACE_STYLE_USAGE ( .BOTH. , #6173 ) ;
#4194 = MECHANICAL_DESIGN_GEOMETRIC_PRESENTATION_REPRESENTATION (  '', ( #6347 ), #7627 ) ;
#4195 = CARTESIAN_POINT ( 'NONE',  ( -0.1102370375520064921, 0.03937007874015747977, 0.05511811023622047168 ) ) ;
#4196 = ORIENTED_EDGE ( 'NONE', *, *, #3469, .T. ) ;
#4197 =( NAMED_UNIT ( * ) SI_UNIT ( $, .STERADIAN. ) SOLID_ANGLE_UNIT ( ) );
#4198 = DIRECTION ( 'NONE',  ( 1.000000000000000000, 0.0000000000000000000, 0.0000000000000000000 ) ) ;
#4199 = CARTESIAN_POINT ( 'NONE',  ( -0.1316260342594181287, 0.01212648432646549340, -0.01181102362204724393 ) ) ;
#4200 = PRESENTATION_STYLE_ASSIGNMENT (( #742 ) ) ;
#4201 =( LENGTH_UNIT ( ) NAMED_UNIT ( * ) SI_UNIT ( $, .METRE. ) );
#4202 = ORIENTED_EDGE ( 'NONE', *, *, #5557, .T. ) ;
#4203 = FACE_OUTER_BOUND ( 'NONE', #2861, .T. ) ;
#4204 = ORIENTED_EDGE ( 'NONE', *, *, #5507, .F. ) ;
#4205 = CARTESIAN_POINT ( 'NONE',  ( 0.1031504233787781111, 0.03937007874015747977, 0.05294031065940998926 ) ) ;
#4206 = AXIS2_PLACEMENT_3D ( 'NONE', #3568, #5494, #3518 ) ;
#4207 = CARTESIAN_POINT ( 'NONE',  ( 0.0000000000000000000, 0.09448818897637795144, 0.02165354330708661734 ) ) ;
#4208 = DIRECTION ( 'NONE',  ( 1.000000000000000000, 0.0000000000000000000, 0.0000000000000000000 ) ) ;
#4209 = CARTESIAN_POINT ( 'NONE',  ( 0.1088943547947819057, 0.03149606299212598381, -2.862145358543263935E-17 ) ) ;
#4210 = SURFACE_STYLE_FILL_AREA ( #1454 ) ;
#4211 = CARTESIAN_POINT ( 'NONE',  ( -0.05511811023622047168, -0.06114854350730373339, 0.02066929133858268208 ) ) ;
#4212 = DIMENSIONAL_EXPONENTS ( 1.000000000000000000, 0.0000000000000000000, 0.0000000000000000000, 0.0000000000000000000, 0.0000000000000000000, 0.0000000000000000000, 0.0000000000000000000 ) ;
#4213 = COLOUR_RGB ( '',0.7686274509803920907, 0.7686274509803920907, 0.7686274509803920907 ) ;
#4214 = ORIENTED_EDGE ( 'NONE', *, *, #5855, .T. ) ;
#4215 = VERTEX_POINT ( 'NONE', #7433 ) ;
#4216 = DIRECTION ( 'NONE',  ( 0.0000000000000000000, 0.0000000000000000000, 1.000000000000000000 ) ) ;
#4217 = ORIENTED_EDGE ( 'NONE', *, *, #3693, .F. ) ;
#4218 = ORIENTED_EDGE ( 'NONE', *, *, #1689, .T. ) ;
#4219 =( CONVERSION_BASED_UNIT ( 'INCH', #1470 ) LENGTH_UNIT ( ) NAMED_UNIT ( #1311 ) );
#4220 = VECTOR ( 'NONE', #4714, 39.37007874015748143 ) ;
#4221 = SURFACE_STYLE_USAGE ( .BOTH. , #6249 ) ;
#4222 = PLANE ( 'NONE',  #2385 ) ;
#4223 = CARTESIAN_POINT ( 'NONE',  ( -0.1031504233787781388, 0.03937007874015747977, -0.04850717439621220206 ) ) ;
#4224 = ADVANCED_FACE ( 'NONE', ( #7520 ), #1278, .F. ) ;
#4225 = SURFACE_SIDE_STYLE ('',( #1429 ) ) ;
#4226 =( BOUNDED_SURFACE ( )  B_SPLINE_SURFACE ( 3, 2, ( 
 ( #341, #3072, #1992 ),
 ( #5818, #7914, #7866 ),
 ( #2459, #3898, #8494 ),
 ( #6577, #2368, #6625 ) ),
 .UNSPECIFIED., .F., .F., .T. ) 
 B_SPLINE_SURFACE_WITH_KNOTS ( ( 4, 4 ),
 ( 3, 3 ),
 ( 5.556410252859889987, 7.009960361499279813 ),
 ( 0.0000000000000000000, 1.000000000000000000 ),
 .UNSPECIFIED. ) 
 GEOMETRIC_REPRESENTATION_ITEM ( )  RATIONAL_B_SPLINE_SURFACE ( (
 ( 1.000000000000000000, 0.8191520442889920206, 1.000000000000000000),
 ( 1.000000000000000000, 0.8650791541936170281, 1.000000000000000000),
 ( 1.000000000000000000, 0.8650791541936190265, 1.000000000000000000),
 ( 1.000000000000000000, 0.8191520442889920206, 1.000000000000000000) ) ) 
 REPRESENTATION_ITEM ( '' )  SURFACE ( )  );
#4227 = ORIENTED_EDGE ( 'NONE', *, *, #3525, .T. ) ;
#4228 = CARTESIAN_POINT ( 'NONE',  ( -0.2709745503680062728, 0.01968503937007873988, -0.07283464566929134798 ) ) ;
#4229 = ADVANCED_FACE ( 'NONE', ( #3704 ), #5049, .T. ) ;
#4230 = SURFACE_STYLE_USAGE ( .BOTH. , #10 ) ;
#4231 =( NAMED_UNIT ( * ) SI_UNIT ( $, .STERADIAN. ) SOLID_ANGLE_UNIT ( ) );
#4232 = FILL_AREA_STYLE_COLOUR ( '', #432 ) ;
#4233 = PRESENTATION_LAYER_ASSIGNMENT (  '', '', ( #1942 ) ) ;
#4234 = STYLED_ITEM ( 'NONE', ( #8477 ), #1200 ) ;
#4235 = LINE ( 'NONE', #6388, #3489 ) ;
#4236 = UNCERTAINTY_MEASURE_WITH_UNIT (LENGTH_MEASURE( 1.000000000000000082E-05 ), #2510, 'distance_accuracy_value', 'NONE');
#4237 =( LENGTH_UNIT ( ) NAMED_UNIT ( * ) SI_UNIT ( $, .METRE. ) );
#4238 = MECHANICAL_DESIGN_GEOMETRIC_PRESENTATION_REPRESENTATION (  '', ( #8096 ), #8678 ) ;
#4239 = PRESENTATION_LAYER_ASSIGNMENT (  '', '', ( #4974 ) ) ;
#4240 = VECTOR ( 'NONE', #5154, 39.37007874015748143 ) ;
#4241 = PRESENTATION_STYLE_ASSIGNMENT (( #7644 ) ) ;
#4242 = DIRECTION ( 'NONE',  ( 0.0000000000000000000, 0.0000000000000000000, -1.000000000000000000 ) ) ;
#4243 = AXIS2_PLACEMENT_3D ( 'NONE', #2210, #4141, #8214 ) ;
#4244 = AXIS2_PLACEMENT_3D ( 'NONE', #6072, #585, #4782 ) ;
#4245 = COLOUR_RGB ( '',0.7686274509803920907, 0.7686274509803920907, 0.7686274509803920907 ) ;
#4246 = LINE ( 'NONE', #2001, #2376 ) ;
#4247 = FACE_OUTER_BOUND ( 'NONE', #3608, .T. ) ;
#4248 = VERTEX_POINT ( 'NONE', #6432 ) ;
#4249 = ORIENTED_EDGE ( 'NONE', *, *, #8006, .F. ) ;
#4250 = MECHANICAL_DESIGN_GEOMETRIC_PRESENTATION_REPRESENTATION (  '', ( #5272 ), #7551 ) ;
#4251 = LENGTH_MEASURE_WITH_UNIT ( LENGTH_MEASURE( 0.02539999999999999897 ), #74 );
#4252 = DIRECTION ( 'NONE',  ( 1.084202172485503694E-16, 0.0000000000000000000, 1.000000000000000000 ) ) ;
#4253 =( NAMED_UNIT ( * ) PLANE_ANGLE_UNIT ( ) SI_UNIT ( $, .RADIAN. ) );
#4254 =( CONVERSION_BASED_UNIT ( 'INCH', #3461 ) LENGTH_UNIT ( ) NAMED_UNIT ( #2148 ) );
#4255 = COLOUR_RGB ( '',0.2980392156862745057, 0.2980392156862745057, 0.2980392156862745057 ) ;
#4256 = ORIENTED_EDGE ( 'NONE', *, *, #8483, .T. ) ;
#4257 = EDGE_CURVE ( 'NONE', #2235, #2053, #7605, .T. ) ;
#4258 = VERTEX_POINT ( 'NONE', #8476 ) ;
#4259 = SURFACE_STYLE_FILL_AREA ( #805 ) ;
#4260 = VERTEX_POINT ( 'NONE', #4460 ) ;
#4261 =( LENGTH_UNIT ( ) NAMED_UNIT ( * ) SI_UNIT ( $, .METRE. ) );
#4262 = ORIENTED_EDGE ( 'NONE', *, *, #2134, .T. ) ;
#4263 = UNCERTAINTY_MEASURE_WITH_UNIT (LENGTH_MEASURE( 1.000000000000000082E-05 ), #1042, 'distance_accuracy_value', 'NONE');
#4264 = CIRCLE ( 'NONE', #1387, 0.005905511811023620231 ) ;
#4265 = SURFACE_STYLE_USAGE ( .BOTH. , #1424 ) ;
#4266 = LINE ( 'NONE', #5001, #3390 ) ;
#4267 = CARTESIAN_POINT ( 'NONE',  ( -0.09801490858492173386, 0.03149606299212600463, 0.05077081409673312590 ) ) ;
#4268 = LINE ( 'NONE', #8343, #8391 ) ;
#4269 = PRESENTATION_LAYER_ASSIGNMENT (  '', '', ( #8281 ) ) ;
#4270 = DIRECTION ( 'NONE',  ( 0.0000000000000000000, 1.000000000000000000, 2.409338161078900167E-16 ) ) ;
#4271 = VERTEX_POINT ( 'NONE', #7185 ) ;
#4272 = SURFACE_STYLE_USAGE ( .BOTH. , #1431 ) ;
#4273 = DIRECTION ( 'NONE',  ( 0.0000000000000000000, 0.0000000000000000000, -1.000000000000000000 ) ) ;
#4274 = ADVANCED_FACE ( 'NONE', ( #5095 ), #1703, .F. ) ;
#4275 = UNCERTAINTY_MEASURE_WITH_UNIT (LENGTH_MEASURE( 1.000000000000000082E-05 ), #4542, 'distance_accuracy_value', 'NONE');
#4276 = CARTESIAN_POINT ( 'NONE',  ( 0.2709745503680062728, 0.03937007874015747977, 0.07283464566929134798 ) ) ;
#4277 = DIRECTION ( 'NONE',  ( 0.0000000000000000000, 0.0000000000000000000, -1.000000000000000000 ) ) ;
#4278 =( NAMED_UNIT ( * ) SI_UNIT ( $, .STERADIAN. ) SOLID_ANGLE_UNIT ( ) );
#4279 = LINE ( 'NONE', #5636, #5915 ) ;
#4280 = EDGE_CURVE ( 'NONE', #5341, #8710, #8707, .T. ) ;
#4281 = PLANE ( 'NONE',  #8255 ) ;
#4282 = CARTESIAN_POINT ( 'NONE',  ( -0.1200787401574803237, -0.003937007874015747977, -0.04724409448818897572 ) ) ;
#4283 = COLOUR_RGB ( '',0.2980392156862745057, 0.2980392156862745057, 0.2980392156862745057 ) ;
#4284 = CARTESIAN_POINT ( 'NONE',  ( -0.09205169163721221848, 0.03926747862213775253, -0.04480759714902362439 ) ) ;
#4285 = AXIS2_PLACEMENT_3D ( 'NONE', #3702, #5844, #3049 ) ;
#4286 = ADVANCED_FACE ( 'NONE', ( #6027 ), #6162, .T. ) ;
#4287 = VECTOR ( 'NONE', #2250, 39.37007874015748143 ) ;
#4288 =( LENGTH_UNIT ( ) NAMED_UNIT ( * ) SI_UNIT ( $, .METRE. ) );
#4289 = ADVANCED_FACE ( 'NONE', ( #5452 ), #4693, .F. ) ;
#4290 = CARTESIAN_POINT ( 'NONE',  ( -0.04724409448818897572, 0.07086614173228347746, 0.02854330708661417110 ) ) ;
#4291 = ADVANCED_FACE ( 'NONE', ( #6202 ), #8261, .F. ) ;
#4292 =( NAMED_UNIT ( * ) SI_UNIT ( $, .STERADIAN. ) SOLID_ANGLE_UNIT ( ) );
#4293 = CARTESIAN_POINT ( 'NONE',  ( -0.09575126888440081696, 0.04196055061682803233, 0.05220675164340077973 ) ) ;
#4294 = EDGE_LOOP ( 'NONE', ( #6863, #8825, #5444, #7875 ) ) ;
#4295 = PRESENTATION_STYLE_ASSIGNMENT (( #6279 ) ) ;
#4296 = AXIS2_PLACEMENT_3D ( 'NONE', #8642, #481, #4723 ) ;
#4297 = LENGTH_MEASURE_WITH_UNIT ( LENGTH_MEASURE( 0.02539999999999999897 ), #6185 );
#4298 = ORIENTED_EDGE ( 'NONE', *, *, #1469, .F. ) ;
#4299 = ORIENTED_EDGE ( 'NONE', *, *, #3062, .F. ) ;
#4300 = CARTESIAN_POINT ( 'NONE',  ( 0.09801490858492173386, 0.03149606299212600463, 0.05077081409673312590 ) ) ;
#4301 =( NAMED_UNIT ( * ) PLANE_ANGLE_UNIT ( ) SI_UNIT ( $, .RADIAN. ) );
#4302 = DIRECTION ( 'NONE',  ( 0.0000000000000000000, 0.0000000000000000000, 1.000000000000000000 ) ) ;
#4303 = SURFACE_STYLE_USAGE ( .BOTH. , #2195 ) ;
#4304 = FILL_AREA_STYLE_COLOUR ( '', #4619 ) ;
#4305 = DIRECTION ( 'NONE',  ( 1.000000000000000000, 0.0000000000000000000, 0.0000000000000000000 ) ) ;
#4306 = ORIENTED_EDGE ( 'NONE', *, *, #5705, .T. ) ;
#4307 = ORIENTED_EDGE ( 'NONE', *, *, #6976, .T. ) ;
#4308 = CARTESIAN_POINT ( 'NONE',  ( -0.1200787401574803237, 0.01968503937007873988, -0.05118110236220473064 ) ) ;
#4309 = ORIENTED_EDGE ( 'NONE', *, *, #990, .T. ) ;
#4310 = FILL_AREA_STYLE_COLOUR ( '', #5550 ) ;
#4311 = FILL_AREA_STYLE_COLOUR ( '', #8429 ) ;
#4312 = LINE ( 'NONE', #762, #4464 ) ;
#4313 = DIRECTION ( 'NONE',  ( 0.0000000000000000000, 1.000000000000000000, 0.0000000000000000000 ) ) ;
#4314 = CARTESIAN_POINT ( 'NONE',  ( 0.1265117110087226326, 0.009173728420953680684, 0.01181102362204724393 ) ) ;
#4315 = DIMENSIONAL_EXPONENTS ( 1.000000000000000000, 0.0000000000000000000, 0.0000000000000000000, 0.0000000000000000000, 0.0000000000000000000, 0.0000000000000000000, 0.0000000000000000000 ) ;
#4316 = AXIS2_PLACEMENT_3D ( 'NONE', #3143, #1075, #4540 ) ;
#4317 = DIRECTION ( 'NONE',  ( 0.0000000000000000000, 1.000000000000000000, 0.0000000000000000000 ) ) ;
#4318 = ORIENTED_EDGE ( 'NONE', *, *, #5995, .F. ) ;
#4319 =( NAMED_UNIT ( * ) SI_UNIT ( $, .STERADIAN. ) SOLID_ANGLE_UNIT ( ) );
#4320 = LENGTH_MEASURE_WITH_UNIT ( LENGTH_MEASURE( 0.02539999999999999897 ), #4455 );
#4321 = AXIS2_PLACEMENT_3D ( 'NONE', #3276, #7308, #6675 ) ;
#4322 = CARTESIAN_POINT ( 'NONE',  ( 0.1031504233787781388, 0.03937007874015747977, 0.04850717439621220206 ) ) ;
#4323 = LENGTH_MEASURE_WITH_UNIT ( LENGTH_MEASURE( 0.02539999999999999897 ), #4799 );
#4324 = DIRECTION ( 'NONE',  ( 0.0000000000000000000, 1.000000000000000000, 0.0000000000000000000 ) ) ;
#4325 = DIRECTION ( 'NONE',  ( 0.0000000000000000000, 0.0000000000000000000, -1.000000000000000000 ) ) ;
#4326 = CARTESIAN_POINT ( 'NONE',  ( -0.04724409448818897572, 0.07086614173228347746, -0.02854330708661417110 ) ) ;
#4327 = VECTOR ( 'NONE', #3192, 39.37007874015748143 ) ;
#4328 = LINE ( 'NONE', #2354, #7955 ) ;
#4329 = VECTOR ( 'NONE', #5028, 39.37007874015748143 ) ;
#4330 = EDGE_CURVE ( 'NONE', #2157, #3714, #6039, .T. ) ;
#4331 = CLOSED_SHELL ( 'NONE', ( #202, #5127, #4676, #6971, #3121, #6899, #7079, #8762, #6087, #7808, #8230, #2137, #5122, #166, #6147, #1984, #6519, #602, #8523, #2519, #2855, #7672, #227, #2896, #2419, #46, #8560, #5771, #1596, #448, #5805, #603, #3462, #334, #2642, #6854, #6955, #2944, #3302, #4503, #3134, #5508, #2857, #5556, #931, #4224, #7457, #4694, #3063, #2687, #2894, #4160, #57, #2485, #1200, #7065, #5766, #2303, #822, #297, #3231, #6567, #5886, #5492, #7731, #4289, #2589, #6163, #8818, #4397, #2795, #5062, #8437, #7518, #8120, #4567, #8286, #5056, #4229, #8055, #1762, #4409, #8599, #5820, #7941, #6262 ) ) ;
#4332 = STYLED_ITEM ( 'NONE', ( #3021 ), #5056 ) ;
#4333 = CARTESIAN_POINT ( 'NONE',  ( 0.1102370375520064921, 0.01968503937007873988, -0.04724409448818897572 ) ) ;
#4334 = CARTESIAN_POINT ( 'NONE',  ( -0.09801490858492173386, 0.03149606299212600463, 0.05077081409673312590 ) ) ;
#4335 = EDGE_CURVE ( 'NONE', #6740, #5982, #4312, .T. ) ;
#4336 = CARTESIAN_POINT ( 'NONE',  ( -0.09992174341836555784, 0.03937007874015747977, 0.05590632877942755541 ) ) ;
#4337 = ORIENTED_EDGE ( 'NONE', *, *, #6238, .F. ) ;
#4338 = FACE_OUTER_BOUND ( 'NONE', #6188, .T. ) ;
#4339 = ORIENTED_EDGE ( 'NONE', *, *, #3689, .T. ) ;
#4340 = LINE ( 'NONE', #2983, #2131 ) ;
#4341 = ORIENTED_EDGE ( 'NONE', *, *, #6472, .F. ) ;
#4342 = EDGE_CURVE ( 'NONE', #3325, #98, #7669, .T. ) ;
#4343 =( CONVERSION_BASED_UNIT ( 'INCH', #2986 ) LENGTH_UNIT ( ) NAMED_UNIT ( #4846 ) );
#4344 =( CONVERSION_BASED_UNIT ( 'INCH', #2287 ) LENGTH_UNIT ( ) NAMED_UNIT ( #3438 ) );
#4345 = LINE ( 'NONE', #7787, #2794 ) ;
#4346 = CARTESIAN_POINT ( 'NONE',  ( 0.1200787401574803237, 0.01968503937007873988, 0.06102362204724410405 ) ) ;
#4347 = CARTESIAN_POINT ( 'NONE',  ( -0.1200787401574803237, 0.03937007874015747977, -0.01968503937007873988 ) ) ;
#4348 =( LENGTH_UNIT ( ) NAMED_UNIT ( * ) SI_UNIT ( $, .METRE. ) );
#4349 = EDGE_LOOP ( 'NONE', ( #8367, #747, #4298, #302 ) ) ;
#4350 = PRESENTATION_STYLE_ASSIGNMENT (( #1602 ) ) ;
#4351 = EDGE_LOOP ( 'NONE', ( #305, #5308, #5509, #3700 ) ) ;
#4352 = SURFACE_STYLE_USAGE ( .BOTH. , #6371 ) ;
#4353 = PRESENTATION_STYLE_ASSIGNMENT (( #7881 ) ) ;
#4354 = CARTESIAN_POINT ( 'NONE',  ( 0.1200787401574803237, 0.01507924023197730438, -0.01181102362204724393 ) ) ;
#4355 = CARTESIAN_POINT ( 'NONE',  ( -0.1031504233787781388, 0.03149606299212598381, 0.0000000000000000000 ) ) ;
#4356 =( GEOMETRIC_REPRESENTATION_CONTEXT ( 3 ) GLOBAL_UNCERTAINTY_ASSIGNED_CONTEXT ( ( #2715 ) ) GLOBAL_UNIT_ASSIGNED_CONTEXT ( ( #6218, #8225, #832 ) ) REPRESENTATION_CONTEXT ( 'NONE', 'WORKASPACE' ) );
#4357 = AXIS2_PLACEMENT_3D ( 'NONE', #4314, #8378, #3094 ) ;
#4358 =( NAMED_UNIT ( * ) PLANE_ANGLE_UNIT ( ) SI_UNIT ( $, .RADIAN. ) );
#4359 = ORIENTED_EDGE ( 'NONE', *, *, #555, .F. ) ;
#4360 =( CONVERSION_BASED_UNIT ( 'INCH', #2301 ) LENGTH_UNIT ( ) NAMED_UNIT ( #8213 ) );
#4361 = VERTEX_POINT ( 'NONE', #8305 ) ;
#4362 = SURFACE_STYLE_USAGE ( .BOTH. , #1085 ) ;
#4363 =( CONVERSION_BASED_UNIT ( 'INCH', #954 ) LENGTH_UNIT ( ) NAMED_UNIT ( #4112 ) );
#4364 = DIRECTION ( 'NONE',  ( -1.000000000000000000, 0.0000000000000000000, 2.344220913482170177E-16 ) ) ;
#4365 = SURFACE_STYLE_FILL_AREA ( #245 ) ;
#4366 = AXIS2_PLACEMENT_3D ( 'NONE', #4888, #7694, #3447 ) ;
#4367 = FACE_OUTER_BOUND ( 'NONE', #6903, .T. ) ;
#4368 = DIMENSIONAL_EXPONENTS ( 1.000000000000000000, 0.0000000000000000000, 0.0000000000000000000, 0.0000000000000000000, 0.0000000000000000000, 0.0000000000000000000, 0.0000000000000000000 ) ;
#4369 = CARTESIAN_POINT ( 'NONE',  ( 0.1102370375520064921, 0.01968503937007873988, -0.07283464566929134798 ) ) ;
#4370 = FILL_AREA_STYLE ('',( #1582 ) ) ;
#4372 = SURFACE_STYLE_FILL_AREA ( #8482 ) ;
#4371 = STYLED_ITEM ( 'NONE', ( #7309 ), #6955 ) ;
#4373 = VECTOR ( 'NONE', #5904, 39.37007874015748143 ) ;
#4374 = CARTESIAN_POINT ( 'NONE',  ( 0.09205169163721221848, 0.03926747862213775253, 0.05314960629921260116 ) ) ;
#4375 = ORIENTED_EDGE ( 'NONE', *, *, #4115, .T. ) ;
#4376 = FILL_AREA_STYLE_COLOUR ( '', #3621 ) ;
#4377 = MECHANICAL_DESIGN_GEOMETRIC_PRESENTATION_REPRESENTATION (  '', ( #2937 ), #1801 ) ;
#4378 = ORIENTED_EDGE ( 'NONE', *, *, #52, .F. ) ;
#4379 = VECTOR ( 'NONE', #5368, 39.37007874015748143 ) ;
#4380 = COLOUR_RGB ( '',0.2980392156862745057, 0.2980392156862745057, 0.2980392156862745057 ) ;
#4381 = VECTOR ( 'NONE', #6136, 39.37007874015748143 ) ;
#4382 = FILL_AREA_STYLE_COLOUR ( '', #5933 ) ;
#4383 = ORIENTED_EDGE ( 'NONE', *, *, #7741, .F. ) ;
#4384 = CARTESIAN_POINT ( 'NONE',  ( 0.1200787401574803237, 0.0000000000000000000, -0.06889763779527559306 ) ) ;
#4385 = VERTEX_POINT ( 'NONE', #2115 ) ;
#4386 = EDGE_CURVE ( 'NONE', #5111, #7603, #7002, .T. ) ;
#4387 =( NAMED_UNIT ( * ) SI_UNIT ( $, .STERADIAN. ) SOLID_ANGLE_UNIT ( ) );
#4388 =( GEOMETRIC_REPRESENTATION_CONTEXT ( 3 ) GLOBAL_UNCERTAINTY_ASSIGNED_CONTEXT ( ( #4509 ) ) GLOBAL_UNIT_ASSIGNED_CONTEXT ( ( #7191, #8438, #4421 ) ) REPRESENTATION_CONTEXT ( 'NONE', 'WORKASPACE' ) );
#4389 = EDGE_CURVE ( 'NONE', #4690, #7080, #2161, .T. ) ;
#4390 = VECTOR ( 'NONE', #3145, 39.37007874015748143 ) ;
#4391 = PRESENTATION_LAYER_ASSIGNMENT (  '', '', ( #4839 ) ) ;
#4392 = FILL_AREA_STYLE_COLOUR ( '', #2880 ) ;
#4393 = LINE ( 'NONE', #2288, #5956 ) ;
#4394 = LINE ( 'NONE', #5165, #2175 ) ;
#4396 = EDGE_CURVE ( 'NONE', #5270, #4637, #6299, .T. ) ;
#4395 = CARTESIAN_POINT ( 'NONE',  ( -0.09575126888440078921, 0.03937007874015743120, -0.05314960629921263585 ) ) ;
#4397 = ADVANCED_FACE ( 'NONE', ( #2 ), #853, .T. ) ;
#4398 = LENGTH_MEASURE_WITH_UNIT ( LENGTH_MEASURE( 0.02539999999999999897 ), #4348 );
#4399 = VERTEX_POINT ( 'NONE', #2996 ) ;
#4400 = LINE ( 'NONE', #7130, #6288 ) ;
#4401 = AXIS2_PLACEMENT_3D ( 'NONE', #8554, #7872, #4437 ) ;
#4402 = VERTEX_POINT ( 'NONE', #5746 ) ;
#4403 =( LENGTH_UNIT ( ) NAMED_UNIT ( * ) SI_UNIT ( $, .METRE. ) );
#4404 = CARTESIAN_POINT ( 'NONE',  ( -0.1122047244094488277, 0.0000000000000000000, 0.04724409448818897572 ) ) ;
#4405 = FILL_AREA_STYLE ('',( #7271 ) ) ;
#4406 = DIRECTION ( 'NONE',  ( 0.0000000000000000000, 0.0000000000000000000, -1.000000000000000000 ) ) ;
#4407 = VECTOR ( 'NONE', #3141, 39.37007874015748143 ) ;
#4408 = SURFACE_SIDE_STYLE ('',( #7043 ) ) ;
#4409 = ADVANCED_FACE ( 'NONE', ( #2343 ), #4446, .T. ) ;
#4410 = ORIENTED_EDGE ( 'NONE', *, *, #7300, .F. ) ;
#4411 = CARTESIAN_POINT ( 'NONE',  ( -0.1200787401574803237, 0.04724409448818897572, -0.01968503937007873988 ) ) ;
#4412 = EDGE_LOOP ( 'NONE', ( #5580, #1175, #1644, #1594, #4880, #2455, #4214 ) ) ;
#4413 = AXIS2_PLACEMENT_3D ( 'NONE', #7017, #7733, #3792 ) ;
#4414 = PRESENTATION_STYLE_ASSIGNMENT (( #7801 ) ) ;
#4415 = LENGTH_MEASURE_WITH_UNIT ( LENGTH_MEASURE( 0.02539999999999999897 ), #3106 );
#4416 = SURFACE_SIDE_STYLE ('',( #3107 ) ) ;
#4417 = DIRECTION ( 'NONE',  ( 0.0000000000000000000, -1.000000000000000000, 0.0000000000000000000 ) ) ;
#4418 =( GEOMETRIC_REPRESENTATION_CONTEXT ( 3 ) GLOBAL_UNCERTAINTY_ASSIGNED_CONTEXT ( ( #4643 ) ) GLOBAL_UNIT_ASSIGNED_CONTEXT ( ( #4360, #6426, #2523 ) ) REPRESENTATION_CONTEXT ( 'NONE', 'WORKASPACE' ) );
#4419 = UNCERTAINTY_MEASURE_WITH_UNIT (LENGTH_MEASURE( 1.000000000000000082E-05 ), #5547, 'distance_accuracy_value', 'NONE');
#4420 = PLANE ( 'NONE',  #4413 ) ;
#4421 =( NAMED_UNIT ( * ) SI_UNIT ( $, .STERADIAN. ) SOLID_ANGLE_UNIT ( ) );
#4422 = PRESENTATION_STYLE_ASSIGNMENT (( #5101 ) ) ;
#4423 = STYLED_ITEM ( 'NONE', ( #2005 ), #8652 ) ;
#4424 = LINE ( 'NONE', #251, #2223 ) ;
#4425 = FILL_AREA_STYLE_COLOUR ( '', #8673 ) ;
#4426 = SURFACE_SIDE_STYLE ('',( #7062 ) ) ;
#4427 = MECHANICAL_DESIGN_GEOMETRIC_PRESENTATION_REPRESENTATION (  '', ( #1260 ), #3995 ) ;
#4428 = ORIENTED_EDGE ( 'NONE', *, *, #1539, .F. ) ;
#4429 = CYLINDRICAL_SURFACE ( 'NONE', #6123, 0.003937007874015746242 ) ;
#4430 = CARTESIAN_POINT ( 'NONE',  ( -0.08617334877031732066, 0.06827566985561278612, 0.04262883152931716546 ) ) ;
#4431 = SURFACE_SIDE_STYLE ('',( #8546 ) ) ;
#4432 = EDGE_LOOP ( 'NONE', ( #5792, #1029, #5751, #622 ) ) ;
#4433 = MECHANICAL_DESIGN_GEOMETRIC_PRESENTATION_REPRESENTATION (  '', ( #252 ), #3865 ) ;
#4434 = FILL_AREA_STYLE_COLOUR ( '', #6659 ) ;
#4435 = FILL_AREA_STYLE ('',( #8452 ) ) ;
#4436 = LENGTH_MEASURE_WITH_UNIT ( LENGTH_MEASURE( 0.02539999999999999897 ), #1681 );
#4437 = DIRECTION ( 'NONE',  ( 1.000000000000000000, 0.0000000000000000000, 0.0000000000000000000 ) ) ;
#4438 = PRESENTATION_STYLE_ASSIGNMENT (( #7919 ) ) ;
#4439 = CARTESIAN_POINT ( 'NONE',  ( -0.09575126888440081696, 0.03937007874015747977, -0.05590632889058944760 ) ) ;
#4440 = MECHANICAL_DESIGN_GEOMETRIC_PRESENTATION_REPRESENTATION (  '', ( #8301 ), #857 ) ;
#4441 = CARTESIAN_POINT ( 'NONE',  ( 0.1200787401574803237, 0.03149606299212598381, -0.01968503937007873988 ) ) ;
#4442 = EDGE_LOOP ( 'NONE', ( #7862, #6773, #4911, #5400 ) ) ;
#4443 = DIRECTION ( 'NONE',  ( 0.3236155771181850049, -0.8891264907159880382, -0.3236155771181855045 ) ) ;
#4444 = ORIENTED_EDGE ( 'NONE', *, *, #3060, .F. ) ;
#4445 = DIRECTION ( 'NONE',  ( -3.516331370223255265E-16, 0.0000000000000000000, -1.000000000000000000 ) ) ;
#4446 = PLANE ( 'NONE',  #4316 ) ;
#4447 = CARTESIAN_POINT ( 'NONE',  ( -0.04527559055118110520, 0.06299212598425196763, 0.02559055118110236532 ) ) ;
#4448 = CARTESIAN_POINT ( 'NONE',  ( 0.09945084613158955422, 0.04196055061682803233, 0.04850717439621220206 ) ) ;
#4449 = ADVANCED_FACE ( 'NONE', ( #5215 ), #1606, .F. ) ;
#4450 = CARTESIAN_POINT ( 'NONE',  ( -0.1003937007874015908, 0.03667700674546717221, 0.04575045180483543888 ) ) ;
#4451 = AXIS2_PLACEMENT_3D ( 'NONE', #5373, #2556, #1194 ) ;
#4452 = ORIENTED_EDGE ( 'NONE', *, *, #5450, .T. ) ;
#4453 = VERTEX_POINT ( 'NONE', #2010 ) ;
#4454 = CARTESIAN_POINT ( 'NONE',  ( -0.05314960629921260116, 0.2164041264863913738, -0.01771653543307086937 ) ) ;
#4455 =( LENGTH_UNIT ( ) NAMED_UNIT ( * ) SI_UNIT ( $, .METRE. ) );
#4456 = EDGE_CURVE ( 'NONE', #5918, #8458, #6683, .T. ) ;
#4457 = UNCERTAINTY_MEASURE_WITH_UNIT (LENGTH_MEASURE( 1.000000000000000082E-05 ), #8504, 'distance_accuracy_value', 'NONE');
#4458 = EDGE_CURVE ( 'NONE', #2248, #2827, #2569, .T. ) ;
#4459 = SURFACE_STYLE_USAGE ( .BOTH. , #5797 ) ;
#4460 = CARTESIAN_POINT ( 'NONE',  ( 0.1200787401574803237, 0.01574803149606299191, -0.04724409448818897572 ) ) ;
#4461 = LENGTH_MEASURE_WITH_UNIT ( LENGTH_MEASURE( 0.02539999999999999897 ), #7897 );
#4462 = FILL_AREA_STYLE_COLOUR ( '', #4255 ) ;
#4463 = SURFACE_STYLE_USAGE ( .BOTH. , #7901 ) ;
#4464 = VECTOR ( 'NONE', #5583, 39.37007874015748143 ) ;
#4465 = UNCERTAINTY_MEASURE_WITH_UNIT (LENGTH_MEASURE( 1.000000000000000082E-05 ), #4078, 'distance_accuracy_value', 'NONE');
#4466 = LENGTH_MEASURE_WITH_UNIT ( LENGTH_MEASURE( 0.02539999999999999897 ), #6011 );
#4467 = CARTESIAN_POINT ( 'NONE',  ( -0.1200787401574803237, -0.009085487128351082964, 0.01968503937007873988 ) ) ;
#4468 = VECTOR ( 'NONE', #4943, 39.37007874015748143 ) ;
#4469 = PRESENTATION_STYLE_ASSIGNMENT (( #5108 ) ) ;
#4470 = VECTOR ( 'NONE', #7830, 39.37007874015748143 ) ;
#4471 = DIMENSIONAL_EXPONENTS ( 1.000000000000000000, 0.0000000000000000000, 0.0000000000000000000, 0.0000000000000000000, 0.0000000000000000000, 0.0000000000000000000, 0.0000000000000000000 ) ;
#4472 = SURFACE_STYLE_FILL_AREA ( #1714 ) ;
#4473 = SURFACE_STYLE_USAGE ( .BOTH. , #4426 ) ;
#4474 = ORIENTED_EDGE ( 'NONE', *, *, #2134, .F. ) ;
#4475 = LINE ( 'NONE', #3715, #7552 ) ;
#4476 = CARTESIAN_POINT ( 'NONE',  ( -0.08987292601750590526, 0.06827566985561278612, 0.05314960629921260116 ) ) ;
#4477 = LINE ( 'NONE', #6448, #2844 ) ;
#4478 = CIRCLE ( 'NONE', #7189, 0.003937007874015749712 ) ;
#4479 = VERTEX_POINT ( 'NONE', #5387 ) ;
#4480 = AXIS2_PLACEMENT_3D ( 'NONE', #2759, #6220, #4153 ) ;
#4481 = FACE_OUTER_BOUND ( 'NONE', #6245, .T. ) ;
#4482 = DIRECTION ( 'NONE',  ( 0.0000000000000000000, 1.000000000000000000, 0.0000000000000000000 ) ) ;
#4483 = CARTESIAN_POINT ( 'NONE',  ( 0.1102370375520062978, 0.03149606299212598381, -0.01968503937007873988 ) ) ;
#4484 = AXIS2_PLACEMENT_3D ( 'NONE', #1577, #244, #8478 ) ;
#4485 = CARTESIAN_POINT ( 'NONE',  ( -0.09376943785469764314, 0.03454800967724326599, 0.04652534336650890334 ) ) ;
#4486 = FACE_OUTER_BOUND ( 'NONE', #8251, .T. ) ;
#4487 = ORIENTED_EDGE ( 'NONE', *, *, #3906, .T. ) ;
#4488 = ORIENTED_EDGE ( 'NONE', *, *, #3351, .T. ) ;
#4489 = FILL_AREA_STYLE_COLOUR ( '', #8548 ) ;
#4490 = DIRECTION ( 'NONE',  ( 0.0000000000000000000, 0.0000000000000000000, 1.000000000000000000 ) ) ;
#4491 = LINE ( 'NONE', #8565, #3679 ) ;
#4492 = DIRECTION ( 'NONE',  ( 0.0000000000000000000, 0.0000000000000000000, -1.000000000000000000 ) ) ;
#4493 = LENGTH_MEASURE_WITH_UNIT ( LENGTH_MEASURE( 0.02539999999999999897 ), #1841 );
#4494 = EDGE_LOOP ( 'NONE', ( #1634, #3986, #4807, #7275 ) ) ;
#4495 = SURFACE_STYLE_USAGE ( .BOTH. , #7931 ) ;
#4496 = FILL_AREA_STYLE_COLOUR ( '', #4863 ) ;
#4497 = ORIENTED_EDGE ( 'NONE', *, *, #6091, .T. ) ;
#4498 = DIRECTION ( 'NONE',  ( 0.0000000000000000000, 0.0000000000000000000, 1.000000000000000000 ) ) ;
#4499 = ORIENTED_EDGE ( 'NONE', *, *, #1580, .T. ) ;
#4500 = B_SPLINE_CURVE_WITH_KNOTS ( 'NONE', 3,
 ( #6631, #2559, #8689, #519 ),
 .UNSPECIFIED., .F., .F.,
 ( 4, 4 ),
 ( 0.0000000000000000000, 1.000000000000000000 ),
 .UNSPECIFIED. ) ;
#4501 = DIRECTION ( 'NONE',  ( 0.0000000000000000000, 0.0000000000000000000, -1.000000000000000000 ) ) ;
#4503 = ADVANCED_FACE ( 'NONE', ( #8772 ), #3919, .F. ) ;
#4502 = CIRCLE ( 'NONE', #4357, 0.005905511811023620231 ) ;
#4504 = LENGTH_MEASURE_WITH_UNIT ( LENGTH_MEASURE( 0.02539999999999999897 ), #5672 );
#4505 = DIRECTION ( 'NONE',  ( 0.0000000000000000000, 0.0000000000000000000, -1.000000000000000000 ) ) ;
#4506 =( LENGTH_UNIT ( ) NAMED_UNIT ( * ) SI_UNIT ( $, .METRE. ) );
#4507 = FACE_OUTER_BOUND ( 'NONE', #6157, .T. ) ;
#4508 = EDGE_CURVE ( 'NONE', #975, #2259, #2462, .T. ) ;
#4509 = UNCERTAINTY_MEASURE_WITH_UNIT (LENGTH_MEASURE( 1.000000000000000082E-05 ), #7191, 'distance_accuracy_value', 'NONE');
#4510 = EDGE_CURVE ( 'NONE', #281, #703, #5260, .T. ) ;
#4511 =( LENGTH_UNIT ( ) NAMED_UNIT ( * ) SI_UNIT ( $, .METRE. ) );
#4512 = VECTOR ( 'NONE', #5944, 39.37007874015748143 ) ;
#4513 = SURFACE_STYLE_USAGE ( .BOTH. , #2491 ) ;
#4514 = CARTESIAN_POINT ( 'NONE',  ( 0.1200787401574803237, 0.04724409448818897572, -0.05511811023622047168 ) ) ;
#4515 = DIRECTION ( 'NONE',  ( 0.0000000000000000000, 0.0000000000000000000, -1.000000000000000000 ) ) ;
#4516 =( NAMED_UNIT ( * ) PLANE_ANGLE_UNIT ( ) SI_UNIT ( $, .RADIAN. ) );
#4517 = FILL_AREA_STYLE ('',( #4654 ) ) ;
#4518 = ORIENTED_EDGE ( 'NONE', *, *, #7845, .F. ) ;
#4519 = DIRECTION ( 'NONE',  ( 0.0000000000000000000, 1.000000000000000000, 6.505213034913024237E-15 ) ) ;
#4520 = CARTESIAN_POINT ( 'NONE',  ( 0.1102370375520062978, -0.009085487128351082964, -0.01968503937007873988 ) ) ;
#4521 = CARTESIAN_POINT ( 'NONE',  ( 0.1102370375520064921, 0.01968503937007873988, 0.07283464566929134798 ) ) ;
#4522 = VECTOR ( 'NONE', #2273, 39.37007874015748143 ) ;
#4523 = ORIENTED_EDGE ( 'NONE', *, *, #6792, .T. ) ;
#4524 = DIRECTION ( 'NONE',  ( 0.0000000000000000000, 0.0000000000000000000, -1.000000000000000000 ) ) ;
#4525 =( LENGTH_UNIT ( ) NAMED_UNIT ( * ) SI_UNIT ( $, .METRE. ) );
#4526 =( CONVERSION_BASED_UNIT ( 'INCH', #1912 ) LENGTH_UNIT ( ) NAMED_UNIT ( #6045 ) );
#4527 = PRESENTATION_LAYER_ASSIGNMENT (  '', '', ( #3080 ) ) ;
#4528 = AXIS2_PLACEMENT_3D ( 'NONE', #5239, #508, #7909 ) ;
#4530 = LENGTH_MEASURE_WITH_UNIT ( LENGTH_MEASURE( 0.02539999999999999897 ), #5693 );
#4529 = STYLED_ITEM ( 'NONE', ( #1875 ), #6423 ) ;
#4531 = DIRECTION ( 'NONE',  ( 0.0000000000000000000, 0.0000000000000000000, -1.000000000000000000 ) ) ;
#4532 = ORIENTED_EDGE ( 'NONE', *, *, #278, .F. ) ;
#4533 = ORIENTED_EDGE ( 'NONE', *, *, #3796, .T. ) ;
#4534 = CARTESIAN_POINT ( 'NONE',  ( -0.1200787401574803237, 0.01507924023197730438, 0.01181102362204724393 ) ) ;
#4535 =( GEOMETRIC_REPRESENTATION_CONTEXT ( 3 ) GLOBAL_UNCERTAINTY_ASSIGNED_CONTEXT ( ( #8531 ) ) GLOBAL_UNIT_ASSIGNED_CONTEXT ( ( #7641, #694, #4197 ) ) REPRESENTATION_CONTEXT ( 'NONE', 'WORKASPACE' ) );
#4536 = PRESENTATION_LAYER_ASSIGNMENT (  '', '', ( #6822 ) ) ;
#4537 = PRESENTATION_LAYER_ASSIGNMENT (  '', '', ( #7537 ) ) ;
#4538 = AXIS2_PLACEMENT_3D ( 'NONE', #5461, #4024, #6080 ) ;
#4539 = CARTESIAN_POINT ( 'NONE',  ( 0.1200787401574803237, 0.03937007874015747977, -0.05511811023622047168 ) ) ;
#4540 = DIRECTION ( 'NONE',  ( 0.0000000000000000000, 0.0000000000000000000, -1.000000000000000000 ) ) ;
#4541 = DIRECTION ( 'NONE',  ( 1.000000000000000000, 0.0000000000000000000, 0.0000000000000000000 ) ) ;
#4542 =( CONVERSION_BASED_UNIT ( 'INCH', #1924 ) LENGTH_UNIT ( ) NAMED_UNIT ( #19 ) );
#4543 = VECTOR ( 'NONE', #3384, 39.37007874015748143 ) ;
#4544 = VECTOR ( 'NONE', #7989, 39.37007874015748143 ) ;
#4545 = ORIENTED_EDGE ( 'NONE', *, *, #2796, .F. ) ;
#4546 = FACE_OUTER_BOUND ( 'NONE', #2773, .T. ) ;
#4547 = CARTESIAN_POINT ( 'NONE',  ( -0.09299454629302401909, 0.03667700674546717221, 0.05314960629921260116 ) ) ;
#4548 = ORIENTED_EDGE ( 'NONE', *, *, #2700, .T. ) ;
#4549 = CARTESIAN_POINT ( 'NONE',  ( -0.1031504233787781388, 0.03937007874015747977, -0.04850717439621220206 ) ) ;
#4550 = ORIENTED_EDGE ( 'NONE', *, *, #6918, .F. ) ;
#4551 = UNCERTAINTY_MEASURE_WITH_UNIT (LENGTH_MEASURE( 1.000000000000000082E-05 ), #2446, 'distance_accuracy_value', 'NONE');
#4552 = STYLED_ITEM ( 'NONE', ( #4820 ), #2857 ) ;
#4553 = VECTOR ( 'NONE', #7116, 39.37007874015748143 ) ;
#4554 = FILL_AREA_STYLE_COLOUR ( '', #5183 ) ;
#4555 = DIRECTION ( 'NONE',  ( 0.0000000000000000000, -1.000000000000000000, 0.0000000000000000000 ) ) ;
#4556 = DIRECTION ( 'NONE',  ( 1.000000000000000000, 0.0000000000000000000, 1.084202172485503694E-16 ) ) ;
#4557 = STYLED_ITEM ( 'NONE', ( #6591 ), #2944 ) ;
#4558 = SURFACE_STYLE_FILL_AREA ( #3298 ) ;
#4559 = ADVANCED_FACE ( 'NONE', ( #443 ), #1922, .F. ) ;
#4560 = ORIENTED_EDGE ( 'NONE', *, *, #4389, .T. ) ;
#4561 = SURFACE_STYLE_FILL_AREA ( #8666 ) ;
#4562 = CARTESIAN_POINT ( 'NONE',  ( -0.1102370375520064921, 0.01872128989349133854, 0.04724409448818897572 ) ) ;
#4563 = UNCERTAINTY_MEASURE_WITH_UNIT (LENGTH_MEASURE( 1.000000000000000082E-05 ), #6801, 'distance_accuracy_value', 'NONE');
#4564 = FILL_AREA_STYLE_COLOUR ( '', #4856 ) ;
#4565 = ADVANCED_FACE ( 'NONE', ( #8359 ), #2767, .T. ) ;
#4566 = EDGE_CURVE ( 'NONE', #4059, #7840, #3551, .T. ) ;
#4567 = ADVANCED_FACE ( 'NONE', ( #3503 ), #8245, .T. ) ;
#4568 = CARTESIAN_POINT ( 'NONE',  ( -0.1200787401574803237, 0.01507924023197730438, 0.01181102362204724393 ) ) ;
#4569 = AXIS2_PLACEMENT_3D ( 'NONE', #4547, #5266, #5928 ) ;
#4570 = CYLINDRICAL_SURFACE ( 'NONE', #6618, 0.003937007874015741038 ) ;
#4571 = DIRECTION ( 'NONE',  ( 1.000000000000000000, 0.0000000000000000000, 0.0000000000000000000 ) ) ;
#4572 = ORIENTED_EDGE ( 'NONE', *, *, #7584, .T. ) ;
#4573 = EDGE_CURVE ( 'NONE', #89, #1879, #1063, .T. ) ;
#4574 = CARTESIAN_POINT ( 'NONE',  ( -0.1003937007874015908, 0.03667700674546717221, -0.04575045180483543888 ) ) ;
#4575 = FILL_AREA_STYLE ('',( #8008 ) ) ;
#4576 = VECTOR ( 'NONE', #6810, 39.37007874015748143 ) ;
#4577 = ORIENTED_EDGE ( 'NONE', *, *, #1466, .T. ) ;
#4578 = EDGE_CURVE ( 'NONE', #4762, #8283, #7160, .T. ) ;
#4579 = EDGE_CURVE ( 'NONE', #4816, #6208, #5164, .T. ) ;
#4580 = CARTESIAN_POINT ( 'NONE',  ( -0.04527559055118110520, 0.2164041264863913738, -0.02559055118110236532 ) ) ;
#4581 =( NAMED_UNIT ( * ) SI_UNIT ( $, .STERADIAN. ) SOLID_ANGLE_UNIT ( ) );
#4582 = CARTESIAN_POINT ( 'NONE',  ( -0.1031504233787781388, 0.04330708661417323468, 0.04850717439621220206 ) ) ;
#4583 = PRESENTATION_LAYER_ASSIGNMENT (  '', '', ( #4002 ) ) ;
#4584 = LINE ( 'NONE', #1831, #8177 ) ;
#4585 =( NAMED_UNIT ( * ) SI_UNIT ( $, .STERADIAN. ) SOLID_ANGLE_UNIT ( ) );
#4586 = PRESENTATION_LAYER_ASSIGNMENT (  '', '', ( #1398 ) ) ;
#4587 = ORIENTED_EDGE ( 'NONE', *, *, #4747, .T. ) ;
#4588 = ORIENTED_EDGE ( 'NONE', *, *, #8173, .F. ) ;
#4589 = DIRECTION ( 'NONE',  ( 0.0000000000000000000, -1.000000000000000000, 0.0000000000000000000 ) ) ;
#4590 = STYLED_ITEM ( 'NONE', ( #7727 ), #3747 ) ;
#4591 = SURFACE_SIDE_STYLE ('',( #6638 ) ) ;
#4592 = SURFACE_STYLE_USAGE ( .BOTH. , #3997 ) ;
#4593 = PRESENTATION_LAYER_ASSIGNMENT (  '', '', ( #3441 ) ) ;
#4594 = CARTESIAN_POINT ( 'NONE',  ( -0.1200787401574803237, 0.03149606299212598381, -0.01968503937007873988 ) ) ;
#4595 =( NAMED_UNIT ( * ) SI_UNIT ( $, .STERADIAN. ) SOLID_ANGLE_UNIT ( ) );
#4596 = ORIENTED_EDGE ( 'NONE', *, *, #5502, .F. ) ;
#4597 = PRESENTATION_STYLE_ASSIGNMENT (( #1843 ) ) ;
#4598 = SURFACE_STYLE_FILL_AREA ( #8702 ) ;
#4599 = VERTEX_POINT ( 'NONE', #7073 ) ;
#4600 = ORIENTED_EDGE ( 'NONE', *, *, #6156, .T. ) ;
#4601 = CARTESIAN_POINT ( 'NONE',  ( -0.1594488188976377896, -0.001968503937007873988, 0.01181102362204724393 ) ) ;
#4602 = PRESENTATION_STYLE_ASSIGNMENT (( #7326 ) ) ;
#4603 = SURFACE_SIDE_STYLE ('',( #1852 ) ) ;
#4604 =( GEOMETRIC_REPRESENTATION_CONTEXT ( 3 ) GLOBAL_UNCERTAINTY_ASSIGNED_CONTEXT ( ( #4749 ) ) GLOBAL_UNIT_ASSIGNED_CONTEXT ( ( #6096, #70, #2145 ) ) REPRESENTATION_CONTEXT ( 'NONE', 'WORKASPACE' ) );
#4605 = DIRECTION ( 'NONE',  ( 0.0000000000000000000, 1.000000000000000000, 0.0000000000000000000 ) ) ;
#4606 = DIRECTION ( 'NONE',  ( 0.0000000000000000000, 0.0000000000000000000, -1.000000000000000000 ) ) ;
#4607 = EDGE_LOOP ( 'NONE', ( #2902, #3047, #5785, #2481 ) ) ;
#4608 = CARTESIAN_POINT ( 'NONE',  ( 0.1102370375520062978, -0.009085487128351082964, 0.01968503937007873988 ) ) ;
#4609 = CARTESIAN_POINT ( 'NONE',  ( -0.1265117110087226326, 0.009173728420953680684, 0.01181102362204724393 ) ) ;
#4610 =( CONVERSION_BASED_UNIT ( 'INCH', #3261 ) LENGTH_UNIT ( ) NAMED_UNIT ( #1402 ) );
#4611 =( CONVERSION_BASED_UNIT ( 'INCH', #7426 ) LENGTH_UNIT ( ) NAMED_UNIT ( #8740 ) );
#4612 = ORIENTED_EDGE ( 'NONE', *, *, #8761, .T. ) ;
#4613 = PLANE ( 'NONE',  #8382 ) ;
#4614 = DIRECTION ( 'NONE',  ( 0.0000000000000000000, 2.409338161078900167E-16, -1.000000000000000000 ) ) ;
#4615 = AXIS2_PLACEMENT_3D ( 'NONE', #5134, #2476, #3827 ) ;
#4616 = EDGE_LOOP ( 'NONE', ( #5287, #1130, #5456, #6073 ) ) ;
#4617 =( LENGTH_UNIT ( ) NAMED_UNIT ( * ) SI_UNIT ( $, .METRE. ) );
#4618 = ORIENTED_EDGE ( 'NONE', *, *, #7514, .F. ) ;
#4619 = COLOUR_RGB ( '',0.7686274509803920907, 0.7686274509803920907, 0.7686274509803920907 ) ;
#4620 = PLANE ( 'NONE',  #4451 ) ;
#4621 = EDGE_CURVE ( 'NONE', #2827, #5339, #5735, .T. ) ;
#4622 = LINE ( 'NONE', #8093, #7184 ) ;
#4623 = CYLINDRICAL_SURFACE ( 'NONE', #1729, 0.007874015748031494219 ) ;
#4624 = DIRECTION ( 'NONE',  ( 1.000000000000000000, -2.168404344970995457E-15, 8.673617379884030739E-15 ) ) ;
#4625 = AXIS2_PLACEMENT_3D ( 'NONE', #626, #4555, #7279 ) ;
#4626 =( GEOMETRIC_REPRESENTATION_CONTEXT ( 3 ) GLOBAL_UNCERTAINTY_ASSIGNED_CONTEXT ( ( #3198 ) ) GLOBAL_UNIT_ASSIGNED_CONTEXT ( ( #1268, #6037, #7427 ) ) REPRESENTATION_CONTEXT ( 'NONE', 'WORKASPACE' ) );
#4627 = EDGE_CURVE ( 'NONE', #1917, #3591, #3033, .T. ) ;
#4628 = ORIENTED_EDGE ( 'NONE', *, *, #5235, .F. ) ;
#4629 = ORIENTED_EDGE ( 'NONE', *, *, #7999, .F. ) ;
#4630 =( LENGTH_UNIT ( ) NAMED_UNIT ( * ) SI_UNIT ( $, .METRE. ) );
#4631 = LINE ( 'NONE', #5974, #6020 ) ;
#4632 = COLOUR_RGB ( '',0.7921568627450980005, 0.8196078431372548767, 0.9333333333333333481 ) ;
#4633 = VECTOR ( 'NONE', #3108, 39.37007874015748143 ) ;
#4634 = CARTESIAN_POINT ( 'NONE',  ( -0.1200787401574803237, 0.01507924023197730438, -0.01181102362204724393 ) ) ;
#4635 =( CONVERSION_BASED_UNIT ( 'INCH', #6767 ) LENGTH_UNIT ( ) NAMED_UNIT ( #645 ) );
#4636 =( CONVERSION_BASED_UNIT ( 'INCH', #399 ) LENGTH_UNIT ( ) NAMED_UNIT ( #590 ) );
#4637 = VERTEX_POINT ( 'NONE', #3680 ) ;
#4638 =( NAMED_UNIT ( * ) PLANE_ANGLE_UNIT ( ) SI_UNIT ( $, .RADIAN. ) );
#4639 = FACE_OUTER_BOUND ( 'NONE', #7993, .T. ) ;
#4640 = ORIENTED_EDGE ( 'NONE', *, *, #1869, .F. ) ;
#4641 = DIMENSIONAL_EXPONENTS ( 1.000000000000000000, 0.0000000000000000000, 0.0000000000000000000, 0.0000000000000000000, 0.0000000000000000000, 0.0000000000000000000, 0.0000000000000000000 ) ;
#4642 = ORIENTED_EDGE ( 'NONE', *, *, #4842, .F. ) ;
#4643 = UNCERTAINTY_MEASURE_WITH_UNIT (LENGTH_MEASURE( 1.000000000000000082E-05 ), #4360, 'distance_accuracy_value', 'NONE');
#4644 = CARTESIAN_POINT ( 'NONE',  ( 0.07274156726638918158, 0.09232160929783445047, 0.02549747277820051811 ) ) ;
#4645 = CARTESIAN_POINT ( 'NONE',  ( -0.1431733283613561003, -0.001968503937007873988, 0.01181102362204724393 ) ) ;
#4646 = CARTESIAN_POINT ( 'NONE',  ( 0.09575126888440098349, 0.04196055061682803233, -0.05220675164340077973 ) ) ;
#4647 = LENGTH_MEASURE_WITH_UNIT ( LENGTH_MEASURE( 0.02539999999999999897 ), #1940 );
#4648 = DIRECTION ( 'NONE',  ( -1.000000000000000000, 0.0000000000000000000, 0.0000000000000000000 ) ) ;
#4649 = VERTEX_POINT ( 'NONE', #205 ) ;
#4650 = SURFACE_STYLE_FILL_AREA ( #3301 ) ;
#4651 = COLOUR_RGB ( '',0.2980392156862745057, 0.2980392156862745057, 0.2980392156862745057 ) ;
#4652 = VECTOR ( 'NONE', #1566, 39.37007874015748143 ) ;
#4653 =( NAMED_UNIT ( * ) SI_UNIT ( $, .STERADIAN. ) SOLID_ANGLE_UNIT ( ) );
#4654 = FILL_AREA_STYLE_COLOUR ( '', #5816 ) ;
#4655 = AXIS2_PLACEMENT_3D ( 'NONE', #7902, #6520, #7857 ) ;
#4656 = ADVANCED_FACE ( 'NONE', ( #926 ), #5755, .T. ) ;
#4657 = ORIENTED_EDGE ( 'NONE', *, *, #2421, .F. ) ;
#4658 = STYLED_ITEM ( 'NONE', ( #3401 ), #704 ) ;
#4659 = CARTESIAN_POINT ( 'NONE',  ( -0.1102370375520064921, 0.01968503937007873988, -0.07283464566929134798 ) ) ;
#4660 = LINE ( 'NONE', #3311, #2591 ) ;
#4661 = CARTESIAN_POINT ( 'NONE',  ( 0.1200787401574803237, 0.03937007874015747977, -0.06889763779527559306 ) ) ;
#4662 = EDGE_CURVE ( 'NONE', #1462, #8862, #1637, .T. ) ;
#4663 = DIRECTION ( 'NONE',  ( 0.0000000000000000000, -1.000000000000000000, 0.0000000000000000000 ) ) ;
#4664 = SURFACE_STYLE_USAGE ( .BOTH. , #5376 ) ;
#4665 = COLOUR_RGB ( '',1.000000000000000000, 1.000000000000000000, 1.000000000000000000 ) ;
#4666 = AXIS2_PLACEMENT_3D ( 'NONE', #1683, #6717, #5375 ) ;
#4667 = CARTESIAN_POINT ( 'NONE',  ( 0.0000000000000000000, 0.06299212598425196763, 0.03617253169075181074 ) ) ;
#4668 = ORIENTED_EDGE ( 'NONE', *, *, #8216, .T. ) ;
#4669 = EDGE_CURVE ( 'NONE', #2096, #80, #8500, .T. ) ;
#4670 = ORIENTED_EDGE ( 'NONE', *, *, #8604, .F. ) ;
#4671 = LINE ( 'NONE', #5213, #5694 ) ;
#4672 = DIRECTION ( 'NONE',  ( -2.344220913482170177E-16, 0.0000000000000000000, 1.000000000000000000 ) ) ;
#4673 = CIRCLE ( 'NONE', #5250, 0.003937007874015749712 ) ;
#4674 = AXIS2_PLACEMENT_3D ( 'NONE', #8318, #2227, #5155 ) ;
#4675 = VECTOR ( 'NONE', #2876, 39.37007874015748143 ) ;
#4676 = ADVANCED_FACE ( 'NONE', ( #1726 ), #7204, .F. ) ;
#4677 =( NAMED_UNIT ( * ) PLANE_ANGLE_UNIT ( ) SI_UNIT ( $, .RADIAN. ) );
#4678 = EDGE_CURVE ( 'NONE', #6865, #2643, #5293, .T. ) ;
#4679 = CARTESIAN_POINT ( 'NONE',  ( -0.1200787401574803237, 0.01574803149606299191, -0.04724409448818897572 ) ) ;
#4680 = LINE ( 'NONE', #8774, #1926 ) ;
#4681 = CARTESIAN_POINT ( 'NONE',  ( 0.1265117110087226326, 0.01901624810599307144, -0.01181102362204724393 ) ) ;
#4682 = DIMENSIONAL_EXPONENTS ( 1.000000000000000000, 0.0000000000000000000, 0.0000000000000000000, 0.0000000000000000000, 0.0000000000000000000, 0.0000000000000000000, 0.0000000000000000000 ) ;
#4683 =( CONVERSION_BASED_UNIT ( 'INCH', #1287 ) LENGTH_UNIT ( ) NAMED_UNIT ( #8157 ) );
#4684 = ORIENTED_EDGE ( 'NONE', *, *, #4826, .F. ) ;
#4685 = AXIS2_PLACEMENT_3D ( 'NONE', #1771, #1109, #1273 ) ;
#4686 =( GEOMETRIC_REPRESENTATION_CONTEXT ( 3 ) GLOBAL_UNCERTAINTY_ASSIGNED_CONTEXT ( ( #4089 ) ) GLOBAL_UNIT_ASSIGNED_CONTEXT ( ( #13, #6794, #5549 ) ) REPRESENTATION_CONTEXT ( 'NONE', 'WORKASPACE' ) );
#4687 = DIRECTION ( 'NONE',  ( 0.3236155771181853935, -0.8891264907159878161, -0.3236155771181853935 ) ) ;
#4688 = AXIS2_PLACEMENT_3D ( 'NONE', #7759, #7843, #1522 ) ;
#4689 = PRESENTATION_LAYER_ASSIGNMENT (  '', '', ( #8807 ) ) ;
#4690 = VERTEX_POINT ( 'NONE', #1118 ) ;
#4691 = EDGE_LOOP ( 'NONE', ( #6843, #4428, #2277, #737 ) ) ;
#4692 = SURFACE_STYLE_FILL_AREA ( #8164 ) ;
#4693 = PLANE ( 'NONE',  #7743 ) ;
#4694 = ADVANCED_FACE ( 'NONE', ( #3274 ), #8687, .F. ) ;
#4695 = CARTESIAN_POINT ( 'NONE',  ( -0.1200787401574803237, 0.01507924023197730438, -0.01181102362204724393 ) ) ;
#4696 =( GEOMETRIC_REPRESENTATION_CONTEXT ( 3 ) GLOBAL_UNCERTAINTY_ASSIGNED_CONTEXT ( ( #4969 ) ) GLOBAL_UNIT_ASSIGNED_CONTEXT ( ( #8521, #1571, #4319 ) ) REPRESENTATION_CONTEXT ( 'NONE', 'WORKASPACE' ) );
#4697 = SURFACE_STYLE_USAGE ( .BOTH. , #4603 ) ;
#4698 = STYLED_ITEM ( 'NONE', ( #8782 ), #1979 ) ;
#4699 = PRESENTATION_STYLE_ASSIGNMENT (( #2539 ) ) ;
#4700 = EDGE_LOOP ( 'NONE', ( #4196, #6340, #807, #4487, #4640, #4612, #1186 ) ) ;
#4701 = CARTESIAN_POINT ( 'NONE',  ( 0.1431733283613561003, 0.003937007874015747977, 0.01181102362204724393 ) ) ;
#4702 = VECTOR ( 'NONE', #79, 39.37007874015748143 ) ;
#4703 = STYLED_ITEM ( 'NONE', ( #4597 ), #2137 ) ;
#4704 = CARTESIAN_POINT ( 'NONE',  ( 0.1031504233787781388, 0.04330708661417323468, 0.05314960629921260116 ) ) ;
#4705 = DIMENSIONAL_EXPONENTS ( 1.000000000000000000, 0.0000000000000000000, 0.0000000000000000000, 0.0000000000000000000, 0.0000000000000000000, 0.0000000000000000000, 0.0000000000000000000 ) ;
#4706 = FILL_AREA_STYLE ('',( #5283 ) ) ;
#4707 = SURFACE_STYLE_USAGE ( .BOTH. , #8585 ) ;
#4708 = STYLED_ITEM ( 'NONE', ( #413 ), #8106 ) ;
#4709 = CARTESIAN_POINT ( 'NONE',  ( -0.1200787401574803237, 0.0000000000000000000, 0.06496062992125983815 ) ) ;
#4710 = ORIENTED_EDGE ( 'NONE', *, *, #3254, .F. ) ;
#4711 =( NAMED_UNIT ( * ) PLANE_ANGLE_UNIT ( ) SI_UNIT ( $, .RADIAN. ) );
#4712 = DIRECTION ( 'NONE',  ( -2.168404344971010347E-16, 0.0000000000000000000, -1.000000000000000000 ) ) ;
#4713 = CIRCLE ( 'NONE', #6985, 0.007874015748031494219 ) ;
#4714 = DIRECTION ( 'NONE',  ( -1.000000000000000000, 0.0000000000000000000, 0.0000000000000000000 ) ) ;
#4715 =( LENGTH_UNIT ( ) NAMED_UNIT ( * ) SI_UNIT ( $, .METRE. ) );
#4716 = DIRECTION ( 'NONE',  ( 0.0000000000000000000, 0.0000000000000000000, -1.000000000000000000 ) ) ;
#4717 = CARTESIAN_POINT ( 'NONE',  ( 0.1102370375520062978, 0.01968503937007873988, -0.07283464566929134798 ) ) ;
#4718 = PRESENTATION_LAYER_ASSIGNMENT (  '', '', ( #8563 ) ) ;
#4719 = VERTEX_POINT ( 'NONE', #1873 ) ;
#4720 = DIRECTION ( 'NONE',  ( 1.084202172485503694E-16, 0.0000000000000000000, 1.000000000000000000 ) ) ;
#4721 = ORIENTED_EDGE ( 'NONE', *, *, #3531, .T. ) ;
#4722 = SURFACE_STYLE_FILL_AREA ( #1973 ) ;
#4723 = DIRECTION ( 'NONE',  ( -2.168404344971010347E-16, 0.0000000000000000000, -1.000000000000000000 ) ) ;
#4724 = DIRECTION ( 'NONE',  ( 1.000000000000000000, 0.0000000000000000000, 0.0000000000000000000 ) ) ;
#4725 = LINE ( 'NONE', #4861, #4980 ) ;
#4726 =( LENGTH_UNIT ( ) NAMED_UNIT ( * ) SI_UNIT ( $, .METRE. ) );
#4727 = CARTESIAN_POINT ( 'NONE',  ( 0.1200787401574803237, 0.0000000000000000000, 0.04724409448818897572 ) ) ;
#4728 = FILL_AREA_STYLE ('',( #1002 ) ) ;
#4729 = FACE_OUTER_BOUND ( 'NONE', #1996, .T. ) ;
#4730 = ORIENTED_EDGE ( 'NONE', *, *, #7584, .F. ) ;
#4731 = DIRECTION ( 'NONE',  ( 1.000000000000000000, 0.0000000000000000000, 0.0000000000000000000 ) ) ;
#4732 = VERTEX_POINT ( 'NONE', #5374 ) ;
#4733 = CARTESIAN_POINT ( 'NONE',  ( 0.1265117110087226326, 0.01901624810599307144, 0.01181102362204724393 ) ) ;
#4734 = VERTEX_POINT ( 'NONE', #8725 ) ;
#4735 = UNCERTAINTY_MEASURE_WITH_UNIT (LENGTH_MEASURE( 1.000000000000000082E-05 ), #3571, 'distance_accuracy_value', 'NONE');
#4736 = SURFACE_SIDE_STYLE ('',( #4692 ) ) ;
#4737 = CARTESIAN_POINT ( 'NONE',  ( 0.2709745503680062728, 0.03937007874015747977, 0.01968503937007873988 ) ) ;
#4738 = PLANE ( 'NONE',  #2534 ) ;
#4739 = DIRECTION ( 'NONE',  ( 0.0000000000000000000, 1.000000000000000000, 0.0000000000000000000 ) ) ;
#4740 = EDGE_CURVE ( 'NONE', #2347, #1511, #4622, .T. ) ;
#4741 = CARTESIAN_POINT ( 'NONE',  ( 0.1265117110087226326, 0.009173728420953680684, 0.01181102362204724393 ) ) ;
#4742 = EDGE_CURVE ( 'NONE', #2053, #3593, #5335, .T. ) ;
#4743 = ORIENTED_EDGE ( 'NONE', *, *, #3801, .F. ) ;
#4744 = DIMENSIONAL_EXPONENTS ( 1.000000000000000000, 0.0000000000000000000, 0.0000000000000000000, 0.0000000000000000000, 0.0000000000000000000, 0.0000000000000000000, 0.0000000000000000000 ) ;
#4745 =( NAMED_UNIT ( * ) PLANE_ANGLE_UNIT ( ) SI_UNIT ( $, .RADIAN. ) );
#4746 = SURFACE_STYLE_USAGE ( .BOTH. , #6121 ) ;
#4747 = EDGE_CURVE ( 'NONE', #8710, #4140, #1911, .T. ) ;
#4748 =( CONVERSION_BASED_UNIT ( 'INCH', #1301 ) LENGTH_UNIT ( ) NAMED_UNIT ( #7035 ) );
#4749 = UNCERTAINTY_MEASURE_WITH_UNIT (LENGTH_MEASURE( 1.000000000000000082E-05 ), #6096, 'distance_accuracy_value', 'NONE');
#4750 = FILL_AREA_STYLE ('',( #4884 ) ) ;
#4751 = DIRECTION ( 'NONE',  ( -1.000000000000000000, 0.0000000000000000000, 2.168404344971012812E-15 ) ) ;
#4752 = LINE ( 'NONE', #3529, #7391 ) ;
#4753 = ORIENTED_EDGE ( 'NONE', *, *, #4826, .T. ) ;
#4754 = CARTESIAN_POINT ( 'NONE',  ( 0.1102370375520064921, 0.03543307086614173873, 0.07283464566929134798 ) ) ;
#4755 = PRESENTATION_STYLE_ASSIGNMENT (( #604 ) ) ;
#4756 = LINE ( 'NONE', #7480, #5605 ) ;
#4757 = CARTESIAN_POINT ( 'NONE',  ( -0.04527559055118110520, 0.09842519685039370636, -0.02165354330708661734 ) ) ;
#4758 = LINE ( 'NONE', #6088, #4381 ) ;
#4759 = DIMENSIONAL_EXPONENTS ( 1.000000000000000000, 0.0000000000000000000, 0.0000000000000000000, 0.0000000000000000000, 0.0000000000000000000, 0.0000000000000000000, 0.0000000000000000000 ) ;
#4760 = FILL_AREA_STYLE ('',( #7648 ) ) ;
#4761 = LENGTH_MEASURE_WITH_UNIT ( LENGTH_MEASURE( 0.02539999999999999897 ), #8809 );
#4762 = VERTEX_POINT ( 'NONE', #7435 ) ;
#4763 = DIRECTION ( 'NONE',  ( -1.000000000000000000, 0.0000000000000000000, 0.0000000000000000000 ) ) ;
#4764 = VERTEX_POINT ( 'NONE', #1279 ) ;
#4765 =( LENGTH_UNIT ( ) NAMED_UNIT ( * ) SI_UNIT ( $, .METRE. ) );
#4766 =( GEOMETRIC_REPRESENTATION_CONTEXT ( 3 ) GLOBAL_UNCERTAINTY_ASSIGNED_CONTEXT ( ( #8217 ) ) GLOBAL_UNIT_ASSIGNED_CONTEXT ( ( #5086, #5883, #397 ) ) REPRESENTATION_CONTEXT ( 'NONE', 'WORKASPACE' ) );
#4767 =( CONVERSION_BASED_UNIT ( 'INCH', #665 ) LENGTH_UNIT ( ) NAMED_UNIT ( #7634 ) );
#4768 = SURFACE_STYLE_FILL_AREA ( #5975 ) ;
#4769 = DIRECTION ( 'NONE',  ( 0.0000000000000000000, 0.0000000000000000000, -1.000000000000000000 ) ) ;
#4770 = FILL_AREA_STYLE ('',( #8155 ) ) ;
#4771 = CIRCLE ( 'NONE', #2027, 0.003937007874015741038 ) ;
#4772 = PRESENTATION_LAYER_ASSIGNMENT (  '', '', ( #6892 ) ) ;
#4773 = LINE ( 'NONE', #4904, #8393 ) ;
#4774 = ORIENTED_EDGE ( 'NONE', *, *, #2322, .F. ) ;
#4775 = VERTEX_POINT ( 'NONE', #3495 ) ;
#4776 = EDGE_LOOP ( 'NONE', ( #1056, #5421, #2051, #1071, #1264 ) ) ;
#4777 = PRESENTATION_LAYER_ASSIGNMENT (  '', '', ( #5490 ) ) ;
#4778 = MECHANICAL_DESIGN_GEOMETRIC_PRESENTATION_REPRESENTATION (  '', ( #1893 ), #2617 ) ;
#4779 = SURFACE_STYLE_FILL_AREA ( #5625 ) ;
#4780 = FILL_AREA_STYLE ('',( #4875 ) ) ;
#4781 = SURFACE_STYLE_FILL_AREA ( #133 ) ;
#4782 = DIRECTION ( 'NONE',  ( 0.0000000000000000000, 0.0000000000000000000, 1.000000000000000000 ) ) ;
#4783 = MECHANICAL_DESIGN_GEOMETRIC_PRESENTATION_REPRESENTATION (  '', ( #7488 ), #4044 ) ;
#4784 =( LENGTH_UNIT ( ) NAMED_UNIT ( * ) SI_UNIT ( $, .METRE. ) );
#4785 = ORIENTED_EDGE ( 'NONE', *, *, #4742, .F. ) ;
#4786 = CARTESIAN_POINT ( 'NONE',  ( -0.1200787401574803237, 0.04724409448818897572, 0.05511811023622047168 ) ) ;
#4787 = FILL_AREA_STYLE ('',( #6169 ) ) ;
#4788 = EDGE_CURVE ( 'NONE', #2325, #8334, #4933, .T. ) ;
#4789 = SURFACE_STYLE_USAGE ( .BOTH. , #7997 ) ;
#4790 = DIRECTION ( 'NONE',  ( 0.0000000000000000000, 0.0000000000000000000, -1.000000000000000000 ) ) ;
#4791 = EDGE_CURVE ( 'NONE', #5930, #4096, #6180, .T. ) ;
#4792 = DIRECTION ( 'NONE',  ( -2.344220913482170177E-16, 0.0000000000000000000, 1.000000000000000000 ) ) ;
#4793 = SURFACE_SIDE_STYLE ('',( #6214 ) ) ;
#4794 = UNCERTAINTY_MEASURE_WITH_UNIT (LENGTH_MEASURE( 1.000000000000000082E-05 ), #7562, 'distance_accuracy_value', 'NONE');
#4795 = VERTEX_POINT ( 'NONE', #4199 ) ;
#4796 = PLANE ( 'NONE',  #1335 ) ;
#4797 = DIMENSIONAL_EXPONENTS ( 1.000000000000000000, 0.0000000000000000000, 0.0000000000000000000, 0.0000000000000000000, 0.0000000000000000000, 0.0000000000000000000, 0.0000000000000000000 ) ;
#4798 = SURFACE_SIDE_STYLE ('',( #2044 ) ) ;
#4799 =( LENGTH_UNIT ( ) NAMED_UNIT ( * ) SI_UNIT ( $, .METRE. ) );
#4800 = COLOUR_RGB ( '',0.7686274509803920907, 0.7686274509803920907, 0.7686274509803920907 ) ;
#4801 = LINE ( 'NONE', #741, #6479 ) ;
#4802 = LINE ( 'NONE', #2136, #3083 ) ;
#4803 = DIRECTION ( 'NONE',  ( 0.0000000000000000000, -1.000000000000000000, 0.0000000000000000000 ) ) ;
#4804 = CARTESIAN_POINT ( 'NONE',  ( 0.1200787401574803237, 0.03937007874015747977, -0.01968503937007873988 ) ) ;
#4805 = ORIENTED_EDGE ( 'NONE', *, *, #4014, .T. ) ;
#4806 = AXIS2_PLACEMENT_3D ( 'NONE', #8721, #6042, #2592 ) ;
#4807 = ORIENTED_EDGE ( 'NONE', *, *, #1636, .F. ) ;
#4808 = FACE_OUTER_BOUND ( 'NONE', #6782, .T. ) ;
#4809 =( CONVERSION_BASED_UNIT ( 'INCH', #6990 ) LENGTH_UNIT ( ) NAMED_UNIT ( #2129 ) );
#4810 = CARTESIAN_POINT ( 'NONE',  ( -0.04724409448818897572, -0.06114854350730373339, 0.02854330708661417110 ) ) ;
#4812 = SURFACE_STYLE_USAGE ( .BOTH. , #6234 ) ;
#4811 = VECTOR ( 'NONE', #8196, 39.37007874015748143 ) ;
#4813 = FILL_AREA_STYLE_COLOUR ( '', #664 ) ;
#4814 = SURFACE_STYLE_FILL_AREA ( #672 ) ;
#4815 = ORIENTED_EDGE ( 'NONE', *, *, #1636, .T. ) ;
#4816 = VERTEX_POINT ( 'NONE', #6930 ) ;
#4817 = DIRECTION ( 'NONE',  ( 0.0000000000000000000, 1.000000000000000000, 0.0000000000000000000 ) ) ;
#4818 = VERTEX_POINT ( 'NONE', #7481 ) ;
#4819 = DIMENSIONAL_EXPONENTS ( 1.000000000000000000, 0.0000000000000000000, 0.0000000000000000000, 0.0000000000000000000, 0.0000000000000000000, 0.0000000000000000000, 0.0000000000000000000 ) ;
#4820 = PRESENTATION_STYLE_ASSIGNMENT (( #2203 ) ) ;
#4821 = COLOUR_RGB ( '',0.2980392156862745057, 0.2980392156862745057, 0.2980392156862745057 ) ;
#4822 = ORIENTED_EDGE ( 'NONE', *, *, #3413, .T. ) ;
#4823 = STYLED_ITEM ( 'NONE', ( #5152 ), #929 ) ;
#4824 = UNCERTAINTY_MEASURE_WITH_UNIT (LENGTH_MEASURE( 1.000000000000000082E-05 ), #608, 'distance_accuracy_value', 'NONE');
#4825 = CARTESIAN_POINT ( 'NONE',  ( -0.1003937007874015908, 0.04330708661417323468, -0.05590632889058937127 ) ) ;
#4826 = EDGE_CURVE ( 'NONE', #262, #5727, #5560, .T. ) ;
#4827 = FILL_AREA_STYLE_COLOUR ( '', #3091 ) ;
#4828 = PRESENTATION_LAYER_ASSIGNMENT (  '', '', ( #8670 ) ) ;
#4829 = MECHANICAL_DESIGN_GEOMETRIC_PRESENTATION_REPRESENTATION (  '', ( #6815 ), #7664 ) ;
#4830 = STYLED_ITEM ( 'NONE', ( #6736 ), #1259 ) ;
#4831 = CARTESIAN_POINT ( 'NONE',  ( -0.08617334877031732066, 0.07086614173228347746, 0.0000000000000000000 ) ) ;
#4832 = DIRECTION ( 'NONE',  ( 0.0000000000000000000, 0.0000000000000000000, 1.000000000000000000 ) ) ;
#4833 = VERTEX_POINT ( 'NONE', #1316 ) ;
#4834 = FACE_OUTER_BOUND ( 'NONE', #7662, .T. ) ;
#4835 =( NAMED_UNIT ( * ) PLANE_ANGLE_UNIT ( ) SI_UNIT ( $, .RADIAN. ) );
#4836 = MECHANICAL_DESIGN_GEOMETRIC_PRESENTATION_REPRESENTATION (  '', ( #5405 ), #8104 ) ;
#4838 = FILL_AREA_STYLE_COLOUR ( '', #7855 ) ;
#4837 = MECHANICAL_DESIGN_GEOMETRIC_PRESENTATION_REPRESENTATION (  '', ( #1502 ), #5814 ) ;
#4839 = STYLED_ITEM ( 'NONE', ( #3802 ), #6639 ) ;
#4840 = FACE_OUTER_BOUND ( 'NONE', #6996, .T. ) ;
#4841 =( CONVERSION_BASED_UNIT ( 'INCH', #3305 ) LENGTH_UNIT ( ) NAMED_UNIT ( #5360 ) );
#4842 = EDGE_CURVE ( 'NONE', #5432, #89, #2332, .T. ) ;
#4843 = CARTESIAN_POINT ( 'NONE',  ( -0.1200787401574803237, 0.0000000000000000000, -0.07283464566929134798 ) ) ;
#4844 = VERTEX_POINT ( 'NONE', #2135 ) ;
#4845 = MECHANICAL_DESIGN_GEOMETRIC_PRESENTATION_REPRESENTATION (  '', ( #8685 ), #7962 ) ;
#4846 = DIMENSIONAL_EXPONENTS ( 1.000000000000000000, 0.0000000000000000000, 0.0000000000000000000, 0.0000000000000000000, 0.0000000000000000000, 0.0000000000000000000, 0.0000000000000000000 ) ;
#4847 =( NAMED_UNIT ( * ) PLANE_ANGLE_UNIT ( ) SI_UNIT ( $, .RADIAN. ) );
#4848 = EDGE_CURVE ( 'NONE', #4993, #1378, #1353, .T. ) ;
#4849 =( GEOMETRIC_REPRESENTATION_CONTEXT ( 3 ) GLOBAL_UNCERTAINTY_ASSIGNED_CONTEXT ( ( #7151 ) ) GLOBAL_UNIT_ASSIGNED_CONTEXT ( ( #1366, #2814, #7614 ) ) REPRESENTATION_CONTEXT ( 'NONE', 'WORKASPACE' ) );
#4850 = CARTESIAN_POINT ( 'NONE',  ( -0.1200787401574803237, 0.01901624810599303328, 0.01181102362204724393 ) ) ;
#4851 = ADVANCED_FACE ( 'NONE', ( #6981 ), #8279, .F. ) ;
#4852 = SURFACE_STYLE_FILL_AREA ( #6089 ) ;
#4853 = DIRECTION ( 'NONE',  ( -1.000000000000000000, 0.0000000000000000000, 0.0000000000000000000 ) ) ;
#4854 = SURFACE_STYLE_USAGE ( .BOTH. , #2050 ) ;
#4855 = VERTEX_POINT ( 'NONE', #2046 ) ;
#4856 = COLOUR_RGB ( '',0.7686274509803920907, 0.7686274509803920907, 0.7686274509803920907 ) ;
#4857 = EDGE_CURVE ( 'NONE', #3690, #6615, #4801, .T. ) ;
#4858 = VERTEX_POINT ( 'NONE', #8850 ) ;
#4859 = EDGE_CURVE ( 'NONE', #272, #3187, #3539, .T. ) ;
#4860 = CYLINDRICAL_SURFACE ( 'NONE', #3000, 0.003937007874015749712 ) ;
#4861 = CARTESIAN_POINT ( 'NONE',  ( 0.09205169163721221848, 0.03926747862213775253, 0.05314960629921260116 ) ) ;
#4862 = CARTESIAN_POINT ( 'NONE',  ( -0.1200787401574803237, 0.01574803149606299191, -0.04724409448818897572 ) ) ;
#4863 = COLOUR_RGB ( '',0.7686274509803920907, 0.7686274509803920907, 0.7686274509803920907 ) ;
#4864 = DIRECTION ( 'NONE',  ( 0.0000000000000000000, 1.000000000000000000, 0.0000000000000000000 ) ) ;
#4865 = DIMENSIONAL_EXPONENTS ( 1.000000000000000000, 0.0000000000000000000, 0.0000000000000000000, 0.0000000000000000000, 0.0000000000000000000, 0.0000000000000000000, 0.0000000000000000000 ) ;
#4866 = CARTESIAN_POINT ( 'NONE',  ( -0.1431733283613561003, 0.003937007874015747977, 0.01181102362204724393 ) ) ;
#4867 = CARTESIAN_POINT ( 'NONE',  ( -0.1316260342594181287, 0.01212648432646549340, 0.01181102362204724393 ) ) ;
#4868 = VERTEX_POINT ( 'NONE', #114 ) ;
#4869 = ORIENTED_EDGE ( 'NONE', *, *, #2964, .F. ) ;
#4870 = DIRECTION ( 'NONE',  ( 0.0000000000000000000, 0.0000000000000000000, 1.000000000000000000 ) ) ;
#4871 = ORIENTED_EDGE ( 'NONE', *, *, #7181, .T. ) ;
#4872 = DIRECTION ( 'NONE',  ( 1.000000000000000000, 0.0000000000000000000, 0.0000000000000000000 ) ) ;
#4873 = COLOUR_RGB ( '',0.2980392156862745057, 0.2980392156862745057, 0.2980392156862745057 ) ;
#4874 =( CONVERSION_BASED_UNIT ( 'INCH', #1381 ) LENGTH_UNIT ( ) NAMED_UNIT ( #7515 ) );
#4875 = FILL_AREA_STYLE_COLOUR ( '', #5686 ) ;
#4876 = CARTESIAN_POINT ( 'NONE',  ( -0.1200787401574803237, 0.01968503937007873988, 0.07283464566929134798 ) ) ;
#4877 = LINE ( 'NONE', #7671, #5649 ) ;
#4878 =( GEOMETRIC_REPRESENTATION_CONTEXT ( 3 ) GLOBAL_UNCERTAINTY_ASSIGNED_CONTEXT ( ( #2294 ) ) GLOBAL_UNIT_ASSIGNED_CONTEXT ( ( #304, #7958, #4143 ) ) REPRESENTATION_CONTEXT ( 'NONE', 'WORKASPACE' ) );
#4879 = LINE ( 'NONE', #7594, #1809 ) ;
#4880 = ORIENTED_EDGE ( 'NONE', *, *, #8761, .F. ) ;
#4881 =( NAMED_UNIT ( * ) SI_UNIT ( $, .STERADIAN. ) SOLID_ANGLE_UNIT ( ) );
#4882 = DIMENSIONAL_EXPONENTS ( 1.000000000000000000, 0.0000000000000000000, 0.0000000000000000000, 0.0000000000000000000, 0.0000000000000000000, 0.0000000000000000000, 0.0000000000000000000 ) ;
#4883 = FILL_AREA_STYLE_COLOUR ( '', #937 ) ;
#4884 = FILL_AREA_STYLE_COLOUR ( '', #3189 ) ;
#4885 = FILL_AREA_STYLE ('',( #5506 ) ) ;
#4886 = CARTESIAN_POINT ( 'NONE',  ( -0.05511811023622047168, 0.06299212598425196763, -0.02066929133858268208 ) ) ;
#4887 = EDGE_LOOP ( 'NONE', ( #1196, #3427, #5380, #8493 ) ) ;
#4888 = CARTESIAN_POINT ( 'NONE',  ( 0.1350355830932151446, 0.01409498826347334657, 0.01181102362204724393 ) ) ;
#4889 = DIRECTION ( 'NONE',  ( 0.0000000000000000000, 0.0000000000000000000, -1.000000000000000000 ) ) ;
#4890 =( CONVERSION_BASED_UNIT ( 'INCH', #2806 ) LENGTH_UNIT ( ) NAMED_UNIT ( #710 ) );
#4891 = FACE_OUTER_BOUND ( 'NONE', #6297, .T. ) ;
#4892 = CIRCLE ( 'NONE', #8311, 0.001968503937007879193 ) ;
#4893 = DIRECTION ( 'NONE',  ( 0.0000000000000000000, 0.0000000000000000000, -1.000000000000000000 ) ) ;
#4894 = ORIENTED_EDGE ( 'NONE', *, *, #7050, .T. ) ;
#4895 = DIRECTION ( 'NONE',  ( 0.0000000000000000000, 0.0000000000000000000, -1.000000000000000000 ) ) ;
#4896 = ORIENTED_EDGE ( 'NONE', *, *, #3739, .T. ) ;
#4897 = LINE ( 'NONE', #6229, #2821 ) ;
#4898 = EDGE_CURVE ( 'NONE', #8283, #6951, #2847, .T. ) ;
#4899 =( GEOMETRIC_REPRESENTATION_CONTEXT ( 3 ) GLOBAL_UNCERTAINTY_ASSIGNED_CONTEXT ( ( #7238 ) ) GLOBAL_UNIT_ASSIGNED_CONTEXT ( ( #7684, #7013, #5635 ) ) REPRESENTATION_CONTEXT ( 'NONE', 'WORKASPACE' ) );
#4900 = FILL_AREA_STYLE_COLOUR ( '', #3759 ) ;
#4901 = CARTESIAN_POINT ( 'NONE',  ( 0.09801490858492173386, 0.03149606299212600463, 0.05077081409673312590 ) ) ;
#4902 = FILL_AREA_STYLE ('',( #6943 ) ) ;
#4903 = CARTESIAN_POINT ( 'NONE',  ( -0.05511811023622047168, 0.06299212598425196763, 0.02066929133858268208 ) ) ;
#4904 = CARTESIAN_POINT ( 'NONE',  ( 0.1102370375520062978, 0.03937007874015747977, -0.07283464566929134798 ) ) ;
#4905 = EDGE_CURVE ( 'NONE', #7089, #2824, #7646, .T. ) ;
#4906 = LINE ( 'NONE', #1012, #3267 ) ;
#4907 = AXIS2_PLACEMENT_3D ( 'NONE', #2516, #4724, #6640 ) ;
#4908 = ORIENTED_EDGE ( 'NONE', *, *, #2537, .F. ) ;
#4909 = ORIENTED_EDGE ( 'NONE', *, *, #1811, .T. ) ;
#4910 = DIRECTION ( 'NONE',  ( 1.000000000000000000, 0.0000000000000000000, 0.0000000000000000000 ) ) ;
#4911 = ORIENTED_EDGE ( 'NONE', *, *, #1307, .T. ) ;
#4912 = ORIENTED_EDGE ( 'NONE', *, *, #8280, .T. ) ;
#4913 = UNCERTAINTY_MEASURE_WITH_UNIT (LENGTH_MEASURE( 1.000000000000000082E-05 ), #6206, 'distance_accuracy_value', 'NONE');
#4914 = CARTESIAN_POINT ( 'NONE',  ( 0.04527559055118110520, 0.09842519685039370636, 0.02165354330708661734 ) ) ;
#4915 = PRESENTATION_LAYER_ASSIGNMENT (  '', '', ( #1172 ) ) ;
#4916 = VECTOR ( 'NONE', #8553, 39.37007874015748143 ) ;
#4917 = DIRECTION ( 'NONE',  ( 0.0000000000000000000, -1.000000000000000000, 0.0000000000000000000 ) ) ;
#4918 = CARTESIAN_POINT ( 'NONE',  ( -0.09575126888440081696, 0.03937007874015747977, -0.05590632889058937127 ) ) ;
#4919 = SURFACE_SIDE_STYLE ('',( #1608 ) ) ;
#4920 = ORIENTED_EDGE ( 'NONE', *, *, #6360, .F. ) ;
#4921 = DIMENSIONAL_EXPONENTS ( 1.000000000000000000, 0.0000000000000000000, 0.0000000000000000000, 0.0000000000000000000, 0.0000000000000000000, 0.0000000000000000000, 0.0000000000000000000 ) ;
#4922 = FILL_AREA_STYLE_COLOUR ( '', #1368 ) ;
#4923 = VECTOR ( 'NONE', #6663, 39.37007874015748143 ) ;
#4924 = SURFACE_STYLE_FILL_AREA ( #7464 ) ;
#4925 = CARTESIAN_POINT ( 'NONE',  ( -0.1031504233787781388, 0.04330708661417323468, -0.04850717439621220206 ) ) ;
#4926 = VECTOR ( 'NONE', #655, 39.37007874015748143 ) ;
#4927 = SURFACE_STYLE_USAGE ( .BOTH. , #5505 ) ;
#4928 =( LENGTH_UNIT ( ) NAMED_UNIT ( * ) SI_UNIT ( $, .METRE. ) );
#4929 =( NAMED_UNIT ( * ) SI_UNIT ( $, .STERADIAN. ) SOLID_ANGLE_UNIT ( ) );
#4930 = DIRECTION ( 'NONE',  ( 0.0000000000000000000, 1.000000000000000000, 0.0000000000000000000 ) ) ;
#4931 = VECTOR ( 'NONE', #4071, 39.37007874015748143 ) ;
#4932 = SURFACE_SIDE_STYLE ('',( #193 ) ) ;
#4933 = LINE ( 'NONE', #5513, #7478 ) ;
#4934 = SURFACE_SIDE_STYLE ('',( #2976 ) ) ;
#4935 = SURFACE_SIDE_STYLE ('',( #4852 ) ) ;
#4936 = FILL_AREA_STYLE_COLOUR ( '', #642 ) ;
#4937 = ORIENTED_EDGE ( 'NONE', *, *, #930, .F. ) ;
#4938 = ORIENTED_EDGE ( 'NONE', *, *, #8814, .T. ) ;
#4939 = PRESENTATION_STYLE_ASSIGNMENT (( #2192 ) ) ;
#4940 = DIRECTION ( 'NONE',  ( 1.000000000000000000, 0.0000000000000000000, 0.0000000000000000000 ) ) ;
#4941 = CARTESIAN_POINT ( 'NONE',  ( 0.1102370375520062978, 0.04724409448818897572, 0.01968503937007873988 ) ) ;
#4942 = SURFACE_SIDE_STYLE ('',( #4079 ) ) ;
#4943 = DIRECTION ( 'NONE',  ( 0.0000000000000000000, -1.000000000000000000, 0.0000000000000000000 ) ) ;
#4944 = CIRCLE ( 'NONE', #624, 0.007874015748031494219 ) ;
#4945 = EDGE_CURVE ( 'NONE', #1551, #6925, #8146, .T. ) ;
#4946 = PLANE ( 'NONE',  #2338 ) ;
#4947 = ORIENTED_EDGE ( 'NONE', *, *, #8497, .F. ) ;
#4948 = CARTESIAN_POINT ( 'NONE',  ( 0.1200787401574803237, 0.03149606299212598381, -0.01968503937007873988 ) ) ;
#4949 = ORIENTED_EDGE ( 'NONE', *, *, #881, .T. ) ;
#4950 = CARTESIAN_POINT ( 'NONE',  ( 0.1200787401574803237, 0.03937007874015747977, -0.07283464566929134798 ) ) ;
#4951 = ORIENTED_EDGE ( 'NONE', *, *, #1304, .F. ) ;
#4952 = EDGE_CURVE ( 'NONE', #6578, #5727, #887, .T. ) ;
#4953 = MECHANICAL_DESIGN_GEOMETRIC_PRESENTATION_REPRESENTATION (  '', ( #484 ), #7517 ) ;
#4954 = CARTESIAN_POINT ( 'NONE',  ( 0.05511811023622047168, -0.06114854350730373339, 0.02066929133858268208 ) ) ;
#4955 = CARTESIAN_POINT ( 'NONE',  ( -0.1200787401574803237, -0.003937007874015747977, -0.04724409448818897572 ) ) ;
#4956 = ADVANCED_FACE ( 'NONE', ( #5020 ), #4976, .F. ) ;
#4957 = DIRECTION ( 'NONE',  ( 1.000000000000000000, 0.0000000000000000000, 0.0000000000000000000 ) ) ;
#4958 = CARTESIAN_POINT ( 'NONE',  ( -0.09205169163721221848, 0.03926747862213775253, 0.05314960629921260116 ) ) ;
#4959 = STYLED_ITEM ( 'NONE', ( #4241 ), #822 ) ;
#4960 = VERTEX_POINT ( 'NONE', #1544 ) ;
#4961 = EDGE_CURVE ( 'NONE', #8324, #7284, #7771, .T. ) ;
#4962 = SURFACE_STYLE_FILL_AREA ( #2215 ) ;
#4963 =( GEOMETRIC_REPRESENTATION_CONTEXT ( 3 ) GLOBAL_UNCERTAINTY_ASSIGNED_CONTEXT ( ( #7805 ) ) GLOBAL_UNIT_ASSIGNED_CONTEXT ( ( #5729, #3025, #5242 ) ) REPRESENTATION_CONTEXT ( 'NONE', 'WORKASPACE' ) );
#4964 = AXIS2_PLACEMENT_3D ( 'NONE', #8595, #4624, #3948 ) ;
#4965 = MECHANICAL_DESIGN_GEOMETRIC_PRESENTATION_REPRESENTATION (  '', ( #4529 ), #1225 ) ;
#4966 = FACE_OUTER_BOUND ( 'NONE', #8597, .T. ) ;
#4967 = CARTESIAN_POINT ( 'NONE',  ( -0.1200787401574803237, 0.04724409448818897572, 0.01968503937007873988 ) ) ;
#4968 =( LENGTH_UNIT ( ) NAMED_UNIT ( * ) SI_UNIT ( $, .METRE. ) );
#4969 = UNCERTAINTY_MEASURE_WITH_UNIT (LENGTH_MEASURE( 1.000000000000000082E-05 ), #8521, 'distance_accuracy_value', 'NONE');
#4970 = CARTESIAN_POINT ( 'NONE',  ( 0.08617334877031732066, 0.07086614173228347746, 0.03892925428212862249 ) ) ;
#4971 = SURFACE_SIDE_STYLE ('',( #8316 ) ) ;
#4972 = PRESENTATION_LAYER_ASSIGNMENT (  '', '', ( #1355 ) ) ;
#4973 = COLOUR_RGB ( '',0.2980392156862745057, 0.2980392156862745057, 0.2980392156862745057 ) ;
#4974 = STYLED_ITEM ( 'NONE', ( #5976 ), #1596 ) ;
#4975 = MECHANICAL_DESIGN_GEOMETRIC_PRESENTATION_REPRESENTATION (  '', ( #5546 ), #795 ) ;
#4976 = PLANE ( 'NONE',  #5491 ) ;
#4977 = DIRECTION ( 'NONE',  ( 0.0000000000000000000, 0.0000000000000000000, 1.000000000000000000 ) ) ;
#4978 = VECTOR ( 'NONE', #2911, 39.37007874015748143 ) ;
#4979 = MECHANICAL_DESIGN_GEOMETRIC_PRESENTATION_REPRESENTATION (  '', ( #3096 ), #2542 ) ;
#4980 = VECTOR ( 'NONE', #4769, 39.37007874015748143 ) ;
#4981 = PRESENTATION_LAYER_ASSIGNMENT (  '', '', ( #6970 ) ) ;
#4982 = LINE ( 'NONE', #5065, #5251 ) ;
#4983 =( LENGTH_UNIT ( ) NAMED_UNIT ( * ) SI_UNIT ( $, .METRE. ) );
#4984 = ORIENTED_EDGE ( 'NONE', *, *, #5013, .F. ) ;
#4985 = ORIENTED_EDGE ( 'NONE', *, *, #3796, .F. ) ;
#4986 = VECTOR ( 'NONE', #1416, 39.37007874015748143 ) ;
#4987 =( NAMED_UNIT ( * ) PLANE_ANGLE_UNIT ( ) SI_UNIT ( $, .RADIAN. ) );
#4988 = CARTESIAN_POINT ( 'NONE',  ( 1.371238671125444784E-34, 0.04724409448818897572, 1.075032775284549258E-17 ) ) ;
#4989 =( CONVERSION_BASED_UNIT ( 'INCH', #8365 ) LENGTH_UNIT ( ) NAMED_UNIT ( #8549 ) );
#4990 = CARTESIAN_POINT ( 'NONE',  ( -0.1031504232676163368, 0.03937007874015747977, -0.05267764893017629763 ) ) ;
#4991 =( GEOMETRIC_REPRESENTATION_CONTEXT ( 3 ) GLOBAL_UNCERTAINTY_ASSIGNED_CONTEXT ( ( #7417 ) ) GLOBAL_UNIT_ASSIGNED_CONTEXT ( ( #1579, #367, #5149 ) ) REPRESENTATION_CONTEXT ( 'NONE', 'WORKASPACE' ) );
#4992 = ORIENTED_EDGE ( 'NONE', *, *, #3128, .T. ) ;
#4993 = VERTEX_POINT ( 'NONE', #916 ) ;
#4994 = DIMENSIONAL_EXPONENTS ( 1.000000000000000000, 0.0000000000000000000, 0.0000000000000000000, 0.0000000000000000000, 0.0000000000000000000, 0.0000000000000000000, 0.0000000000000000000 ) ;
#4995 = DIRECTION ( 'NONE',  ( -0.0000000000000000000, 1.000000000000000000, 0.0000000000000000000 ) ) ;
#4996 = EDGE_LOOP ( 'NONE', ( #3676, #1430, #7492, #8729 ) ) ;
#4997 = B_SPLINE_CURVE_WITH_KNOTS ( 'NONE', 3,
 ( #7157, #7251, #7778, #3854 ),
 .UNSPECIFIED., .F., .F.,
 ( 4, 4 ),
 ( 0.0000000000000000000, 1.000000000000000000 ),
 .UNSPECIFIED. ) ;
#4999 = DIRECTION ( 'NONE',  ( -1.000000000000000000, 0.0000000000000000000, 2.344220913482170177E-16 ) ) ;
#4998 = AXIS2_PLACEMENT_3D ( 'NONE', #715, #4817, #8824 ) ;
#5000 = CARTESIAN_POINT ( 'NONE',  ( 0.1122047244094488277, 0.0000000000000000000, -0.07283464566929134798 ) ) ;
#5001 = CARTESIAN_POINT ( 'NONE',  ( -0.1102370375520064921, 0.03937007874015747977, -0.07283464566929134798 ) ) ;
#5002 = CARTESIAN_POINT ( 'NONE',  ( 0.1122047244094488277, 0.01968503937007873988, -0.06496062992125983815 ) ) ;
#5003 = CARTESIAN_POINT ( 'NONE',  ( -0.1594488188976377896, 0.001968503937007873988, -0.01181102362204724393 ) ) ;
#5004 = ORIENTED_EDGE ( 'NONE', *, *, #5235, .T. ) ;
#5005 =( LENGTH_UNIT ( ) NAMED_UNIT ( * ) SI_UNIT ( $, .METRE. ) );
#5006 =( NAMED_UNIT ( * ) PLANE_ANGLE_UNIT ( ) SI_UNIT ( $, .RADIAN. ) );
#5007 = PRESENTATION_STYLE_ASSIGNMENT (( #860 ) ) ;
#5008 = EDGE_CURVE ( 'NONE', #2300, #7319, #2411, .T. ) ;
#5009 = DIRECTION ( 'NONE',  ( 1.000000000000000000, 0.0000000000000000000, 0.0000000000000000000 ) ) ;
#5010 = DIRECTION ( 'NONE',  ( 2.344220913482170177E-16, 0.0000000000000000000, 1.000000000000000000 ) ) ;
#5011 = PRESENTATION_LAYER_ASSIGNMENT (  '', '', ( #836 ) ) ;
#5012 = CARTESIAN_POINT ( 'NONE',  ( -0.1122047244094488277, 0.0000000000000000000, 0.06496062992125983815 ) ) ;
#5013 = EDGE_CURVE ( 'NONE', #2347, #7756, #871, .T. ) ;
#5014 = AXIS2_PLACEMENT_3D ( 'NONE', #3104, #1754, #4501 ) ;
#5015 = EDGE_CURVE ( 'NONE', #4361, #3867, #5643, .T. ) ;
#5016 = DIMENSIONAL_EXPONENTS ( 1.000000000000000000, 0.0000000000000000000, 0.0000000000000000000, 0.0000000000000000000, 0.0000000000000000000, 0.0000000000000000000, 0.0000000000000000000 ) ;
#5017 = DIRECTION ( 'NONE',  ( 0.0000000000000000000, 2.409338161078900167E-16, -1.000000000000000000 ) ) ;
#5018 = VECTOR ( 'NONE', #6298, 39.37007874015748143 ) ;
#5019 = CARTESIAN_POINT ( 'NONE',  ( -0.04724409448818897572, 0.07086614173228347746, -0.02854330708661417110 ) ) ;
#5020 = FACE_OUTER_BOUND ( 'NONE', #2394, .T. ) ;
#5021 = ORIENTED_EDGE ( 'NONE', *, *, #7226, .F. ) ;
#5022 = LENGTH_MEASURE_WITH_UNIT ( LENGTH_MEASURE( 0.02539999999999999897 ), #4983 );
#5023 =( NAMED_UNIT ( * ) SI_UNIT ( $, .STERADIAN. ) SOLID_ANGLE_UNIT ( ) );
#5024 = ORIENTED_EDGE ( 'NONE', *, *, #1919, .F. ) ;
#5025 = DIRECTION ( 'NONE',  ( -2.168404344971010347E-16, 0.0000000000000000000, -1.000000000000000000 ) ) ;
#5026 = ORIENTED_EDGE ( 'NONE', *, *, #7623, .F. ) ;
#5027 = CARTESIAN_POINT ( 'NONE',  ( 0.09380814114305804918, 0.03444167326641416754, 0.04656404665486942041 ) ) ;
#5028 = DIRECTION ( 'NONE',  ( 1.000000000000000000, 0.0000000000000000000, 1.084202172485503694E-16 ) ) ;
#5029 = CIRCLE ( 'NONE', #3449, 0.007874015748031495954 ) ;
#5030 =( NAMED_UNIT ( * ) SI_UNIT ( $, .STERADIAN. ) SOLID_ANGLE_UNIT ( ) );
#5031 = DIRECTION ( 'NONE',  ( 0.0000000000000000000, 0.0000000000000000000, -1.000000000000000000 ) ) ;
#5032 = FACE_OUTER_BOUND ( 'NONE', #717, .T. ) ;
#5033 = DIRECTION ( 'NONE',  ( 3.942553354492744517E-16, 0.0000000000000000000, 1.000000000000000000 ) ) ;
#5034 = EDGE_LOOP ( 'NONE', ( #8587, #6415, #3640, #780 ) ) ;
#5035 = EDGE_LOOP ( 'NONE', ( #7448, #67, #3147, #25, #438, #1151, #8010, #8134 ) ) ;
#5036 = SURFACE_STYLE_FILL_AREA ( #2292 ) ;
#5037 = VERTEX_POINT ( 'NONE', #3624 ) ;
#5038 = PLANE ( 'NONE',  #5419 ) ;
#5039 =( NAMED_UNIT ( * ) SI_UNIT ( $, .STERADIAN. ) SOLID_ANGLE_UNIT ( ) );
#5040 = CARTESIAN_POINT ( 'NONE',  ( -0.1102370375520064921, 0.03937007874015747977, -0.06889763779527559306 ) ) ;
#5041 = SURFACE_STYLE_FILL_AREA ( #856 ) ;
#5042 = ORIENTED_EDGE ( 'NONE', *, *, #1049, .F. ) ;
#5043 = PRESENTATION_STYLE_ASSIGNMENT (( #183 ) ) ;
#5044 = ORIENTED_EDGE ( 'NONE', *, *, #5995, .T. ) ;
#5045 = SURFACE_SIDE_STYLE ('',( #8428 ) ) ;
#5046 =( CONVERSION_BASED_UNIT ( 'INCH', #4320 ) LENGTH_UNIT ( ) NAMED_UNIT ( #4994 ) );
#5047 =( GEOMETRIC_REPRESENTATION_CONTEXT ( 3 ) GLOBAL_UNCERTAINTY_ASSIGNED_CONTEXT ( ( #4189 ) ) GLOBAL_UNIT_ASSIGNED_CONTEXT ( ( #6614, #5903, #1052 ) ) REPRESENTATION_CONTEXT ( 'NONE', 'WORKASPACE' ) );
#5048 = STYLED_ITEM ( 'NONE', ( #2730 ), #4565 ) ;
#5049 = PLANE ( 'NONE',  #1874 ) ;
#5050 = DIRECTION ( 'NONE',  ( 0.0000000000000000000, 0.0000000000000000000, -1.000000000000000000 ) ) ;
#5051 = CARTESIAN_POINT ( 'NONE',  ( 0.09205169163721239889, 0.03926747862213775253, -0.04480759714902362439 ) ) ;
#5052 =( GEOMETRIC_REPRESENTATION_CONTEXT ( 3 ) GLOBAL_UNCERTAINTY_ASSIGNED_CONTEXT ( ( #1137 ) ) GLOBAL_UNIT_ASSIGNED_CONTEXT ( ( #7229, #1704, #362 ) ) REPRESENTATION_CONTEXT ( 'NONE', 'WORKASPACE' ) );
#5053 =( GEOMETRIC_REPRESENTATION_CONTEXT ( 3 ) GLOBAL_UNCERTAINTY_ASSIGNED_CONTEXT ( ( #8669 ) ) GLOBAL_UNIT_ASSIGNED_CONTEXT ( ( #5949, #2036, #7556 ) ) REPRESENTATION_CONTEXT ( 'NONE', 'WORKASPACE' ) );
#5054 = UNCERTAINTY_MEASURE_WITH_UNIT (LENGTH_MEASURE( 1.000000000000000082E-05 ), #2207, 'distance_accuracy_value', 'NONE');
#5055 = PLANE ( 'NONE',  #3272 ) ;
#5056 = ADVANCED_FACE ( 'NONE', ( #2320 ), #2585, .T. ) ;
#5057 =( CONVERSION_BASED_UNIT ( 'INCH', #296 ) LENGTH_UNIT ( ) NAMED_UNIT ( #607 ) );
#5058 = SURFACE_SIDE_STYLE ('',( #4372 ) ) ;
#5059 = CLOSED_SHELL ( 'NONE', ( #4656, #1921, #3800, #929, #2378, #8756, #827, #8289, #5382, #5880, #4291, #3471, #7131, #6778, #6209, #1259, #656, #5664 ) ) ;
#5060 = MECHANICAL_DESIGN_GEOMETRIC_PRESENTATION_REPRESENTATION (  '', ( #6906 ), #2874 ) ;
#5061 = EDGE_CURVE ( 'NONE', #8810, #5918, #5725, .T. ) ;
#5062 = ADVANCED_FACE ( 'NONE', ( #7245 ), #4570, .T. ) ;
#5063 =( NAMED_UNIT ( * ) PLANE_ANGLE_UNIT ( ) SI_UNIT ( $, .RADIAN. ) );
#5064 = PRESENTATION_STYLE_ASSIGNMENT (( #2323 ) ) ;
#5065 = CARTESIAN_POINT ( 'NONE',  ( -0.1200787401574803237, 0.01901624810599303328, 0.01181102362204724393 ) ) ;
#5066 = VERTEX_POINT ( 'NONE', #6568 ) ;
#5067 = LINE ( 'NONE', #6488, #671 ) ;
#5068 = CARTESIAN_POINT ( 'NONE',  ( 0.09380814114305804918, 0.03444167326641416754, -0.04656404665486942041 ) ) ;
#5069 = FILL_AREA_STYLE_COLOUR ( '', #2055 ) ;
#5070 = ORIENTED_EDGE ( 'NONE', *, *, #8557, .F. ) ;
#5071 = CARTESIAN_POINT ( 'NONE',  ( -0.1200787401574803237, 0.03937007874015747977, 0.05511811023622047168 ) ) ;
#5072 = ORIENTED_EDGE ( 'NONE', *, *, #5206, .F. ) ;
#5073 = EDGE_CURVE ( 'NONE', #467, #4248, #2545, .T. ) ;
#5074 =( NAMED_UNIT ( * ) PLANE_ANGLE_UNIT ( ) SI_UNIT ( $, .RADIAN. ) );
#5075 = DIRECTION ( 'NONE',  ( 0.0000000000000000000, 0.0000000000000000000, -1.000000000000000000 ) ) ;
#5076 = SURFACE_STYLE_USAGE ( .BOTH. , #1556 ) ;
#5077 = LENGTH_MEASURE_WITH_UNIT ( LENGTH_MEASURE( 0.02539999999999999897 ), #266 );
#5078 = FILL_AREA_STYLE_COLOUR ( '', #1369 ) ;
#5079 = SURFACE_STYLE_FILL_AREA ( #2339 ) ;
#5080 = ORIENTED_EDGE ( 'NONE', *, *, #2363, .F. ) ;
#5081 = FILL_AREA_STYLE_COLOUR ( '', #111 ) ;
#5082 = AXIS2_PLACEMENT_3D ( 'NONE', #4157, #3451, #5516 ) ;
#5083 = ORIENTED_EDGE ( 'NONE', *, *, #6477, .T. ) ;
#5084 = SURFACE_SIDE_STYLE ('',( #1604 ) ) ;
#5085 = CARTESIAN_POINT ( 'NONE',  ( 0.09805920168340592769, 0.04135943069846724496, 0.05242554140090867343 ) ) ;
#5086 =( CONVERSION_BASED_UNIT ( 'INCH', #5703 ) LENGTH_UNIT ( ) NAMED_UNIT ( #748 ) );
#5087 = CARTESIAN_POINT ( 'NONE',  ( 0.04527559055118110520, 0.06299212598425196763, -0.02559055118110236532 ) ) ;
#5088 = FACE_OUTER_BOUND ( 'NONE', #1752, .T. ) ;
#5089 = ORIENTED_EDGE ( 'NONE', *, *, #4508, .T. ) ;
#5090 = DIRECTION ( 'NONE',  ( 0.0000000000000000000, -1.000000000000000000, 0.0000000000000000000 ) ) ;
#5091 = ORIENTED_EDGE ( 'NONE', *, *, #5391, .F. ) ;
#5092 = CARTESIAN_POINT ( 'NONE',  ( 0.1265117110087226326, 0.01901624810599307144, 0.01181102362204724393 ) ) ;
#5093 = SURFACE_SIDE_STYLE ('',( #6342 ) ) ;
#5094 = UNCERTAINTY_MEASURE_WITH_UNIT (LENGTH_MEASURE( 1.000000000000000082E-05 ), #2898, 'distance_accuracy_value', 'NONE');
#5095 = FACE_OUTER_BOUND ( 'NONE', #3466, .T. ) ;
#5096 = FILL_AREA_STYLE_COLOUR ( '', #6670 ) ;
#5097 = CARTESIAN_POINT ( 'NONE',  ( 0.0000000000000000000, 0.03149606299212598381, -0.06496062992125983815 ) ) ;
#5098 = FACE_OUTER_BOUND ( 'NONE', #2622, .T. ) ;
#5099 = COLOUR_RGB ( '',0.7686274509803920907, 0.7686274509803920907, 0.7686274509803920907 ) ;
#5100 = DIRECTION ( 'NONE',  ( 0.0000000000000000000, 0.0000000000000000000, 1.000000000000000000 ) ) ;
#5101 = SURFACE_STYLE_USAGE ( .BOTH. , #1709 ) ;
#5102 = UNCERTAINTY_MEASURE_WITH_UNIT (LENGTH_MEASURE( 1.000000000000000082E-05 ), #3292, 'distance_accuracy_value', 'NONE');
#5103 = MECHANICAL_DESIGN_GEOMETRIC_PRESENTATION_REPRESENTATION (  '', ( #6814 ), #2661 ) ;
#5104 =( GEOMETRIC_REPRESENTATION_CONTEXT ( 3 ) GLOBAL_UNCERTAINTY_ASSIGNED_CONTEXT ( ( #3101 ) ) GLOBAL_UNIT_ASSIGNED_CONTEXT ( ( #7261, #6758, #4585 ) ) REPRESENTATION_CONTEXT ( 'NONE', 'WORKASPACE' ) );
#5105 = VECTOR ( 'NONE', #242, 39.37007874015748143 ) ;
#5106 =( GEOMETRIC_REPRESENTATION_CONTEXT ( 3 ) GLOBAL_UNCERTAINTY_ASSIGNED_CONTEXT ( ( #775 ) ) GLOBAL_UNIT_ASSIGNED_CONTEXT ( ( #8455, #6494, #2988 ) ) REPRESENTATION_CONTEXT ( 'NONE', 'WORKASPACE' ) );
#5107 = LENGTH_MEASURE_WITH_UNIT ( LENGTH_MEASURE( 0.02539999999999999897 ), #3798 );
#5108 = SURFACE_STYLE_USAGE ( .BOTH. , #3712 ) ;
#5109 = CARTESIAN_POINT ( 'NONE',  ( -0.1031504232676163368, 0.03937007874015747977, 0.05267764893017685274 ) ) ;
#5110 = PRESENTATION_LAYER_ASSIGNMENT (  '', '', ( #3387 ) ) ;
#5111 = VERTEX_POINT ( 'NONE', #7950 ) ;
#5112 = VECTOR ( 'NONE', #6665, 39.37007874015748143 ) ;
#5113 = VECTOR ( 'NONE', #4406, 39.37007874015748143 ) ;
#5114 = AXIS2_PLACEMENT_3D ( 'NONE', #8057, #4663, #3404 ) ;
#5115 = SURFACE_STYLE_FILL_AREA ( #259 ) ;
#5116 = EDGE_LOOP ( 'NONE', ( #6443, #7504, #2081, #3783 ) ) ;
#5117 = CARTESIAN_POINT ( 'NONE',  ( 0.1122047244094488277, 0.0000000000000000000, -0.04724409448818897572 ) ) ;
#5118 = VERTEX_POINT ( 'NONE', #2627 ) ;
#5119 = LINE ( 'NONE', #2420, #569 ) ;
#5120 = MECHANICAL_DESIGN_GEOMETRIC_PRESENTATION_REPRESENTATION (  '', ( #238 ), #4696 ) ;
#5121 =( GEOMETRIC_REPRESENTATION_CONTEXT ( 3 ) GLOBAL_UNCERTAINTY_ASSIGNED_CONTEXT ( ( #2881 ) ) GLOBAL_UNIT_ASSIGNED_CONTEXT ( ( #5570, #5479, #5030 ) ) REPRESENTATION_CONTEXT ( 'NONE', 'WORKASPACE' ) );
#5122 = ADVANCED_FACE ( 'NONE', ( #8628 ), #2496, .T. ) ;
#5123 = CARTESIAN_POINT ( 'NONE',  ( -0.1003937007874015908, 0.04196055061682803233, 0.05220675164340077973 ) ) ;
#5124 = SURFACE_STYLE_FILL_AREA ( #207 ) ;
#5125 =( NAMED_UNIT ( * ) SI_UNIT ( $, .STERADIAN. ) SOLID_ANGLE_UNIT ( ) );
#5126 = EDGE_CURVE ( 'NONE', #1842, #3690, #5205, .T. ) ;
#5127 = ADVANCED_FACE ( 'NONE', ( #732 ), #2078, .F. ) ;
#5128 = ORIENTED_EDGE ( 'NONE', *, *, #8668, .F. ) ;
#5129 = STYLED_ITEM ( 'NONE', ( #3512 ), #2894 ) ;
#5130 =( GEOMETRIC_REPRESENTATION_CONTEXT ( 3 ) GLOBAL_UNCERTAINTY_ASSIGNED_CONTEXT ( ( #2659 ) ) GLOBAL_UNIT_ASSIGNED_CONTEXT ( ( #4683, #3321, #6105 ) ) REPRESENTATION_CONTEXT ( 'NONE', 'WORKASPACE' ) );
#5131 = COLOUR_RGB ( '',0.7686274509803920907, 0.7686274509803920907, 0.7686274509803920907 ) ;
#5132 = ORIENTED_EDGE ( 'NONE', *, *, #7176, .F. ) ;
#5133 = LINE ( 'NONE', #1605, #6579 ) ;
#5134 = CARTESIAN_POINT ( 'NONE',  ( 0.08617334877031732066, 0.06692913385826770867, 0.0000000000000000000 ) ) ;
#5135 = DIRECTION ( 'NONE',  ( 0.0000000000000000000, 1.000000000000000000, 4.336808689942025132E-16 ) ) ;
#5136 = COLOUR_RGB ( '',0.7686274509803920907, 0.7686274509803920907, 0.7686274509803920907 ) ;
#5137 = CARTESIAN_POINT ( 'NONE',  ( 0.1031504232676163368, 0.03937007874015747977, 0.05267764893017692907 ) ) ;
#5138 = ORIENTED_EDGE ( 'NONE', *, *, #7467, .F. ) ;
#5139 = LINE ( 'NONE', #5003, #1832 ) ;
#5140 = ORIENTED_EDGE ( 'NONE', *, *, #4067, .T. ) ;
#5141 = LINE ( 'NONE', #4454, #2245 ) ;
#5142 = CARTESIAN_POINT ( 'NONE',  ( 0.1265117110087226326, 0.009173728420953680684, 0.01181102362204724393 ) ) ;
#5143 = PRESENTATION_LAYER_ASSIGNMENT (  '', '', ( #105 ) ) ;
#5144 = DIRECTION ( 'NONE',  ( 0.0000000000000000000, 0.0000000000000000000, -1.000000000000000000 ) ) ;
#5145 = PLANE ( 'NONE',  #2754 ) ;
#5146 = LINE ( 'NONE', #7898, #5407 ) ;
#5147 =( GEOMETRIC_REPRESENTATION_CONTEXT ( 3 ) GLOBAL_UNCERTAINTY_ASSIGNED_CONTEXT ( ( #1291 ) ) GLOBAL_UNIT_ASSIGNED_CONTEXT ( ( #5487, #5442, #756 ) ) REPRESENTATION_CONTEXT ( 'NONE', 'WORKASPACE' ) );
#5148 = UNCERTAINTY_MEASURE_WITH_UNIT (LENGTH_MEASURE( 1.000000000000000082E-05 ), #3582, 'distance_accuracy_value', 'NONE');
#5149 =( NAMED_UNIT ( * ) SI_UNIT ( $, .STERADIAN. ) SOLID_ANGLE_UNIT ( ) );
#5150 = FACE_OUTER_BOUND ( 'NONE', #4158, .T. ) ;
#5151 = CARTESIAN_POINT ( 'NONE',  ( 0.1102370375520062978, -0.009085487128351082964, 0.01968503937007873988 ) ) ;
#5152 = PRESENTATION_STYLE_ASSIGNMENT (( #2410 ) ) ;
#5153 = LENGTH_MEASURE_WITH_UNIT ( LENGTH_MEASURE( 0.02539999999999999897 ), #1671 );
#5154 = DIRECTION ( 'NONE',  ( 1.000000000000000000, 0.0000000000000000000, 0.0000000000000000000 ) ) ;
#5155 = DIRECTION ( 'NONE',  ( 1.000000000000000000, 0.0000000000000000000, 0.0000000000000000000 ) ) ;
#5156 = ORIENTED_EDGE ( 'NONE', *, *, #2538, .F. ) ;
#5157 = DIRECTION ( 'NONE',  ( 0.3236155771181853935, 0.8891264907159878161, 0.3236155771181853935 ) ) ;
#5158 = DIRECTION ( 'NONE',  ( 0.0000000000000000000, -1.000000000000000000, 0.0000000000000000000 ) ) ;
#5159 = DIRECTION ( 'NONE',  ( -3.516331370223255265E-16, 0.0000000000000000000, -1.000000000000000000 ) ) ;
#5160 = ORIENTED_EDGE ( 'NONE', *, *, #5495, .T. ) ;
#5161 = SURFACE_SIDE_STYLE ('',( #8550 ) ) ;
#5163 = DIRECTION ( 'NONE',  ( 0.0000000000000000000, 1.000000000000000000, 0.0000000000000000000 ) ) ;
#5162 =( GEOMETRIC_REPRESENTATION_CONTEXT ( 3 ) GLOBAL_UNCERTAINTY_ASSIGNED_CONTEXT ( ( #4263 ) ) GLOBAL_UNIT_ASSIGNED_CONTEXT ( ( #1042, #5006, #8386 ) ) REPRESENTATION_CONTEXT ( 'NONE', 'WORKASPACE' ) );
#5164 = LINE ( 'NONE', #5827, #4329 ) ;
#5165 = CARTESIAN_POINT ( 'NONE',  ( 0.0000000000000000000, 0.03149606299212598381, 0.05590632889058937127 ) ) ;
#5166 = CARTESIAN_POINT ( 'NONE',  ( 0.1380590051106606320, 0.0009842519685039369942, 0.01181102362204724393 ) ) ;
#5167 = AXIS2_PLACEMENT_3D ( 'NONE', #2995, #396, #3692 ) ;
#5168 = ORIENTED_EDGE ( 'NONE', *, *, #2308, .F. ) ;
#5169 = CARTESIAN_POINT ( 'NONE',  ( 0.1108005213903381914, 0.01336009929153854359, 0.06355642690214921564 ) ) ;
#5170 = ADVANCED_FACE ( 'NONE', ( #2841 ), #3488, .F. ) ;
#5171 = EDGE_LOOP ( 'NONE', ( #5326, #7587, #7583, #4560, #1244, #6119, #5089 ) ) ;
#5172 = DIRECTION ( 'NONE',  ( 1.000000000000000000, 0.0000000000000000000, 0.0000000000000000000 ) ) ;
#5173 = DIRECTION ( 'NONE',  ( -1.000000000000000000, 0.0000000000000000000, 0.0000000000000000000 ) ) ;
#5174 = EDGE_CURVE ( 'NONE', #7620, #2798, #7014, .T. ) ;
#5175 = LENGTH_MEASURE_WITH_UNIT ( LENGTH_MEASURE( 0.02539999999999999897 ), #528 );
#5176 = LINE ( 'NONE', #4355, #478 ) ;
#5177 = FACE_OUTER_BOUND ( 'NONE', #393, .T. ) ;
#5178 = VECTOR ( 'NONE', #7729, 39.37007874015748143 ) ;
#5179 = ORIENTED_EDGE ( 'NONE', *, *, #1756, .F. ) ;
#5180 = ORIENTED_EDGE ( 'NONE', *, *, #597, .F. ) ;
#5181 = ORIENTED_EDGE ( 'NONE', *, *, #8432, .F. ) ;
#5182 = PLANE ( 'NONE',  #406 ) ;
#5183 = COLOUR_RGB ( '',0.7686274509803920907, 0.7686274509803920907, 0.7686274509803920907 ) ;
#5184 = CARTESIAN_POINT ( 'NONE',  ( 0.1200787401574803237, -0.009085487128351082964, 0.01968503937007873988 ) ) ;
#5185 = CARTESIAN_POINT ( 'NONE',  ( 0.1200787401574803237, 0.0000000000000000000, -0.04724409448818897572 ) ) ;
#5186 = CARTESIAN_POINT ( 'NONE',  ( -0.04527559055118110520, 0.2164041264863913738, 0.01771653543307086937 ) ) ;
#5187 =( NAMED_UNIT ( * ) SI_UNIT ( $, .STERADIAN. ) SOLID_ANGLE_UNIT ( ) );
#5188 =( CONVERSION_BASED_UNIT ( 'INCH', #8623 ) LENGTH_UNIT ( ) NAMED_UNIT ( #6898 ) );
#5189 = COLOUR_RGB ( '',0.7686274509803920907, 0.7686274509803920907, 0.7686274509803920907 ) ;
#5190 = DIMENSIONAL_EXPONENTS ( 1.000000000000000000, 0.0000000000000000000, 0.0000000000000000000, 0.0000000000000000000, 0.0000000000000000000, 0.0000000000000000000, 0.0000000000000000000 ) ;
#5191 =( CONVERSION_BASED_UNIT ( 'INCH', #2971 ) LENGTH_UNIT ( ) NAMED_UNIT ( #4705 ) );
#5192 = VECTOR ( 'NONE', #3284, 39.37007874015748143 ) ;
#5193 =( NAMED_UNIT ( * ) SI_UNIT ( $, .STERADIAN. ) SOLID_ANGLE_UNIT ( ) );
#5194 = UNCERTAINTY_MEASURE_WITH_UNIT (LENGTH_MEASURE( 1.000000000000000082E-05 ), #8706, 'distance_accuracy_value', 'NONE');
#5195 = CARTESIAN_POINT ( 'NONE',  ( -0.05511811023622047168, -0.06114854350730373339, -0.02066929133858268208 ) ) ;
#5196 = CARTESIAN_POINT ( 'NONE',  ( 0.04921259842519685318, 0.09842519685039370636, -0.01771653543307086937 ) ) ;
#5197 = PRESENTATION_STYLE_ASSIGNMENT (( #4707 ) ) ;
#5198 = CARTESIAN_POINT ( 'NONE',  ( -0.1161417322834645688, 0.0000000000000000000, -0.07283464566929134798 ) ) ;
#5199 = CARTESIAN_POINT ( 'NONE',  ( -0.1200787401574803237, 0.01507924023197730438, -0.01181102362204724393 ) ) ;
#5200 = ORIENTED_EDGE ( 'NONE', *, *, #5619, .T. ) ;
#5201 =( NAMED_UNIT ( * ) PLANE_ANGLE_UNIT ( ) SI_UNIT ( $, .RADIAN. ) );
#5202 = DIRECTION ( 'NONE',  ( 0.0000000000000000000, 0.0000000000000000000, -1.000000000000000000 ) ) ;
#5203 = SURFACE_STYLE_FILL_AREA ( #2553 ) ;
#5204 = VERTEX_POINT ( 'NONE', #8436 ) ;
#5205 = CIRCLE ( 'NONE', #744, 0.003937007874015749712 ) ;
#5206 = EDGE_CURVE ( 'NONE', #7756, #3669, #4279, .T. ) ;
#5207 =( CONVERSION_BASED_UNIT ( 'INCH', #2506 ) LENGTH_UNIT ( ) NAMED_UNIT ( #2008 ) );
#5208 = AXIS2_PLACEMENT_3D ( 'NONE', #8734, #7447, #6686 ) ;
#5209 = LENGTH_MEASURE_WITH_UNIT ( LENGTH_MEASURE( 0.02539999999999999897 ), #3218 );
#5210 = VERTEX_POINT ( 'NONE', #7146 ) ;
#5211 = PRESENTATION_STYLE_ASSIGNMENT (( #2471 ) ) ;
#5212 = VERTEX_POINT ( 'NONE', #3577 ) ;
#5213 = CARTESIAN_POINT ( 'NONE',  ( -0.09376943785469764314, 0.03454800967724326599, 0.04652534336650890334 ) ) ;
#5214 = CARTESIAN_POINT ( 'NONE',  ( -0.1003937007874015908, 0.03926747862213775253, 0.04480759714902362439 ) ) ;
#5215 = FACE_OUTER_BOUND ( 'NONE', #981, .T. ) ;
#5216 = CARTESIAN_POINT ( 'NONE',  ( 0.1102370375520064921, 0.01968503937007873988, -0.04724409448818897572 ) ) ;
#5217 = CARTESIAN_POINT ( 'NONE',  ( 0.1431733283613561003, 0.003937007874015747977, 0.01181102362204724393 ) ) ;
#5218 = EDGE_CURVE ( 'NONE', #7621, #2824, #2877, .T. ) ;
#5219 = FILL_AREA_STYLE_COLOUR ( '', #6267 ) ;
#5220 = ORIENTED_EDGE ( 'NONE', *, *, #1201, .T. ) ;
#5221 = LENGTH_MEASURE_WITH_UNIT ( LENGTH_MEASURE( 0.02539999999999999897 ), #2521 );
#5222 = ORIENTED_EDGE ( 'NONE', *, *, #5126, .F. ) ;
#5223 = CARTESIAN_POINT ( 'NONE',  ( -0.1200787401574803237, 0.01968503937007873988, -0.05118110236220473064 ) ) ;
#5224 = EDGE_CURVE ( 'NONE', #5212, #4361, #6308, .T. ) ;
#5225 = ORIENTED_EDGE ( 'NONE', *, *, #6637, .T. ) ;
#5226 = SURFACE_STYLE_FILL_AREA ( #3154 ) ;
#5227 =( NAMED_UNIT ( * ) PLANE_ANGLE_UNIT ( ) SI_UNIT ( $, .RADIAN. ) );
#5228 = EDGE_CURVE ( 'NONE', #1133, #4690, #145, .T. ) ;
#5229 = CARTESIAN_POINT ( 'NONE',  ( 0.1200787401574803237, 0.01574803149606299191, -0.05118110236220473064 ) ) ;
#5230 = UNCERTAINTY_MEASURE_WITH_UNIT (LENGTH_MEASURE( 1.000000000000000082E-05 ), #1590, 'distance_accuracy_value', 'NONE');
#5231 =( GEOMETRIC_REPRESENTATION_CONTEXT ( 3 ) GLOBAL_UNCERTAINTY_ASSIGNED_CONTEXT ( ( #6573 ) ) GLOBAL_UNIT_ASSIGNED_CONTEXT ( ( #3987, #5243, #6007 ) ) REPRESENTATION_CONTEXT ( 'NONE', 'WORKASPACE' ) );
#5232 = EDGE_CURVE ( 'NONE', #8514, #8507, #3054, .T. ) ;
#5233 = PLANE ( 'NONE',  #8095 ) ;
#5234 = PRESENTATION_STYLE_ASSIGNMENT (( #1220 ) ) ;
#5235 = EDGE_CURVE ( 'NONE', #1107, #4140, #7767, .T. ) ;
#5236 = FACE_OUTER_BOUND ( 'NONE', #8562, .T. ) ;
#5237 =( NAMED_UNIT ( * ) PLANE_ANGLE_UNIT ( ) SI_UNIT ( $, .RADIAN. ) );
#5238 = SURFACE_STYLE_USAGE ( .BOTH. , #553 ) ;
#5239 = CARTESIAN_POINT ( 'NONE',  ( -0.04527559055118110520, 0.2164041264863913738, 0.02559055118110236532 ) ) ;
#5240 = ORIENTED_EDGE ( 'NONE', *, *, #8327, .F. ) ;
#5241 = CARTESIAN_POINT ( 'NONE',  ( 0.1200787401574803237, 0.01507924023197730438, 0.01181102362204724393 ) ) ;
#5242 =( NAMED_UNIT ( * ) SI_UNIT ( $, .STERADIAN. ) SOLID_ANGLE_UNIT ( ) );
#5243 =( NAMED_UNIT ( * ) PLANE_ANGLE_UNIT ( ) SI_UNIT ( $, .RADIAN. ) );
#5244 = COLOUR_RGB ( '',0.7686274509803920907, 0.7686274509803920907, 0.7686274509803920907 ) ;
#5245 = STYLED_ITEM ( 'NONE', ( #8792 ), #931 ) ;
#5246 = ORIENTED_EDGE ( 'NONE', *, *, #943, .T. ) ;
#5247 = LINE ( 'NONE', #5822, #5947 ) ;
#5248 =( NAMED_UNIT ( * ) PLANE_ANGLE_UNIT ( ) SI_UNIT ( $, .RADIAN. ) );
#5249 = FILL_AREA_STYLE_COLOUR ( '', #8089 ) ;
#5250 = AXIS2_PLACEMENT_3D ( 'NONE', #7888, #3961, #8701 ) ;
#5251 = VECTOR ( 'NONE', #1009, 39.37007874015748143 ) ;
#5252 = VECTOR ( 'NONE', #4324, 39.37007874015748143 ) ;
#5254 = CARTESIAN_POINT ( 'NONE',  ( 0.1102370375520062978, 0.03149606299212598381, -0.01968503937007873988 ) ) ;
#5253 = AXIS2_PLACEMENT_3D ( 'NONE', #5960, #1119, #3216 ) ;
#5255 = ORIENTED_EDGE ( 'NONE', *, *, #4172, .T. ) ;
#5256 = DIRECTION ( 'NONE',  ( 0.9396926207859082059, 0.3420201433256693790, 0.0000000000000000000 ) ) ;
#5257 = ORIENTED_EDGE ( 'NONE', *, *, #4181, .F. ) ;
#5258 = AXIS2_PLACEMENT_3D ( 'NONE', #5327, #598, #3942 ) ;
#5259 = PRESENTATION_LAYER_ASSIGNMENT (  '', '', ( #8096 ) ) ;
#5260 = LINE ( 'NONE', #3872, #3611 ) ;
#5261 = PRESENTATION_LAYER_ASSIGNMENT (  '', '', ( #8392 ) ) ;
#5262 = VECTOR ( 'NONE', #7075, 39.37007874015748143 ) ;
#5263 = CARTESIAN_POINT ( 'NONE',  ( -0.1200787401574803237, 0.01574803149606299191, -0.04724409448818897572 ) ) ;
#5264 = VERTEX_POINT ( 'NONE', #1617 ) ;
#5265 = PLANE ( 'NONE',  #787 ) ;
#5266 = DIRECTION ( 'NONE',  ( -0.9396926207859080948, 0.3420201433256695456, 0.0000000000000000000 ) ) ;
#5267 = VERTEX_POINT ( 'NONE', #4326 ) ;
#5268 = DIMENSIONAL_EXPONENTS ( 1.000000000000000000, 0.0000000000000000000, 0.0000000000000000000, 0.0000000000000000000, 0.0000000000000000000, 0.0000000000000000000, 0.0000000000000000000 ) ;
#5269 =( LENGTH_UNIT ( ) NAMED_UNIT ( * ) SI_UNIT ( $, .METRE. ) );
#5270 = VERTEX_POINT ( 'NONE', #291 ) ;
#5271 = UNCERTAINTY_MEASURE_WITH_UNIT (LENGTH_MEASURE( 1.000000000000000082E-05 ), #6551, 'distance_accuracy_value', 'NONE');
#5272 = STYLED_ITEM ( 'NONE', ( #5786 ), #2899 ) ;
#5274 = PLANE ( 'NONE',  #1142 ) ;
#5273 = PRESENTATION_LAYER_ASSIGNMENT (  '', '', ( #8269 ) ) ;
#5275 = CARTESIAN_POINT ( 'NONE',  ( -0.1200787401574803237, 0.01968503937007873988, 0.06102362204724410405 ) ) ;
#5276 = SURFACE_STYLE_USAGE ( .BOTH. , #2530 ) ;
#5277 = PRESENTATION_LAYER_ASSIGNMENT (  '', '', ( #1241 ) ) ;
#5278 = MECHANICAL_DESIGN_GEOMETRIC_PRESENTATION_REPRESENTATION (  '', ( #6841 ), #8273 ) ;
#5279 = ORIENTED_EDGE ( 'NONE', *, *, #3958, .T. ) ;
#5280 = PLANE ( 'NONE',  #6830 ) ;
#5281 = DIRECTION ( 'NONE',  ( 0.0000000000000000000, 1.000000000000000000, 0.0000000000000000000 ) ) ;
#5282 = EDGE_CURVE ( 'NONE', #4719, #6826, #7905, .T. ) ;
#5283 = FILL_AREA_STYLE_COLOUR ( '', #208 ) ;
#5284 = MECHANICAL_DESIGN_GEOMETRIC_PRESENTATION_REPRESENTATION (  '', ( #5572 ), #2268 ) ;
#5285 = ADVANCED_FACE ( 'NONE', ( #4966 ), #5145, .F. ) ;
#5286 = SURFACE_STYLE_USAGE ( .BOTH. , #3118 ) ;
#5287 = ORIENTED_EDGE ( 'NONE', *, *, #140, .F. ) ;
#5288 = LENGTH_MEASURE_WITH_UNIT ( LENGTH_MEASURE( 0.02539999999999999897 ), #2717 );
#5289 = CARTESIAN_POINT ( 'NONE',  ( -0.04527559055118110520, 0.2164041264863913738, 0.02559055118110236532 ) ) ;
#5290 = SURFACE_STYLE_USAGE ( .BOTH. , #1823 ) ;
#5291 = VERTEX_POINT ( 'NONE', #3011 ) ;
#5292 = DIRECTION ( 'NONE',  ( 0.0000000000000000000, 1.000000000000000000, 0.0000000000000000000 ) ) ;
#5293 = LINE ( 'NONE', #3312, #455 ) ;
#5294 = CARTESIAN_POINT ( 'NONE',  ( -0.1200787401574803237, 0.03937007874015747977, 0.06889763779527559306 ) ) ;
#5295 = STYLED_ITEM ( 'NONE', ( #7636 ), #8851 ) ;
#5296 = FILL_AREA_STYLE_COLOUR ( '', #2318 ) ;
#5297 =( GEOMETRIC_REPRESENTATION_CONTEXT ( 3 ) GLOBAL_UNCERTAINTY_ASSIGNED_CONTEXT ( ( #6876 ) ) GLOBAL_UNIT_ASSIGNED_CONTEXT ( ( #2263, #6305, #7051 ) ) REPRESENTATION_CONTEXT ( 'NONE', 'WORKASPACE' ) );
#5298 =( NAMED_UNIT ( * ) SI_UNIT ( $, .STERADIAN. ) SOLID_ANGLE_UNIT ( ) );
#5299 = EDGE_LOOP ( 'NONE', ( #2906, #4985, #5080, #4378 ) ) ;
#5300 = CARTESIAN_POINT ( 'NONE',  ( 0.07605369873274114845, 0.09473264382929154348, -0.02880960424455236008 ) ) ;
#5301 = VERTEX_POINT ( 'NONE', #1482 ) ;
#5302 = LINE ( 'NONE', #6680, #2107 ) ;
#5303 = LINE ( 'NONE', #2474, #7595 ) ;
#5304 = CARTESIAN_POINT ( 'NONE',  ( 0.1102370375520062978, 0.04724409448818897572, 0.05511811023622047168 ) ) ;
#5305 = FILL_AREA_STYLE ('',( #3920 ) ) ;
#5306 = FILL_AREA_STYLE ('',( #8698 ) ) ;
#5307 = CARTESIAN_POINT ( 'NONE',  ( -0.09945084613158955422, 0.04196055061682803233, 0.04850717439621220206 ) ) ;
#5308 = ORIENTED_EDGE ( 'NONE', *, *, #2641, .F. ) ;
#5309 =( CONVERSION_BASED_UNIT ( 'INCH', #5984 ) LENGTH_UNIT ( ) NAMED_UNIT ( #8278 ) );
#5310 = ORIENTED_EDGE ( 'NONE', *, *, #377, .F. ) ;
#5311 = CARTESIAN_POINT ( 'NONE',  ( -0.1200787401574803237, 0.04724409448818897572, -0.05511811023622047168 ) ) ;
#5312 = CARTESIAN_POINT ( 'NONE',  ( 0.0000000000000000000, 0.0000000000000000000, -0.04724409448818897572 ) ) ;
#5313 = LENGTH_MEASURE_WITH_UNIT ( LENGTH_MEASURE( 0.02539999999999999897 ), #3933 );
#5314 = CARTESIAN_POINT ( 'NONE',  ( -0.1200787401574803237, 0.01574803149606299191, 0.04724409448818897572 ) ) ;
#5315 = CARTESIAN_POINT ( 'NONE',  ( 0.1200787401574803237, 0.01968503937007873988, 0.04724409448818897572 ) ) ;
#5316 = VECTOR ( 'NONE', #977, 39.37007874015748143 ) ;
#5317 = SURFACE_STYLE_USAGE ( .BOTH. , #3842 ) ;
#5318 = ORIENTED_EDGE ( 'NONE', *, *, #6860, .T. ) ;
#5319 = CARTESIAN_POINT ( 'NONE',  ( 0.04527559055118110520, 0.06299212598425196763, 0.01771653543307086937 ) ) ;
#5320 = FILL_AREA_STYLE_COLOUR ( '', #4119 ) ;
#5321 = DIMENSIONAL_EXPONENTS ( 1.000000000000000000, 0.0000000000000000000, 0.0000000000000000000, 0.0000000000000000000, 0.0000000000000000000, 0.0000000000000000000, 0.0000000000000000000 ) ;
#5322 = CARTESIAN_POINT ( 'NONE',  ( -0.1200787401574803237, 0.03149606299212598381, -0.01968503937007873988 ) ) ;
#5323 = EDGE_CURVE ( 'NONE', #703, #1418, #4235, .T. ) ;
#5324 = CARTESIAN_POINT ( 'NONE',  ( -0.1122047244094488277, 0.01968503937007873988, -0.07283464566929134798 ) ) ;
#5325 = STYLED_ITEM ( 'NONE', ( #8111 ), #4503 ) ;
#5326 = ORIENTED_EDGE ( 'NONE', *, *, #6238, .T. ) ;
#5327 = CARTESIAN_POINT ( 'NONE',  ( 0.04527559055118110520, 0.09448818897637795144, 0.02165354330708661734 ) ) ;
#5328 = CARTESIAN_POINT ( 'NONE',  ( 0.05511811023622047168, 0.07086614173228347746, -0.02066929133858268208 ) ) ;
#5329 = EDGE_CURVE ( 'NONE', #7319, #6427, #1897, .T. ) ;
#5330 = EDGE_CURVE ( 'NONE', #6355, #3150, #5437, .T. ) ;
#5331 = STYLED_ITEM ( 'NONE', ( #5964 ), #5664 ) ;
#5332 = PRESENTATION_LAYER_ASSIGNMENT (  '', '', ( #3475 ) ) ;
#5333 = LINE ( 'NONE', #8053, #6226 ) ;
#5334 = DIRECTION ( 'NONE',  ( -0.1039620511844979722, -0.9891328443778537594, -0.1039620511844979722 ) ) ;
#5335 = LINE ( 'NONE', #1965, #4046 ) ;
#5336 =( NAMED_UNIT ( * ) PLANE_ANGLE_UNIT ( ) SI_UNIT ( $, .RADIAN. ) );
#5337 = VECTOR ( 'NONE', #2886, 39.37007874015748143 ) ;
#5338 = SURFACE_STYLE_USAGE ( .BOTH. , #3991 ) ;
#5339 = VERTEX_POINT ( 'NONE', #6060 ) ;
#5340 =( LENGTH_UNIT ( ) NAMED_UNIT ( * ) SI_UNIT ( $, .METRE. ) );
#5341 = VERTEX_POINT ( 'NONE', #5185 ) ;
#5342 =( NAMED_UNIT ( * ) SI_UNIT ( $, .STERADIAN. ) SOLID_ANGLE_UNIT ( ) );
#5343 = EDGE_CURVE ( 'NONE', #5369, #7849, #6726, .T. ) ;
#5344 = VECTOR ( 'NONE', #3866, 39.37007874015748143 ) ;
#5345 = DIRECTION ( 'NONE',  ( 0.0000000000000000000, 1.000000000000000000, 0.0000000000000000000 ) ) ;
#5346 = DIRECTION ( 'NONE',  ( 0.0000000000000000000, 0.0000000000000000000, -1.000000000000000000 ) ) ;
#5347 = DIRECTION ( 'NONE',  ( 1.000000000000000000, 0.0000000000000000000, 0.0000000000000000000 ) ) ;
#5348 = DIRECTION ( 'NONE',  ( 0.0000000000000000000, -0.3420201433256693790, 0.9396926207859082059 ) ) ;
#5349 =( NAMED_UNIT ( * ) SI_UNIT ( $, .STERADIAN. ) SOLID_ANGLE_UNIT ( ) );
#5350 = CARTESIAN_POINT ( 'NONE',  ( 0.0000000000000000000, 0.03149606299212598381, 0.0000000000000000000 ) ) ;
#5351 = VERTEX_POINT ( 'NONE', #5390 ) ;
#5352 = FILL_AREA_STYLE ('',( #451 ) ) ;
#5353 = ORIENTED_EDGE ( 'NONE', *, *, #3915, .T. ) ;
#5354 = LENGTH_MEASURE_WITH_UNIT ( LENGTH_MEASURE( 0.02539999999999999897 ), #5269 );
#5355 = ORIENTED_EDGE ( 'NONE', *, *, #930, .T. ) ;
#5356 = CARTESIAN_POINT ( 'NONE',  ( 0.1122047244094488277, 0.01574803149606299191, -0.04724409448818897572 ) ) ;
#5357 = DIRECTION ( 'NONE',  ( 0.0000000000000000000, 0.0000000000000000000, 1.000000000000000000 ) ) ;
#5358 = PLANE ( 'NONE',  #6540 ) ;
#5359 = ORIENTED_EDGE ( 'NONE', *, *, #8110, .F. ) ;
#5360 = DIMENSIONAL_EXPONENTS ( 1.000000000000000000, 0.0000000000000000000, 0.0000000000000000000, 0.0000000000000000000, 0.0000000000000000000, 0.0000000000000000000, 0.0000000000000000000 ) ;
#5361 =( NAMED_UNIT ( * ) SI_UNIT ( $, .STERADIAN. ) SOLID_ANGLE_UNIT ( ) );
#5362 = STYLED_ITEM ( 'NONE', ( #3590 ), #202 ) ;
#5363 = UNCERTAINTY_MEASURE_WITH_UNIT (LENGTH_MEASURE( 1.000000000000000082E-05 ), #1920, 'distance_accuracy_value', 'NONE');
#5364 = SURFACE_STYLE_FILL_AREA ( #4021 ) ;
#5365 = FILL_AREA_STYLE ('',( #7290 ) ) ;
#5366 = DIRECTION ( 'NONE',  ( -1.000000000000000000, 0.0000000000000000000, 0.0000000000000000000 ) ) ;
#5367 = STYLED_ITEM ( 'NONE', ( #3921 ), #6147 ) ;
#5368 = DIRECTION ( 'NONE',  ( 0.3236155771181853935, 0.8891264907159878161, 0.3236155771181853935 ) ) ;
#5369 = VERTEX_POINT ( 'NONE', #7188 ) ;
#5370 =( NAMED_UNIT ( * ) SI_UNIT ( $, .STERADIAN. ) SOLID_ANGLE_UNIT ( ) );
#5371 = VECTOR ( 'NONE', #3989, 39.37007874015748143 ) ;
#5372 = FACE_OUTER_BOUND ( 'NONE', #5841, .T. ) ;
#5373 = CARTESIAN_POINT ( 'NONE',  ( -0.1594488188976377896, 0.001968503937007873988, 0.01181102362204724393 ) ) ;
#5374 = CARTESIAN_POINT ( 'NONE',  ( 0.1102370375520062978, 0.03937007874015747977, -0.01968503937007873988 ) ) ;
#5375 = DIRECTION ( 'NONE',  ( 1.000000000000000000, 0.0000000000000000000, 0.0000000000000000000 ) ) ;
#5376 = SURFACE_SIDE_STYLE ('',( #7394 ) ) ;
#5377 = AXIS2_PLACEMENT_3D ( 'NONE', #113, #8185, #1543 ) ;
#5378 = SURFACE_SIDE_STYLE ('',( #7967 ) ) ;
#5379 = ORIENTED_EDGE ( 'NONE', *, *, #1815, .F. ) ;
#5380 = ORIENTED_EDGE ( 'NONE', *, *, #1863, .T. ) ;
#5381 = LINE ( 'NONE', #568, #5838 ) ;
#5382 = ADVANCED_FACE ( 'NONE', ( #1092 ), #6023, .T. ) ;
#5383 = CARTESIAN_POINT ( 'NONE',  ( -0.1102370375520064921, 0.03937007874015747977, 0.07283464566929134798 ) ) ;
#5384 = PRESENTATION_LAYER_ASSIGNMENT (  '', '', ( #4703 ) ) ;
#5385 = MECHANICAL_DESIGN_GEOMETRIC_PRESENTATION_REPRESENTATION (  '', ( #5529 ), #2792 ) ;
#5386 = AXIS2_PLACEMENT_3D ( 'NONE', #4070, #8231, #648 ) ;
#5387 = CARTESIAN_POINT ( 'NONE',  ( -0.1031504233787781388, 0.03937007874015747977, 0.04850717439621220206 ) ) ;
#5388 = FACE_OUTER_BOUND ( 'NONE', #3941, .T. ) ;
#5389 = PRESENTATION_STYLE_ASSIGNMENT (( #2650 ) ) ;
#5390 = CARTESIAN_POINT ( 'NONE',  ( 0.08617334877031732066, 0.06827566985561278612, -0.04262883152931716546 ) ) ;
#5391 = EDGE_CURVE ( 'NONE', #8338, #2244, #8340, .T. ) ;
#5392 = FILL_AREA_STYLE ('',( #8777 ) ) ;
#5393 = EDGE_CURVE ( 'NONE', #566, #5776, #5637, .T. ) ;
#5394 = PRESENTATION_STYLE_ASSIGNMENT (( #712 ) ) ;
#5395 = ORIENTED_EDGE ( 'NONE', *, *, #1736, .F. ) ;
#5396 = COLOUR_RGB ( '',0.2980392156862745057, 0.2980392156862745057, 0.2980392156862745057 ) ;
#5397 = PRESENTATION_STYLE_ASSIGNMENT (( #7412 ) ) ;
#5398 =( GEOMETRIC_REPRESENTATION_CONTEXT ( 3 ) GLOBAL_UNCERTAINTY_ASSIGNED_CONTEXT ( ( #7016 ) ) GLOBAL_UNIT_ASSIGNED_CONTEXT ( ( #6829, #2069, #5493 ) ) REPRESENTATION_CONTEXT ( 'NONE', 'WORKASPACE' ) );
#5399 = VECTOR ( 'NONE', #7511, 39.37007874015748143 ) ;
#5400 = ORIENTED_EDGE ( 'NONE', *, *, #1532, .T. ) ;
#5401 = DIRECTION ( 'NONE',  ( 1.000000000000000000, 0.0000000000000000000, -3.516331370223255265E-16 ) ) ;
#5402 = LENGTH_MEASURE_WITH_UNIT ( LENGTH_MEASURE( 0.02539999999999999897 ), #8831 );
#5403 =( LENGTH_UNIT ( ) NAMED_UNIT ( * ) SI_UNIT ( $, .METRE. ) );
#5404 = FILL_AREA_STYLE_COLOUR ( '', #4380 ) ;
#5405 = STYLED_ITEM ( 'NONE', ( #2582 ), #2589 ) ;
#5406 = COLOUR_RGB ( '',0.7686274509803920907, 0.7686274509803920907, 0.7686274509803920907 ) ;
#5407 = VECTOR ( 'NONE', #8530, 39.37007874015748143 ) ;
#5408 = ORIENTED_EDGE ( 'NONE', *, *, #5224, .F. ) ;
#5409 = DIRECTION ( 'NONE',  ( 0.0000000000000000000, 1.000000000000000000, 0.0000000000000000000 ) ) ;
#5410 = CYLINDRICAL_SURFACE ( 'NONE', #1666, 0.009842519685039378616 ) ;
#5411 = EDGE_LOOP ( 'NONE', ( #7935, #8172, #5222, #6821, #3876 ) ) ;
#5412 = FACE_OUTER_BOUND ( 'NONE', #6825, .T. ) ;
#5413 = CARTESIAN_POINT ( 'NONE',  ( -0.09708156932104941572, 0.03830558020604555441, -0.05353705208004937155 ) ) ;
#5414 = VECTOR ( 'NONE', #490, 39.37007874015748143 ) ;
#5415 = AXIS2_PLACEMENT_3D ( 'NONE', #3672, #4893, #4853 ) ;
#5416 = FILL_AREA_STYLE_COLOUR ( '', #7273 ) ;
#5417 =( CONVERSION_BASED_UNIT ( 'INCH', #8000 ) LENGTH_UNIT ( ) NAMED_UNIT ( #2048 ) );
#5418 = CARTESIAN_POINT ( 'NONE',  ( 0.1031504233787781388, 0.04330708661417323468, 0.05314960629921260116 ) ) ;
#5419 = AXIS2_PLACEMENT_3D ( 'NONE', #4534, #3823, #1836 ) ;
#5420 = CARTESIAN_POINT ( 'NONE',  ( 0.0000000000000000000, 0.03937007874015747977, -0.05590632889058937127 ) ) ;
#5421 = ORIENTED_EDGE ( 'NONE', *, *, #7293, .T. ) ;
#5422 = SURFACE_STYLE_FILL_AREA ( #8798 ) ;
#5423 = LENGTH_MEASURE_WITH_UNIT ( LENGTH_MEASURE( 0.02539999999999999897 ), #2679 );
#5424 = COLOUR_RGB ( '',0.2980392156862745057, 0.2980392156862745057, 0.2980392156862745057 ) ;
#5425 = DIMENSIONAL_EXPONENTS ( 1.000000000000000000, 0.0000000000000000000, 0.0000000000000000000, 0.0000000000000000000, 0.0000000000000000000, 0.0000000000000000000, 0.0000000000000000000 ) ;
#5426 = DIRECTION ( 'NONE',  ( 1.000000000000000000, 0.0000000000000000000, 0.0000000000000000000 ) ) ;
#5427 = LINE ( 'NONE', #1575, #5178 ) ;
#5428 = CARTESIAN_POINT ( 'NONE',  ( -0.1414685539444577034, 0.002952755905511810983, 0.01181102362204724393 ) ) ;
#5429 = DIRECTION ( 'NONE',  ( 0.0000000000000000000, -1.000000000000000000, 0.0000000000000000000 ) ) ;
#5430 = ORIENTED_EDGE ( 'NONE', *, *, #331, .T. ) ;
#5431 = DIRECTION ( 'NONE',  ( 0.0000000000000000000, 0.0000000000000000000, -1.000000000000000000 ) ) ;
#5432 = VERTEX_POINT ( 'NONE', #4681 ) ;
#5433 =( NAMED_UNIT ( * ) SI_UNIT ( $, .STERADIAN. ) SOLID_ANGLE_UNIT ( ) );
#5434 =( LENGTH_UNIT ( ) NAMED_UNIT ( * ) SI_UNIT ( $, .METRE. ) );
#5435 = CARTESIAN_POINT ( 'NONE',  ( 0.09205169163721221848, 0.03926747862213775253, 0.04480759714902362439 ) ) ;
#5436 = CARTESIAN_POINT ( 'NONE',  ( 0.1200787401574803237, 0.01901624810599303328, -0.01181102362204724393 ) ) ;
#5437 = LINE ( 'NONE', #3789, #8473 ) ;
#5438 = SURFACE_SIDE_STYLE ('',( #8479 ) ) ;
#5439 = AXIS2_PLACEMENT_3D ( 'NONE', #2399, #6513, #360 ) ;
#5440 = EDGE_CURVE ( 'NONE', #1281, #1297, #1976, .T. ) ;
#5441 = ORIENTED_EDGE ( 'NONE', *, *, #3967, .T. ) ;
#5442 =( NAMED_UNIT ( * ) PLANE_ANGLE_UNIT ( ) SI_UNIT ( $, .RADIAN. ) );
#5443 = EDGE_CURVE ( 'NONE', #1518, #6500, #6768, .T. ) ;
#5444 = ORIENTED_EDGE ( 'NONE', *, *, #7077, .F. ) ;
#5445 = FILL_AREA_STYLE ('',( #2155 ) ) ;
#5446 = ORIENTED_EDGE ( 'NONE', *, *, #7995, .F. ) ;
#5447 = ADVANCED_FACE ( 'NONE', ( #617 ), #8817, .F. ) ;
#5448 = CIRCLE ( 'NONE', #8149, 0.003937007874015749712 ) ;
#5449 = UNCERTAINTY_MEASURE_WITH_UNIT (LENGTH_MEASURE( 1.000000000000000082E-05 ), #3125, 'distance_accuracy_value', 'NONE');
#5450 = EDGE_CURVE ( 'NONE', #6083, #8275, #7530, .T. ) ;
#5451 = CARTESIAN_POINT ( 'NONE',  ( 0.1122047244094488277, 0.0000000000000000000, -0.06496062992125983815 ) ) ;
#5452 = FACE_OUTER_BOUND ( 'NONE', #3369, .T. ) ;
#5453 = LINE ( 'NONE', #5937, #454 ) ;
#5454 = DIRECTION ( 'NONE',  ( 0.0000000000000000000, 0.0000000000000000000, -1.000000000000000000 ) ) ;
#5455 = DIRECTION ( 'NONE',  ( -1.000000000000000000, 0.0000000000000000000, 0.0000000000000000000 ) ) ;
#5456 = ORIENTED_EDGE ( 'NONE', *, *, #3753, .T. ) ;
#5457 =( NAMED_UNIT ( * ) SI_UNIT ( $, .STERADIAN. ) SOLID_ANGLE_UNIT ( ) );
#5458 = UNCERTAINTY_MEASURE_WITH_UNIT (LENGTH_MEASURE( 1.000000000000000082E-05 ), #2647, 'distance_accuracy_value', 'NONE');
#5459 = VECTOR ( 'NONE', #8499, 39.37007874015748143 ) ;
#5460 =( NAMED_UNIT ( * ) PLANE_ANGLE_UNIT ( ) SI_UNIT ( $, .RADIAN. ) );
#5461 = CARTESIAN_POINT ( 'NONE',  ( -0.1350355830932151446, 0.01409498826347334657, 0.01181102362204724393 ) ) ;
#5462 = CARTESIAN_POINT ( 'NONE',  ( -0.04724409448818897572, 0.06299212598425196763, -0.02854330708661417110 ) ) ;
#5463 = ORIENTED_EDGE ( 'NONE', *, *, #1928, .T. ) ;
#5464 =( CONVERSION_BASED_UNIT ( 'INCH', #5288 ) LENGTH_UNIT ( ) NAMED_UNIT ( #3314 ) );
#5465 = AXIS2_PLACEMENT_3D ( 'NONE', #5275, #6828, #8075 ) ;
#5466 = SURFACE_SIDE_STYLE ('',( #2883 ) ) ;
#5467 = SURFACE_SIDE_STYLE ('',( #5603 ) ) ;
#5468 = PRESENTATION_LAYER_ASSIGNMENT (  '', '', ( #3893 ) ) ;
#5469 = CARTESIAN_POINT ( 'NONE',  ( 0.1200787401574803237, 0.01968503937007873988, 0.06889763779527559306 ) ) ;
#5470 = DIRECTION ( 'NONE',  ( 0.0000000000000000000, -1.000000000000000000, 0.0000000000000000000 ) ) ;
#5471 =( CONVERSION_BASED_UNIT ( 'INCH', #2723 ) LENGTH_UNIT ( ) NAMED_UNIT ( #8627 ) );
#5472 = PLANE ( 'NONE',  #2634 ) ;
#5473 = ORIENTED_EDGE ( 'NONE', *, *, #4181, .T. ) ;
#5474 = MECHANICAL_DESIGN_GEOMETRIC_PRESENTATION_REPRESENTATION (  '', ( #8039 ), #6889 ) ;
#5475 = ORIENTED_EDGE ( 'NONE', *, *, #6041, .T. ) ;
#5476 = SURFACE_STYLE_USAGE ( .BOTH. , #4123 ) ;
#5477 = MECHANICAL_DESIGN_GEOMETRIC_PRESENTATION_REPRESENTATION (  '', ( #3475 ), #591 ) ;
#5478 = SURFACE_STYLE_USAGE ( .BOTH. , #1371 ) ;
#5479 =( NAMED_UNIT ( * ) PLANE_ANGLE_UNIT ( ) SI_UNIT ( $, .RADIAN. ) );
#5480 = SURFACE_STYLE_FILL_AREA ( #7031 ) ;
#5481 = DIMENSIONAL_EXPONENTS ( 1.000000000000000000, 0.0000000000000000000, 0.0000000000000000000, 0.0000000000000000000, 0.0000000000000000000, 0.0000000000000000000, 0.0000000000000000000 ) ;
#5482 = MECHANICAL_DESIGN_GEOMETRIC_PRESENTATION_REPRESENTATION (  '', ( #7041 ), #2177 ) ;
#5483 = CYLINDRICAL_SURFACE ( 'NONE', #1784, 0.003937007874015749712 ) ;
#5484 = ORIENTED_EDGE ( 'NONE', *, *, #4952, .T. ) ;
#5485 = EDGE_LOOP ( 'NONE', ( #8300, #4262, #7310, #948 ) ) ;
#5486 = EDGE_LOOP ( 'NONE', ( #2716, #8857, #453, #6902, #7486, #5024, #2443 ) ) ;
#5487 =( CONVERSION_BASED_UNIT ( 'INCH', #2694 ) LENGTH_UNIT ( ) NAMED_UNIT ( #7597 ) );
#5488 = ORIENTED_EDGE ( 'NONE', *, *, #1630, .F. ) ;
#5489 = ORIENTED_EDGE ( 'NONE', *, *, #8717, .F. ) ;
#5490 = STYLED_ITEM ( 'NONE', ( #212 ), #46 ) ;
#5491 = AXIS2_PLACEMENT_3D ( 'NONE', #7697, #154, #1587 ) ;
#5492 = ADVANCED_FACE ( 'NONE', ( #1455 ), #5523, .F. ) ;
#5493 =( NAMED_UNIT ( * ) SI_UNIT ( $, .STERADIAN. ) SOLID_ANGLE_UNIT ( ) );
#5494 = DIRECTION ( 'NONE',  ( 0.0000000000000000000, 1.000000000000000000, 0.0000000000000000000 ) ) ;
#5495 = EDGE_CURVE ( 'NONE', #7450, #7603, #3637, .T. ) ;
#5496 = CARTESIAN_POINT ( 'NONE',  ( 0.1102370375520064921, 0.01872128989349082853, 0.04724409448818897572 ) ) ;
#5497 = EDGE_CURVE ( 'NONE', #4453, #8159, #1558, .T. ) ;
#5498 = ORIENTED_EDGE ( 'NONE', *, *, #7050, .F. ) ;
#5499 = PLANE ( 'NONE',  #1954 ) ;
#5500 = SURFACE_SIDE_STYLE ('',( #4924 ) ) ;
#5501 = CARTESIAN_POINT ( 'NONE',  ( -0.1200787401574803237, 0.01574803149606299191, -0.05118110236220473064 ) ) ;
#5502 = EDGE_CURVE ( 'NONE', #4960, #5291, #2105, .T. ) ;
#5503 = DIMENSIONAL_EXPONENTS ( 1.000000000000000000, 0.0000000000000000000, 0.0000000000000000000, 0.0000000000000000000, 0.0000000000000000000, 0.0000000000000000000, 0.0000000000000000000 ) ;
#5504 =( NAMED_UNIT ( * ) SI_UNIT ( $, .STERADIAN. ) SOLID_ANGLE_UNIT ( ) );
#5505 = SURFACE_SIDE_STYLE ('',( #2125 ) ) ;
#5506 = FILL_AREA_STYLE_COLOUR ( '', #3092 ) ;
#5507 = EDGE_CURVE ( 'NONE', #7254, #2235, #7658, .T. ) ;
#5508 = ADVANCED_FACE ( 'NONE', ( #3597 ), #6326, .T. ) ;
#5509 = ORIENTED_EDGE ( 'NONE', *, *, #3626, .F. ) ;
#5510 = COLOUR_RGB ( '',0.2980392156862745057, 0.2980392156862745057, 0.2980392156862745057 ) ;
#5511 = FILL_AREA_STYLE ('',( #8317 ) ) ;
#5512 = AXIS2_PLACEMENT_3D ( 'NONE', #557, #1959, #7431 ) ;
#5513 = CARTESIAN_POINT ( 'NONE',  ( -0.1200787401574803237, 0.03543307086614173873, 0.07283464566929134798 ) ) ;
#5514 = CARTESIAN_POINT ( 'NONE',  ( 0.1200787401574803237, -0.009085487128351082964, -0.01968503937007873988 ) ) ;
#5515 =( NAMED_UNIT ( * ) SI_UNIT ( $, .STERADIAN. ) SOLID_ANGLE_UNIT ( ) );
#5516 = DIRECTION ( 'NONE',  ( 1.000000000000000000, 0.0000000000000000000, 0.0000000000000000000 ) ) ;
#5517 = EDGE_LOOP ( 'NONE', ( #4815, #1510, #6176, #2945 ) ) ;
#5518 = CARTESIAN_POINT ( 'NONE',  ( 0.2709745503680062728, 0.01968503937007873988, -0.07283464566929134798 ) ) ;
#5519 = EDGE_LOOP ( 'NONE', ( #2470, #7754, #7000, #5395 ) ) ;
#5520 = CARTESIAN_POINT ( 'NONE',  ( -0.1200787401574803237, 0.03149606299212598381, -0.01968503937007873988 ) ) ;
#5521 = PRESENTATION_LAYER_ASSIGNMENT (  '', '', ( #4959 ) ) ;
#5523 = PLANE ( 'NONE',  #2461 ) ;
#5522 = PRESENTATION_LAYER_ASSIGNMENT (  '', '', ( #3220 ) ) ;
#5524 = SURFACE_STYLE_FILL_AREA ( #7532 ) ;
#5525 = ORIENTED_EDGE ( 'NONE', *, *, #1304, .T. ) ;
#5526 = ORIENTED_EDGE ( 'NONE', *, *, #3060, .T. ) ;
#5527 = DIRECTION ( 'NONE',  ( -1.000000000000000000, 0.0000000000000000000, 0.0000000000000000000 ) ) ;
#5528 = ORIENTED_EDGE ( 'NONE', *, *, #2088, .F. ) ;
#5529 = STYLED_ITEM ( 'NONE', ( #1360 ), #7072 ) ;
#5530 = ORIENTED_EDGE ( 'NONE', *, *, #7335, .F. ) ;
#5531 = MECHANICAL_DESIGN_GEOMETRIC_PRESENTATION_REPRESENTATION (  '', ( #4234 ), #3816 ) ;
#5532 = SURFACE_STYLE_USAGE ( .BOTH. , #7498 ) ;
#5533 = DIRECTION ( 'NONE',  ( 0.0000000000000000000, 0.0000000000000000000, -1.000000000000000000 ) ) ;
#5534 = DIRECTION ( 'NONE',  ( -0.4999999999999994449, -0.8660254037844389297, 0.0000000000000000000 ) ) ;
#5535 = VECTOR ( 'NONE', #2500, 39.37007874015748143 ) ;
#5536 = COLOUR_RGB ( '',0.2980392156862745057, 0.2980392156862745057, 0.2980392156862745057 ) ;
#5537 = AXIS2_PLACEMENT_3D ( 'NONE', #3350, #1966, #1447 ) ;
#5538 = DIRECTION ( 'NONE',  ( 0.0000000000000000000, 0.0000000000000000000, -1.000000000000000000 ) ) ;
#5539 = SURFACE_STYLE_FILL_AREA ( #2784 ) ;
#5540 = ORIENTED_EDGE ( 'NONE', *, *, #4011, .F. ) ;
#5541 = DIMENSIONAL_EXPONENTS ( 1.000000000000000000, 0.0000000000000000000, 0.0000000000000000000, 0.0000000000000000000, 0.0000000000000000000, 0.0000000000000000000, 0.0000000000000000000 ) ;
#5542 = UNCERTAINTY_MEASURE_WITH_UNIT (LENGTH_MEASURE( 1.000000000000000082E-05 ), #8038, 'distance_accuracy_value', 'NONE');
#5543 = MECHANICAL_DESIGN_GEOMETRIC_PRESENTATION_REPRESENTATION (  '', ( #6114 ), #5684 ) ;
#5544 = PRESENTATION_STYLE_ASSIGNMENT (( #2170 ) ) ;
#5545 = VECTOR ( 'NONE', #723, 39.37007874015748143 ) ;
#5546 = STYLED_ITEM ( 'NONE', ( #1862 ), #6571 ) ;
#5547 =( CONVERSION_BASED_UNIT ( 'INCH', #2035 ) LENGTH_UNIT ( ) NAMED_UNIT ( #1239 ) );
#5548 = PLANE ( 'NONE',  #6108 ) ;
#5549 =( NAMED_UNIT ( * ) SI_UNIT ( $, .STERADIAN. ) SOLID_ANGLE_UNIT ( ) );
#5550 = COLOUR_RGB ( '',0.7686274509803920907, 0.7686274509803920907, 0.7686274509803920907 ) ;
#5551 = ORIENTED_EDGE ( 'NONE', *, *, #7351, .F. ) ;
#5552 =( GEOMETRIC_REPRESENTATION_CONTEXT ( 3 ) GLOBAL_UNCERTAINTY_ASSIGNED_CONTEXT ( ( #6480 ) ) GLOBAL_UNIT_ASSIGNED_CONTEXT ( ( #6112, #2778, #8304 ) ) REPRESENTATION_CONTEXT ( 'NONE', 'WORKASPACE' ) );
#5553 = EDGE_CURVE ( 'NONE', #6510, #4719, #5871, .T. ) ;
#5554 = CARTESIAN_POINT ( 'NONE',  ( -0.1122047244094488277, 0.03937007874015747977, -0.06496062992125983815 ) ) ;
#5555 = CARTESIAN_POINT ( 'NONE',  ( -0.1200787401574803237, 0.03937007874015747977, 0.06496062992125983815 ) ) ;
#5556 = ADVANCED_FACE ( 'NONE', ( #7206, #5032 ), #8555, .F. ) ;
#5557 = EDGE_CURVE ( 'NONE', #6694, #3324, #4394, .T. ) ;
#5558 =( CONVERSION_BASED_UNIT ( 'INCH', #6179 ) LENGTH_UNIT ( ) NAMED_UNIT ( #489 ) );
#5559 = STYLED_ITEM ( 'NONE', ( #7442 ), #3014 ) ;
#5560 = LINE ( 'NONE', #8229, #447 ) ;
#5561 = CARTESIAN_POINT ( 'NONE',  ( -0.1594488188976377896, 0.001968503937007873988, -0.01181102362204724393 ) ) ;
#5562 = DIMENSIONAL_EXPONENTS ( 1.000000000000000000, 0.0000000000000000000, 0.0000000000000000000, 0.0000000000000000000, 0.0000000000000000000, 0.0000000000000000000, 0.0000000000000000000 ) ;
#5563 =( NAMED_UNIT ( * ) PLANE_ANGLE_UNIT ( ) SI_UNIT ( $, .RADIAN. ) );
#5564 = EDGE_CURVE ( 'NONE', #5608, #69, #7874, .T. ) ;
#5565 =( NAMED_UNIT ( * ) PLANE_ANGLE_UNIT ( ) SI_UNIT ( $, .RADIAN. ) );
#5566 =( CONVERSION_BASED_UNIT ( 'INCH', #7569 ) LENGTH_UNIT ( ) NAMED_UNIT ( #5321 ) );
#5567 = ORIENTED_EDGE ( 'NONE', *, *, #8280, .F. ) ;
#5568 = AXIS2_PLACEMENT_3D ( 'NONE', #5241, #8005, #6575 ) ;
#5569 = ORIENTED_EDGE ( 'NONE', *, *, #7892, .F. ) ;
#5570 =( CONVERSION_BASED_UNIT ( 'INCH', #6148 ) LENGTH_UNIT ( ) NAMED_UNIT ( #6697 ) );
#5571 = DIRECTION ( 'NONE',  ( 4.818676322157800333E-16, -2.409338161078900167E-16, 1.000000000000000000 ) ) ;
#5572 = STYLED_ITEM ( 'NONE', ( #5043 ), #8220 ) ;
#5573 = CARTESIAN_POINT ( 'NONE',  ( 0.1102370375520064921, 0.01968503937007873988, 0.04724409448818897572 ) ) ;
#5574 =( LENGTH_UNIT ( ) NAMED_UNIT ( * ) SI_UNIT ( $, .METRE. ) );
#5575 = VERTEX_POINT ( 'NONE', #3723 ) ;
#5576 = VERTEX_POINT ( 'NONE', #3863 ) ;
#5577 = DIRECTION ( 'NONE',  ( 0.0000000000000000000, 0.0000000000000000000, -1.000000000000000000 ) ) ;
#5578 = ORIENTED_EDGE ( 'NONE', *, *, #5440, .T. ) ;
#5579 = PRESENTATION_LAYER_ASSIGNMENT (  '', '', ( #4423 ) ) ;
#5580 = ORIENTED_EDGE ( 'NONE', *, *, #2580, .T. ) ;
#5581 = SURFACE_STYLE_FILL_AREA ( #761 ) ;
#5582 = LENGTH_MEASURE_WITH_UNIT ( LENGTH_MEASURE( 0.02539999999999999897 ), #3429 );
#5583 = DIRECTION ( 'NONE',  ( -0.3236155771181853935, 0.8891264907159878161, 0.3236155771181853935 ) ) ;
#5584 = DIRECTION ( 'NONE',  ( 1.084202172485503694E-16, 0.0000000000000000000, 1.000000000000000000 ) ) ;
#5585 = CARTESIAN_POINT ( 'NONE',  ( 0.1102370375520062978, -0.009085487128351082964, -0.01968503937007873988 ) ) ;
#5586 = VECTOR ( 'NONE', #5025, 39.37007874015748143 ) ;
#5587 =( LENGTH_UNIT ( ) NAMED_UNIT ( * ) SI_UNIT ( $, .METRE. ) );
#5588 = PRESENTATION_STYLE_ASSIGNMENT (( #628 ) ) ;
#5589 = ORIENTED_EDGE ( 'NONE', *, *, #4945, .F. ) ;
#5590 = SURFACE_STYLE_USAGE ( .BOTH. , #4098 ) ;
#5591 = DIRECTION ( 'NONE',  ( 0.0000000000000000000, -1.000000000000000000, 0.0000000000000000000 ) ) ;
#5592 =( GEOMETRIC_REPRESENTATION_CONTEXT ( 3 ) GLOBAL_UNCERTAINTY_ASSIGNED_CONTEXT ( ( #6954 ) ) GLOBAL_UNIT_ASSIGNED_CONTEXT ( ( #4748, #7550, #4881 ) ) REPRESENTATION_CONTEXT ( 'NONE', 'WORKASPACE' ) );
#5593 = SURFACE_STYLE_FILL_AREA ( #6344 ) ;
#5594 = LINE ( 'NONE', #3575, #3082 ) ;
#5595 = COLOUR_RGB ( '',0.7686274509803920907, 0.7686274509803920907, 0.7686274509803920907 ) ;
#5596 = DIRECTION ( 'NONE',  ( -0.9945218953682732899, 0.1045284632676536235, 3.920955634700668025E-16 ) ) ;
#5597 = UNCERTAINTY_MEASURE_WITH_UNIT (LENGTH_MEASURE( 1.000000000000000082E-05 ), #1110, 'distance_accuracy_value', 'NONE');
#5598 = DIRECTION ( 'NONE',  ( 0.0000000000000000000, 0.0000000000000000000, 1.000000000000000000 ) ) ;
#5599 = FILL_AREA_STYLE ('',( #1396 ) ) ;
#5600 = DIMENSIONAL_EXPONENTS ( 1.000000000000000000, 0.0000000000000000000, 0.0000000000000000000, 0.0000000000000000000, 0.0000000000000000000, 0.0000000000000000000, 0.0000000000000000000 ) ;
#5601 = PLANE ( 'NONE',  #6944 ) ;
#5602 = EDGE_CURVE ( 'NONE', #3353, #2629, #6583, .T. ) ;
#5603 = SURFACE_STYLE_FILL_AREA ( #3585 ) ;
#5604 = FACE_OUTER_BOUND ( 'NONE', #596, .T. ) ;
#5605 = VECTOR ( 'NONE', #5009, 39.37007874015748143 ) ;
#5606 = CARTESIAN_POINT ( 'NONE',  ( 0.1431733283613561003, 0.001968503937007873988, 0.01181102362204724393 ) ) ;
#5607 = EDGE_CURVE ( 'NONE', #8071, #1551, #4584, .T. ) ;
#5608 = VERTEX_POINT ( 'NONE', #5254 ) ;
#5609 = CARTESIAN_POINT ( 'NONE',  ( 0.04724409448818897572, 0.07086614173228347746, -0.02066929133858268208 ) ) ;
#5610 = EDGE_LOOP ( 'NONE', ( #4474, #8495, #2348, #4629 ) ) ;
#5611 = COLOUR_RGB ( '',0.2980392156862745057, 0.2980392156862745057, 0.2980392156862745057 ) ;
#5612 = FILL_AREA_STYLE ('',( #1370 ) ) ;
#5613 = LINE ( 'NONE', #8501, #371 ) ;
#5614 = CARTESIAN_POINT ( 'NONE',  ( -0.05314960629921260116, 0.2164041264863913738, 0.01771653543307086937 ) ) ;
#5615 = PRESENTATION_STYLE_ASSIGNMENT (( #4812 ) ) ;
#5616 = STYLED_ITEM ( 'NONE', ( #1435 ), #5127 ) ;
#5617 = STYLED_ITEM ( 'NONE', ( #5836 ), #4409 ) ;
#5618 = ORIENTED_EDGE ( 'NONE', *, *, #8605, .T. ) ;
#5619 = EDGE_CURVE ( 'NONE', #3852, #7559, #4500, .T. ) ;
#5620 = ORIENTED_EDGE ( 'NONE', *, *, #5061, .T. ) ;
#5621 = DIRECTION ( 'NONE',  ( 0.0000000000000000000, 1.000000000000000000, 0.0000000000000000000 ) ) ;
#5622 = ORIENTED_EDGE ( 'NONE', *, *, #1584, .F. ) ;
#5623 = FILL_AREA_STYLE ('',( #2864 ) ) ;
#5624 = ORIENTED_EDGE ( 'NONE', *, *, #7410, .T. ) ;
#5625 = FILL_AREA_STYLE ('',( #7590 ) ) ;
#5626 = STYLED_ITEM ( 'NONE', ( #3018 ), #5766 ) ;
#5627 = VECTOR ( 'NONE', #6492, 39.37007874015748143 ) ;
#5628 =( CONVERSION_BASED_UNIT ( 'INCH', #6911 ) LENGTH_UNIT ( ) NAMED_UNIT ( #182 ) );
#5629 = DIRECTION ( 'NONE',  ( 0.0000000000000000000, 0.0000000000000000000, -1.000000000000000000 ) ) ;
#5630 = SURFACE_STYLE_USAGE ( .BOTH. , #2117 ) ;
#5631 = SURFACE_STYLE_FILL_AREA ( #3735 ) ;
#5632 = STYLED_ITEM ( 'NONE', ( #3972 ), #5880 ) ;
#5633 = ORIENTED_EDGE ( 'NONE', *, *, #7018, .T. ) ;
#5634 = LENGTH_MEASURE_WITH_UNIT ( LENGTH_MEASURE( 0.02539999999999999897 ), #2750 );
#5635 =( NAMED_UNIT ( * ) SI_UNIT ( $, .STERADIAN. ) SOLID_ANGLE_UNIT ( ) );
#5636 = CARTESIAN_POINT ( 'NONE',  ( 0.1594488188976377896, 0.001968503937007873988, 0.01181102362204724393 ) ) ;
#5637 = CIRCLE ( 'NONE', #1041, 0.007874015748031495954 ) ;
#5638 = DIRECTION ( 'NONE',  ( 3.942553354492744517E-16, 0.0000000000000000000, 1.000000000000000000 ) ) ;
#5639 = LENGTH_MEASURE_WITH_UNIT ( LENGTH_MEASURE( 0.02539999999999999897 ), #7148 );
#5640 =( NAMED_UNIT ( * ) PLANE_ANGLE_UNIT ( ) SI_UNIT ( $, .RADIAN. ) );
#5641 = PRESENTATION_STYLE_ASSIGNMENT (( #7604 ) ) ;
#5642 = DIRECTION ( 'NONE',  ( 0.0000000000000000000, -1.000000000000000000, 0.0000000000000000000 ) ) ;
#5643 = LINE ( 'NONE', #254, #593 ) ;
#5644 = PRESENTATION_STYLE_ASSIGNMENT (( #2888 ) ) ;
#5645 = DIRECTION ( 'NONE',  ( -1.000000000000000000, 0.0000000000000000000, 0.0000000000000000000 ) ) ;
#5646 = ORIENTED_EDGE ( 'NONE', *, *, #8867, .F. ) ;
#5647 = VERTEX_POINT ( 'NONE', #3946 ) ;
#5648 = VECTOR ( 'NONE', #3897, 39.37007874015748143 ) ;
#5649 = VECTOR ( 'NONE', #2023, 39.37007874015748143 ) ;
#5650 = EDGE_CURVE ( 'NONE', #4775, #2772, #6043, .T. ) ;
#5651 =( NAMED_UNIT ( * ) PLANE_ANGLE_UNIT ( ) SI_UNIT ( $, .RADIAN. ) );
#5652 = DIRECTION ( 'NONE',  ( 2.344220913482170177E-16, 0.0000000000000000000, 1.000000000000000000 ) ) ;
#5653 = DIRECTION ( 'NONE',  ( 0.0000000000000000000, -1.000000000000000000, 0.0000000000000000000 ) ) ;
#5654 = FILL_AREA_STYLE_COLOUR ( '', #6327 ) ;
#5655 = DIRECTION ( 'NONE',  ( 1.000000000000000000, 0.0000000000000000000, 0.0000000000000000000 ) ) ;
#5656 = MECHANICAL_DESIGN_GEOMETRIC_PRESENTATION_REPRESENTATION (  '', ( #1614 ), #7366 ) ;
#5657 = ORIENTED_EDGE ( 'NONE', *, *, #5712, .T. ) ;
#5658 = ORIENTED_EDGE ( 'NONE', *, *, #545, .T. ) ;
#5659 = CARTESIAN_POINT ( 'NONE',  ( 0.0000000000000000000, 0.03937007874015747977, 0.0000000000000000000 ) ) ;
#5660 = EDGE_CURVE ( 'NONE', #4271, #359, #1160, .T. ) ;
#5661 = ORIENTED_EDGE ( 'NONE', *, *, #3628, .F. ) ;
#5662 = VERTEX_POINT ( 'NONE', #2509 ) ;
#5663 = STYLED_ITEM ( 'NONE', ( #7829 ), #603 ) ;
#5664 = ADVANCED_FACE ( 'NONE', ( #8635 ), #4623, .T. ) ;
#5665 = EDGE_CURVE ( 'NONE', #7350, #6293, #299, .T. ) ;
#5666 = CARTESIAN_POINT ( 'NONE',  ( -0.09945084613158955422, 0.04196055061682803233, 0.05314960629921260116 ) ) ;
#5667 = LENGTH_MEASURE_WITH_UNIT ( LENGTH_MEASURE( 0.02539999999999999897 ), #2345 );
#5668 = VECTOR ( 'NONE', #2133, 39.37007874015748143 ) ;
#5669 = ORIENTED_EDGE ( 'NONE', *, *, #3859, .F. ) ;
#5670 = LINE ( 'NONE', #357, #4978 ) ;
#5671 =( LENGTH_UNIT ( ) NAMED_UNIT ( * ) SI_UNIT ( $, .METRE. ) );
#5672 =( LENGTH_UNIT ( ) NAMED_UNIT ( * ) SI_UNIT ( $, .METRE. ) );
#5673 = LINE ( 'NONE', #5184, #5252 ) ;
#5674 = COLOUR_RGB ( '',1.000000000000000000, 1.000000000000000000, 1.000000000000000000 ) ;
#5675 = STYLED_ITEM ( 'NONE', ( #6397 ), #6538 ) ;
#5676 = SURFACE_STYLE_FILL_AREA ( #1664 ) ;
#5677 =( NAMED_UNIT ( * ) PLANE_ANGLE_UNIT ( ) SI_UNIT ( $, .RADIAN. ) );
#5678 = UNCERTAINTY_MEASURE_WITH_UNIT (LENGTH_MEASURE( 1.000000000000000082E-05 ), #4363, 'distance_accuracy_value', 'NONE');
#5679 = FACE_OUTER_BOUND ( 'NONE', #3499, .T. ) ;
#5680 = MECHANICAL_DESIGN_GEOMETRIC_PRESENTATION_REPRESENTATION (  '', ( #6822 ), #7680 ) ;
#5681 =( NAMED_UNIT ( * ) SI_UNIT ( $, .STERADIAN. ) SOLID_ANGLE_UNIT ( ) );
#5682 =( CONVERSION_BASED_UNIT ( 'INCH', #6352 ) LENGTH_UNIT ( ) NAMED_UNIT ( #1486 ) );
#5683 = FILL_AREA_STYLE ('',( #4425 ) ) ;
#5684 =( GEOMETRIC_REPRESENTATION_CONTEXT ( 3 ) GLOBAL_UNCERTAINTY_ASSIGNED_CONTEXT ( ( #3157 ) ) GLOBAL_UNIT_ASSIGNED_CONTEXT ( ( #6255, #2872, #5457 ) ) REPRESENTATION_CONTEXT ( 'NONE', 'WORKASPACE' ) );
#5685 = COLOUR_RGB ( '',0.7686274509803920907, 0.7686274509803920907, 0.7686274509803920907 ) ;
#5686 = COLOUR_RGB ( '',0.2980392156862745057, 0.2980392156862745057, 0.2980392156862745057 ) ;
#5687 = ORIENTED_EDGE ( 'NONE', *, *, #8480, .T. ) ;
#5688 = ORIENTED_EDGE ( 'NONE', *, *, #526, .F. ) ;
#5689 = ORIENTED_EDGE ( 'NONE', *, *, #3623, .F. ) ;
#5690 = VECTOR ( 'NONE', #5157, 39.37007874015748143 ) ;
#5691 = DIMENSIONAL_EXPONENTS ( 1.000000000000000000, 0.0000000000000000000, 0.0000000000000000000, 0.0000000000000000000, 0.0000000000000000000, 0.0000000000000000000, 0.0000000000000000000 ) ;
#5692 = SURFACE_STYLE_FILL_AREA ( #2941 ) ;
#5693 =( LENGTH_UNIT ( ) NAMED_UNIT ( * ) SI_UNIT ( $, .METRE. ) );
#5694 = VECTOR ( 'NONE', #5919, 39.37007874015748143 ) ;
#5695 = VECTOR ( 'NONE', #5852, 39.37007874015748143 ) ;
#5696 = ORIENTED_EDGE ( 'NONE', *, *, #7344, .T. ) ;
#5697 = ORIENTED_EDGE ( 'NONE', *, *, #4952, .F. ) ;
#5698 = PLANE ( 'NONE',  #2416 ) ;
#5699 = ORIENTED_EDGE ( 'NONE', *, *, #1440, .T. ) ;
#5700 = UNCERTAINTY_MEASURE_WITH_UNIT (LENGTH_MEASURE( 1.000000000000000082E-05 ), #3687, 'distance_accuracy_value', 'NONE');
#5702 = DIRECTION ( 'NONE',  ( -2.168404344971010347E-16, 0.0000000000000000000, -1.000000000000000000 ) ) ;
#5701 = COLOUR_RGB ( '',0.7686274509803920907, 0.7686274509803920907, 0.7686274509803920907 ) ;
#5703 = LENGTH_MEASURE_WITH_UNIT ( LENGTH_MEASURE( 0.02539999999999999897 ), #1521 );
#5704 =( NAMED_UNIT ( * ) PLANE_ANGLE_UNIT ( ) SI_UNIT ( $, .RADIAN. ) );
#5705 = EDGE_CURVE ( 'NONE', #4022, #6241, #7859, .T. ) ;
#5706 = CARTESIAN_POINT ( 'NONE',  ( -0.09805920168340549747, 0.04135943069846542697, 0.05242554140090930487 ) ) ;
#5707 = EDGE_LOOP ( 'NONE', ( #5783, #2763, #6106, #2233 ) ) ;
#5708 = STYLED_ITEM ( 'NONE', ( #4350 ), #8560 ) ;
#5709 = PLANE ( 'NONE',  #4569 ) ;
#5710 = ORIENTED_EDGE ( 'NONE', *, *, #4257, .T. ) ;
#5711 = EDGE_CURVE ( 'NONE', #7119, #4599, #7287, .T. ) ;
#5712 = EDGE_CURVE ( 'NONE', #4064, #7027, #3711, .T. ) ;
#5713 = UNCERTAINTY_MEASURE_WITH_UNIT (LENGTH_MEASURE( 1.000000000000000082E-05 ), #8187, 'distance_accuracy_value', 'NONE');
#5714 = FACE_OUTER_BOUND ( 'NONE', #440, .T. ) ;
#5715 = DIRECTION ( 'NONE',  ( 0.0000000000000000000, 1.000000000000000000, 0.0000000000000000000 ) ) ;
#5716 = FACE_OUTER_BOUND ( 'NONE', #6403, .T. ) ;
#5717 =( GEOMETRIC_REPRESENTATION_CONTEXT ( 3 ) GLOBAL_UNCERTAINTY_ASSIGNED_CONTEXT ( ( #5449 ) ) GLOBAL_UNIT_ASSIGNED_CONTEXT ( ( #3125, #6536, #1678 ) ) REPRESENTATION_CONTEXT ( 'NONE', 'WORKASPACE' ) );
#5718 = CARTESIAN_POINT ( 'NONE',  ( 0.04724409448818897572, 0.06299212598425196763, -0.02854330708661417110 ) ) ;
#5719 = SURFACE_STYLE_USAGE ( .BOTH. , #2353 ) ;
#5720 = AXIS2_PLACEMENT_3D ( 'NONE', #5501, #1573, #6211 ) ;
#5721 = SURFACE_STYLE_USAGE ( .BOTH. , #295 ) ;
#5722 = DIRECTION ( 'NONE',  ( 0.0000000000000000000, -1.000000000000000000, 0.0000000000000000000 ) ) ;
#5723 = EDGE_CURVE ( 'NONE', #2431, #1833, #6468, .T. ) ;
#5724 = LINE ( 'NONE', #5769, #3521 ) ;
#5725 = LINE ( 'NONE', #5322, #740 ) ;
#5726 = DIRECTION ( 'NONE',  ( 1.000000000000000000, 0.0000000000000000000, 0.0000000000000000000 ) ) ;
#5727 = VERTEX_POINT ( 'NONE', #417 ) ;
#5728 = CARTESIAN_POINT ( 'NONE',  ( 0.1594488188976377896, -0.001968503937007873988, -0.01181102362204724393 ) ) ;
#5729 =( CONVERSION_BASED_UNIT ( 'INCH', #2366 ) LENGTH_UNIT ( ) NAMED_UNIT ( #1134 ) );
#5730 = FACE_OUTER_BOUND ( 'NONE', #2696, .T. ) ;
#5731 = ORIENTED_EDGE ( 'NONE', *, *, #4627, .T. ) ;
#5732 =( NAMED_UNIT ( * ) SI_UNIT ( $, .STERADIAN. ) SOLID_ANGLE_UNIT ( ) );
#5733 = ORIENTED_EDGE ( 'NONE', *, *, #4131, .F. ) ;
#5734 = SURFACE_SIDE_STYLE ('',( #1116 ) ) ;
#5735 = LINE ( 'NONE', #5123, #6469 ) ;
#5736 = VECTOR ( 'NONE', #1117, 39.37007874015748143 ) ;
#5737 = DIRECTION ( 'NONE',  ( -1.000000000000000000, 0.0000000000000000000, 0.0000000000000000000 ) ) ;
#5738 = SURFACE_SIDE_STYLE ('',( #5124 ) ) ;
#5739 =( CONVERSION_BASED_UNIT ( 'INCH', #347 ) LENGTH_UNIT ( ) NAMED_UNIT ( #8835 ) );
#5740 = FILL_AREA_STYLE_COLOUR ( '', #177 ) ;
#5741 = ORIENTED_EDGE ( 'NONE', *, *, #7736, .F. ) ;
#5742 = CARTESIAN_POINT ( 'NONE',  ( 0.1088943547947816975, 0.03149606299212598381, -0.06165026030659291612 ) ) ;
#5743 = ORIENTED_EDGE ( 'NONE', *, *, #1643, .F. ) ;
#5744 = STYLED_ITEM ( 'NONE', ( #680 ), #4289 ) ;
#5745 = CARTESIAN_POINT ( 'NONE',  ( -0.1122047244094488277, 0.0000000000000000000, -0.06496062992125983815 ) ) ;
#5746 = CARTESIAN_POINT ( 'NONE',  ( -0.1380590051106606320, 0.0009842519685039369942, 0.01181102362204724393 ) ) ;
#5747 = DIRECTION ( 'NONE',  ( 0.0000000000000000000, -1.000000000000000000, 0.0000000000000000000 ) ) ;
#5748 = FILL_AREA_STYLE ('',( #6464 ) ) ;
#5749 = VECTOR ( 'NONE', #6871, 39.37007874015748143 ) ;
#5750 = DIRECTION ( 'NONE',  ( 0.0000000000000000000, 0.0000000000000000000, 1.000000000000000000 ) ) ;
#5751 = ORIENTED_EDGE ( 'NONE', *, *, #2088, .T. ) ;
#5752 = VERTEX_POINT ( 'NONE', #963 ) ;
#5753 = CARTESIAN_POINT ( 'NONE',  ( -0.08341662617894055054, 0.06299212598425196763, -0.03617253169075181074 ) ) ;
#5754 = VECTOR ( 'NONE', #1711, 39.37007874015748143 ) ;
#5755 = TOROIDAL_SURFACE ( 'NONE', #6190, 0.003937007874015747977, 0.003937007874015747977 ) ;
#5756 = DIRECTION ( 'NONE',  ( 0.0000000000000000000, 0.0000000000000000000, -1.000000000000000000 ) ) ;
#5757 = SURFACE_STYLE_USAGE ( .BOTH. , #8575 ) ;
#5758 = CARTESIAN_POINT ( 'NONE',  ( -0.1200787401574803237, 0.01574803149606299191, 0.05118110236220473064 ) ) ;
#5759 = DIRECTION ( 'NONE',  ( -0.4999999999999994449, -0.8660254037844389297, 0.0000000000000000000 ) ) ;
#5760 = FILL_AREA_STYLE ('',( #956 ) ) ;
#5761 = VECTOR ( 'NONE', #4325, 39.37007874015748143 ) ;
#5762 = FILL_AREA_STYLE ('',( #8397 ) ) ;
#5763 =( GEOMETRIC_REPRESENTATION_CONTEXT ( 3 ) GLOBAL_UNCERTAINTY_ASSIGNED_CONTEXT ( ( #4563 ) ) GLOBAL_UNIT_ASSIGNED_CONTEXT ( ( #6801, #1400, #61 ) ) REPRESENTATION_CONTEXT ( 'NONE', 'WORKASPACE' ) );
#5764 =( NAMED_UNIT ( * ) SI_UNIT ( $, .STERADIAN. ) SOLID_ANGLE_UNIT ( ) );
#5765 = DIRECTION ( 'NONE',  ( -0.9396926207859080948, 0.3420201433256695456, 0.0000000000000000000 ) ) ;
#5766 = ADVANCED_FACE ( 'NONE', ( #1670 ), #2409, .T. ) ;
#5767 = DIRECTION ( 'NONE',  ( 0.0000000000000000000, 1.000000000000000000, 0.0000000000000000000 ) ) ;
#5768 = STYLED_ITEM ( 'NONE', ( #7685 ), #5285 ) ;
#5769 = CARTESIAN_POINT ( 'NONE',  ( 0.1122047244094488277, 0.03937007874015747977, 0.04724409448818897572 ) ) ;
#5770 = EDGE_CURVE ( 'NONE', #7254, #4169, #2451, .T. ) ;
#5771 = ADVANCED_FACE ( 'NONE', ( #5236 ), #3010, .T. ) ;
#5772 = FILL_AREA_STYLE ('',( #2887 ) ) ;
#5773 = ORIENTED_EDGE ( 'NONE', *, *, #4669, .F. ) ;
#5774 = PLANE ( 'NONE',  #4092 ) ;
#5775 = PRESENTATION_STYLE_ASSIGNMENT (( #1631 ) ) ;
#5776 = VERTEX_POINT ( 'NONE', #5718 ) ;
#5777 = ORIENTED_EDGE ( 'NONE', *, *, #1103, .T. ) ;
#5778 = FILL_AREA_STYLE ('',( #3768 ) ) ;
#5779 = CARTESIAN_POINT ( 'NONE',  ( -0.1200787401574803237, 0.03937007874015747977, -0.05511811023622047168 ) ) ;
#5780 = DIRECTION ( 'NONE',  ( 1.000000000000000000, 0.0000000000000000000, 0.0000000000000000000 ) ) ;
#5781 = CARTESIAN_POINT ( 'NONE',  ( -0.1102370375520064921, -0.009085487128351082964, 0.01968503937007873988 ) ) ;
#5782 = CARTESIAN_POINT ( 'NONE',  ( 0.1102370375520062978, 0.04724409448818897572, -0.05511811023622047168 ) ) ;
#5783 = ORIENTED_EDGE ( 'NONE', *, *, #5218, .T. ) ;
#5784 = PRESENTATION_LAYER_ASSIGNMENT (  '', '', ( #765 ) ) ;
#5785 = ORIENTED_EDGE ( 'NONE', *, *, #6417, .T. ) ;
#5786 = PRESENTATION_STYLE_ASSIGNMENT (( #4352 ) ) ;
#5787 = CARTESIAN_POINT ( 'NONE',  ( 0.0000000000000000000, 0.07086614173228347746, 0.03892925428212862249 ) ) ;
#5788 = CARTESIAN_POINT ( 'NONE',  ( 0.09805920168340592769, 0.04135943069846724496, 0.05242554140090867343 ) ) ;
#5789 = MECHANICAL_DESIGN_GEOMETRIC_PRESENTATION_REPRESENTATION (  '', ( #4074 ), #5231 ) ;
#5790 = ORIENTED_EDGE ( 'NONE', *, *, #3344, .F. ) ;
#5791 = CARTESIAN_POINT ( 'NONE',  ( -0.08617334877031732066, 0.06692913385826770867, 0.03892925428212862249 ) ) ;
#5792 = ORIENTED_EDGE ( 'NONE', *, *, #8128, .F. ) ;
#5793 = DIRECTION ( 'NONE',  ( -1.000000000000000000, 0.0000000000000000000, 0.0000000000000000000 ) ) ;
#5794 = ORIENTED_EDGE ( 'NONE', *, *, #4740, .T. ) ;
#5795 = COLOUR_RGB ( '',0.7686274509803920907, 0.7686274509803920907, 0.7686274509803920907 ) ;
#5796 = UNCERTAINTY_MEASURE_WITH_UNIT (LENGTH_MEASURE( 1.000000000000000082E-05 ), #1816, 'distance_accuracy_value', 'NONE');
#5797 = SURFACE_SIDE_STYLE ('',( #3050 ) ) ;
#5798 = CARTESIAN_POINT ( 'NONE',  ( -0.04724409448818897572, 0.06299212598425196763, 0.02066929133858268208 ) ) ;
#5799 = PLANE ( 'NONE',  #1495 ) ;
#5800 = FILL_AREA_STYLE ('',( #3788 ) ) ;
#5801 = CARTESIAN_POINT ( 'NONE',  ( 0.1097792828309848423, 0.02307653513993019809, -0.06253518834279606087 ) ) ;
#5802 = SURFACE_STYLE_USAGE ( .BOTH. , #5438 ) ;
#5803 = SURFACE_STYLE_FILL_AREA ( #5762 ) ;
#5804 = SURFACE_STYLE_USAGE ( .BOTH. , #3058 ) ;
#5805 = ADVANCED_FACE ( 'NONE', ( #1088 ), #999, .F. ) ;
#5806 = UNCERTAINTY_MEASURE_WITH_UNIT (LENGTH_MEASURE( 1.000000000000000082E-05 ), #1199, 'distance_accuracy_value', 'NONE');
#5807 =( GEOMETRIC_REPRESENTATION_CONTEXT ( 3 ) GLOBAL_UNCERTAINTY_ASSIGNED_CONTEXT ( ( #5230 ) ) GLOBAL_UNIT_ASSIGNED_CONTEXT ( ( #1590, #5565, #8282 ) ) REPRESENTATION_CONTEXT ( 'NONE', 'WORKASPACE' ) );
#5808 = COLOUR_RGB ( '',0.2980392156862745057, 0.2980392156862745057, 0.2980392156862745057 ) ;
#5809 = FILL_AREA_STYLE_COLOUR ( '', #1488 ) ;
#5810 = CARTESIAN_POINT ( 'NONE',  ( -0.1161417322834645688, 0.0000000000000000000, 0.07283464566929134798 ) ) ;
#5811 = EDGE_CURVE ( 'NONE', #8159, #3513, #2402, .T. ) ;
#5812 = CARTESIAN_POINT ( 'NONE',  ( -0.1031504233787781388, 0.03937007874015747977, 0.04850717439621220206 ) ) ;
#5813 = ORIENTED_EDGE ( 'NONE', *, *, #2702, .F. ) ;
#5814 =( GEOMETRIC_REPRESENTATION_CONTEXT ( 3 ) GLOBAL_UNCERTAINTY_ASSIGNED_CONTEXT ( ( #6776 ) ) GLOBAL_UNIT_ASSIGNED_CONTEXT ( ( #6478, #7686, #2920 ) ) REPRESENTATION_CONTEXT ( 'NONE', 'WORKASPACE' ) );
#5815 = AXIS2_PLACEMENT_3D ( 'NONE', #7215, #1247, #5346 ) ;
#5816 = COLOUR_RGB ( '',0.7686274509803920907, 0.7686274509803920907, 0.7686274509803920907 ) ;
#5817 = DIRECTION ( 'NONE',  ( 0.0000000000000000000, 0.0000000000000000000, -1.000000000000000000 ) ) ;
#5818 = CARTESIAN_POINT ( 'NONE',  ( 0.09966963588909742711, 0.04135943069846692577, -0.05081510719521731972 ) ) ;
#5819 = ORIENTED_EDGE ( 'NONE', *, *, #8860, .F. ) ;
#5820 = ADVANCED_FACE ( 'NONE', ( #7896 ), #3841, .T. ) ;
#5821 = EDGE_CURVE ( 'NONE', #2157, #3407, #4771, .T. ) ;
#5822 = CARTESIAN_POINT ( 'NONE',  ( -0.1161417322834645688, 0.03937007874015747977, -0.07283464566929134798 ) ) ;
#5823 = CARTESIAN_POINT ( 'NONE',  ( 0.2709745503680062728, 0.01968503937007873988, 0.07283464566929134798 ) ) ;
#5824 = CIRCLE ( 'NONE', #3678, 0.003937007874015741038 ) ;
#5825 =( GEOMETRIC_REPRESENTATION_CONTEXT ( 3 ) GLOBAL_UNCERTAINTY_ASSIGNED_CONTEXT ( ( #909 ) ) GLOBAL_UNIT_ASSIGNED_CONTEXT ( ( #4344, #927, #7786 ) ) REPRESENTATION_CONTEXT ( 'NONE', 'WORKASPACE' ) );
#5826 =( GEOMETRIC_REPRESENTATION_CONTEXT ( 3 ) GLOBAL_UNCERTAINTY_ASSIGNED_CONTEXT ( ( #7850 ) ) GLOBAL_UNIT_ASSIGNED_CONTEXT ( ( #6994, #846, #6151 ) ) REPRESENTATION_CONTEXT ( 'NONE', 'WORKASPACE' ) );
#5827 = CARTESIAN_POINT ( 'NONE',  ( -0.2709745503680062728, 0.03937007874015747977, -0.07283464566929134798 ) ) ;
#5828 = FILL_AREA_STYLE_COLOUR ( '', #6945 ) ;
#5829 =( NAMED_UNIT ( * ) PLANE_ANGLE_UNIT ( ) SI_UNIT ( $, .RADIAN. ) );
#5830 = CARTESIAN_POINT ( 'NONE',  ( -0.09992174341836575213, 0.03937007874015747977, -0.05590632877942851298 ) ) ;
#5831 = ORIENTED_EDGE ( 'NONE', *, *, #7246, .F. ) ;
#5832 =( GEOMETRIC_REPRESENTATION_CONTEXT ( 3 ) GLOBAL_UNCERTAINTY_ASSIGNED_CONTEXT ( ( #3562 ) ) GLOBAL_UNIT_ASSIGNED_CONTEXT ( ( #4636, #3875, #1174 ) ) REPRESENTATION_CONTEXT ( 'NONE', 'WORKASPACE' ) );
#5833 = ORIENTED_EDGE ( 'NONE', *, *, #441, .T. ) ;
#5834 = PRESENTATION_STYLE_ASSIGNMENT (( #6461 ) ) ;
#5835 = DIRECTION ( 'NONE',  ( 0.0000000000000000000, 0.0000000000000000000, -1.000000000000000000 ) ) ;
#5836 = PRESENTATION_STYLE_ASSIGNMENT (( #3730 ) ) ;
#5837 = DIRECTION ( 'NONE',  ( 1.000000000000000000, 0.0000000000000000000, 0.0000000000000000000 ) ) ;
#5838 = VECTOR ( 'NONE', #3318, 39.37007874015748143 ) ;
#5839 = CARTESIAN_POINT ( 'NONE',  ( 0.09575126888440098349, 0.04196055061682803233, 0.05220675164340077973 ) ) ;
#5840 = PRESENTATION_LAYER_ASSIGNMENT (  '', '', ( #6841 ) ) ;
#5841 = EDGE_LOOP ( 'NONE', ( #1124, #4947, #2615, #532 ) ) ;
#5842 = DIRECTION ( 'NONE',  ( -1.000000000000000000, 0.0000000000000000000, 0.0000000000000000000 ) ) ;
#5843 = ORIENTED_EDGE ( 'NONE', *, *, #2689, .F. ) ;
#5844 = DIRECTION ( 'NONE',  ( 0.0000000000000000000, 0.0000000000000000000, 1.000000000000000000 ) ) ;
#5845 = ORIENTED_EDGE ( 'NONE', *, *, #7434, .F. ) ;
#5846 =( CONVERSION_BASED_UNIT ( 'INCH', #6471 ) LENGTH_UNIT ( ) NAMED_UNIT ( #3496 ) );
#5847 =( NAMED_UNIT ( * ) PLANE_ANGLE_UNIT ( ) SI_UNIT ( $, .RADIAN. ) );
#5848 = LINE ( 'NONE', #6384, #5105 ) ;
#5849 = VECTOR ( 'NONE', #1514, 39.37007874015748143 ) ;
#5850 = CARTESIAN_POINT ( 'NONE',  ( 0.1200787401574803237, 0.04724409448818897572, 0.05511811023622047168 ) ) ;
#5851 = UNCERTAINTY_MEASURE_WITH_UNIT (LENGTH_MEASURE( 1.000000000000000082E-05 ), #5191, 'distance_accuracy_value', 'NONE');
#5852 = DIRECTION ( 'NONE',  ( -1.741473112329314938E-32, -1.000000000000000000, -1.606225440719264641E-16 ) ) ;
#5853 = FACE_OUTER_BOUND ( 'NONE', #3729, .T. ) ;
#5854 = PLANE ( 'NONE',  #2066 ) ;
#5855 = EDGE_CURVE ( 'NONE', #8334, #693, #4478, .T. ) ;
#5856 = MECHANICAL_DESIGN_GEOMETRIC_PRESENTATION_REPRESENTATION (  '', ( #836 ), #2977 ) ;
#5857 = FILL_AREA_STYLE ('',( #5809 ) ) ;
#5858 =( NAMED_UNIT ( * ) PLANE_ANGLE_UNIT ( ) SI_UNIT ( $, .RADIAN. ) );
#5859 = ORIENTED_EDGE ( 'NONE', *, *, #4510, .T. ) ;
#5860 = DIRECTION ( 'NONE',  ( -1.000000000000000000, 0.0000000000000000000, 0.0000000000000000000 ) ) ;
#5861 = SURFACE_STYLE_FILL_AREA ( #1013 ) ;
#5862 = LENGTH_MEASURE_WITH_UNIT ( LENGTH_MEASURE( 0.02539999999999999897 ), #3855 );
#5863 = CARTESIAN_POINT ( 'NONE',  ( -0.1431733283613561003, 0.001968503937007873988, -0.01181102362204724393 ) ) ;
#5864 = EDGE_LOOP ( 'NONE', ( #3500, #6938, #1868, #184 ) ) ;
#5865 = COLOUR_RGB ( '',0.7686274509803920907, 0.7686274509803920907, 0.7686274509803920907 ) ;
#5866 = EDGE_CURVE ( 'NONE', #6500, #2866, #7987, .T. ) ;
#5867 = LENGTH_MEASURE_WITH_UNIT ( LENGTH_MEASURE( 0.02539999999999999897 ), #3860 );
#5868 = EDGE_CURVE ( 'NONE', #3591, #479, #5992, .T. ) ;
#5869 = SURFACE_SIDE_STYLE ('',( #3129 ) ) ;
#5870 =( CONVERSION_BASED_UNIT ( 'INCH', #3945 ) LENGTH_UNIT ( ) NAMED_UNIT ( #6290 ) );
#5871 = LINE ( 'NONE', #4346, #4036 ) ;
#5872 = EDGE_CURVE ( 'NONE', #2866, #7450, #5453, .T. ) ;
#5874 = EDGE_CURVE ( 'NONE', #1297, #1697, #7757, .T. ) ;
#5873 = CARTESIAN_POINT ( 'NONE',  ( -0.1008533029310193091, 0.03937007874016008185, -0.05119208189346578786 ) ) ;
#5875 = COLOUR_RGB ( '',1.000000000000000000, 1.000000000000000000, 1.000000000000000000 ) ;
#5876 = CARTESIAN_POINT ( 'NONE',  ( 0.1350355830932151446, 0.01409498826347334657, -0.01181102362204724393 ) ) ;
#5877 = ORIENTED_EDGE ( 'NONE', *, *, #7174, .F. ) ;
#5878 = ORIENTED_EDGE ( 'NONE', *, *, #2830, .F. ) ;
#5879 = CARTESIAN_POINT ( 'NONE',  ( -0.1102370375520064921, 0.03543307086614173873, -0.06889763779527559306 ) ) ;
#5880 = ADVANCED_FACE ( 'NONE', ( #8658 ), #6780, .T. ) ;
#5881 =( GEOMETRIC_REPRESENTATION_CONTEXT ( 3 ) GLOBAL_UNCERTAINTY_ASSIGNED_CONTEXT ( ( #2670 ) ) GLOBAL_UNIT_ASSIGNED_CONTEXT ( ( #4343, #4987, #4387 ) ) REPRESENTATION_CONTEXT ( 'NONE', 'WORKASPACE' ) );
#5882 =( NAMED_UNIT ( * ) SI_UNIT ( $, .STERADIAN. ) SOLID_ANGLE_UNIT ( ) );
#5883 =( NAMED_UNIT ( * ) PLANE_ANGLE_UNIT ( ) SI_UNIT ( $, .RADIAN. ) );
#5884 = CARTESIAN_POINT ( 'NONE',  ( 0.09575126888440098349, 0.04330708661417323468, -0.05590632889058937127 ) ) ;
#5885 = SURFACE_STYLE_USAGE ( .BOTH. , #3146 ) ;
#5886 = ADVANCED_FACE ( 'NONE', ( #2532 ), #2208, .F. ) ;
#5887 = EDGE_CURVE ( 'NONE', #5647, #176, #8167, .T. ) ;
#5888 = DIRECTION ( 'NONE',  ( 0.0000000000000000000, 0.0000000000000000000, 1.000000000000000000 ) ) ;
#5889 = ORIENTED_EDGE ( 'NONE', *, *, #3531, .F. ) ;
#5890 = FILL_AREA_STYLE ('',( #5983 ) ) ;
#5891 =( CONVERSION_BASED_UNIT ( 'INCH', #6506 ) LENGTH_UNIT ( ) NAMED_UNIT ( #5541 ) );
#5892 = ORIENTED_EDGE ( 'NONE', *, *, #108, .T. ) ;
#5893 = SURFACE_SIDE_STYLE ('',( #8613 ) ) ;
#5894 = ORIENTED_EDGE ( 'NONE', *, *, #1815, .T. ) ;
#5895 = UNCERTAINTY_MEASURE_WITH_UNIT (LENGTH_MEASURE( 1.000000000000000082E-05 ), #1728, 'distance_accuracy_value', 'NONE');
#5896 = LENGTH_MEASURE_WITH_UNIT ( LENGTH_MEASURE( 0.02539999999999999897 ), #7986 );
#5897 = SURFACE_STYLE_USAGE ( .BOTH. , #3156 ) ;
#5898 = CARTESIAN_POINT ( 'NONE',  ( 0.1102370375520062978, -0.1390208218169006193, -0.07874015748031495954 ) ) ;
#5899 = LENGTH_MEASURE_WITH_UNIT ( LENGTH_MEASURE( 0.02539999999999999897 ), #8078 );
#5900 = FILL_AREA_STYLE ('',( #3794 ) ) ;
#5901 = MECHANICAL_DESIGN_GEOMETRIC_PRESENTATION_REPRESENTATION (  '', ( #872 ), #1886 ) ;
#5902 = UNCERTAINTY_MEASURE_WITH_UNIT (LENGTH_MEASURE( 1.000000000000000082E-05 ), #4219, 'distance_accuracy_value', 'NONE');
#5903 =( NAMED_UNIT ( * ) PLANE_ANGLE_UNIT ( ) SI_UNIT ( $, .RADIAN. ) );
#5904 = DIRECTION ( 'NONE',  ( 0.0000000000000000000, 0.0000000000000000000, -1.000000000000000000 ) ) ;
#5905 = DIRECTION ( 'NONE',  ( 0.0000000000000000000, 0.0000000000000000000, -1.000000000000000000 ) ) ;
#5906 = LINE ( 'NONE', #5324, #5535 ) ;
#5907 = ORIENTED_EDGE ( 'NONE', *, *, #2021, .F. ) ;
#5908 = SURFACE_SIDE_STYLE ('',( #5861 ) ) ;
#5909 = ORIENTED_EDGE ( 'NONE', *, *, #8713, .F. ) ;
#5910 = DIRECTION ( 'NONE',  ( 1.000000000000000000, 0.0000000000000000000, -3.516331370223255265E-16 ) ) ;
#5911 = CARTESIAN_POINT ( 'NONE',  ( -0.1088943547947819057, 0.03149606299212598381, -0.06165026030659291612 ) ) ;
#5912 = CARTESIAN_POINT ( 'NONE',  ( -0.1031504233787781388, 0.04330708661417323468, 0.05314960629921260116 ) ) ;
#5913 =( NAMED_UNIT ( * ) SI_UNIT ( $, .STERADIAN. ) SOLID_ANGLE_UNIT ( ) );
#5914 = CARTESIAN_POINT ( 'NONE',  ( 0.1031504233787781388, 0.03149606299212598381, 0.0000000000000000000 ) ) ;
#5915 = VECTOR ( 'NONE', #2917, 39.37007874015748143 ) ;
#5916 = ORIENTED_EDGE ( 'NONE', *, *, #6156, .F. ) ;
#5917 = DIRECTION ( 'NONE',  ( -1.000000000000000000, 0.0000000000000000000, 0.0000000000000000000 ) ) ;
#5918 = VERTEX_POINT ( 'NONE', #4091 ) ;
#5919 = DIRECTION ( 'NONE',  ( 0.3236155771181853935, 0.8891264907159878161, -0.3236155771181853935 ) ) ;
#5920 = PLANE ( 'NONE',  #4296 ) ;
#5921 = CARTESIAN_POINT ( 'NONE',  ( -0.09708156932104941572, 0.03830558020604555441, 0.05353705208004937155 ) ) ;
#5922 = CARTESIAN_POINT ( 'NONE',  ( -0.1316260342594181287, 0.01212648432646549340, 0.01181102362204724393 ) ) ;
#5923 = AXIS2_PLACEMENT_3D ( 'NONE', #8447, #7252, #3123 ) ;
#5924 = EDGE_CURVE ( 'NONE', #8049, #2903, #682, .T. ) ;
#5925 =( CONVERSION_BASED_UNIT ( 'INCH', #4493 ) LENGTH_UNIT ( ) NAMED_UNIT ( #3345 ) );
#5926 = ORIENTED_EDGE ( 'NONE', *, *, #1520, .T. ) ;
#5927 = DIRECTION ( 'NONE',  ( 0.0000000000000000000, 0.0000000000000000000, -1.000000000000000000 ) ) ;
#5928 = DIRECTION ( 'NONE',  ( 0.0000000000000000000, 0.0000000000000000000, 1.000000000000000000 ) ) ;
#5929 = VERTEX_POINT ( 'NONE', #6165 ) ;
#5930 = VERTEX_POINT ( 'NONE', #8208 ) ;
#5931 = EDGE_CURVE ( 'NONE', #3040, #4402, #3, .T. ) ;
#5932 = DIRECTION ( 'NONE',  ( -0.3236155771181853935, 0.8891264907159878161, -0.3236155771181853935 ) ) ;
#5933 = COLOUR_RGB ( '',0.2980392156862745057, 0.2980392156862745057, 0.2980392156862745057 ) ;
#5934 = MECHANICAL_DESIGN_GEOMETRIC_PRESENTATION_REPRESENTATION (  '', ( #6216 ), #7071 ) ;
#5935 =( CONVERSION_BASED_UNIT ( 'INCH', #7894 ) LENGTH_UNIT ( ) NAMED_UNIT ( #7691 ) );
#5936 =( NAMED_UNIT ( * ) SI_UNIT ( $, .STERADIAN. ) SOLID_ANGLE_UNIT ( ) );
#5937 = CARTESIAN_POINT ( 'NONE',  ( 0.2709745503680062728, 0.01968503937007873988, 0.04724409448818897572 ) ) ;
#5938 = EDGE_CURVE ( 'NONE', #7067, #3255, #6359, .T. ) ;
#5939 = CARTESIAN_POINT ( 'NONE',  ( 0.04724409448818897572, -0.06114854350730373339, 0.02854330708661417110 ) ) ;
#5940 = DIRECTION ( 'NONE',  ( 0.0000000000000000000, 1.000000000000000000, 0.0000000000000000000 ) ) ;
#5941 = CIRCLE ( 'NONE', #2212, 0.003937007874015749712 ) ;
#5942 = ORIENTED_EDGE ( 'NONE', *, *, #1756, .T. ) ;
#5943 = LENGTH_MEASURE_WITH_UNIT ( LENGTH_MEASURE( 0.02539999999999999897 ), #6074 );
#5944 = DIRECTION ( 'NONE',  ( 0.3236155771181853935, 0.8891264907159878161, 0.3236155771181853935 ) ) ;
#5945 = DIMENSIONAL_EXPONENTS ( 1.000000000000000000, 0.0000000000000000000, 0.0000000000000000000, 0.0000000000000000000, 0.0000000000000000000, 0.0000000000000000000, 0.0000000000000000000 ) ;
#5946 = SURFACE_STYLE_FILL_AREA ( #6711 ) ;
#5947 = VECTOR ( 'NONE', #3031, 39.37007874015748143 ) ;
#5948 =( GEOMETRIC_REPRESENTATION_CONTEXT ( 3 ) GLOBAL_UNCERTAINTY_ASSIGNED_CONTEXT ( ( #50 ) ) GLOBAL_UNIT_ASSIGNED_CONTEXT ( ( #2058, #3360, #4166 ) ) REPRESENTATION_CONTEXT ( 'NONE', 'WORKASPACE' ) );
#5949 =( CONVERSION_BASED_UNIT ( 'INCH', #3264 ) LENGTH_UNIT ( ) NAMED_UNIT ( #5016 ) );
#5950 = DIRECTION ( 'NONE',  ( 0.0000000000000000000, 0.0000000000000000000, -1.000000000000000000 ) ) ;
#5951 = ORIENTED_EDGE ( 'NONE', *, *, #4330, .F. ) ;
#5952 = FACE_OUTER_BOUND ( 'NONE', #35, .T. ) ;
#5953 = LINE ( 'NONE', #7475, #8488 ) ;
#5954 = MECHANICAL_DESIGN_GEOMETRIC_PRESENTATION_REPRESENTATION (  '', ( #2522 ), #8243 ) ;
#5955 = FILL_AREA_STYLE_COLOUR ( '', #2572 ) ;
#5956 = VECTOR ( 'NONE', #7127, 39.37007874015748143 ) ;
#5957 = EDGE_LOOP ( 'NONE', ( #2686, #6466, #3887, #3268 ) ) ;
#5958 = FILL_AREA_STYLE_COLOUR ( '', #2299 ) ;
#5959 =( NAMED_UNIT ( * ) SI_UNIT ( $, .STERADIAN. ) SOLID_ANGLE_UNIT ( ) );
#5960 = CARTESIAN_POINT ( 'NONE',  ( 0.1102370375520062978, -0.1390208218169006193, -0.07874015748031495954 ) ) ;
#5961 = AXIS2_PLACEMENT_3D ( 'NONE', #468, #1997, #2042 ) ;
#5962 = AXIS2_PLACEMENT_3D ( 'NONE', #3056, #3707, #6390 ) ;
#5963 = PRESENTATION_LAYER_ASSIGNMENT (  '', '', ( #4830 ) ) ;
#5964 = PRESENTATION_STYLE_ASSIGNMENT (( #1876 ) ) ;
#5965 = FILL_AREA_STYLE_COLOUR ( '', #7090 ) ;
#5966 =( NAMED_UNIT ( * ) PLANE_ANGLE_UNIT ( ) SI_UNIT ( $, .RADIAN. ) );
#5967 = ORIENTED_EDGE ( 'NONE', *, *, #4068, .T. ) ;
#5968 = CARTESIAN_POINT ( 'NONE',  ( -0.1161417322834645688, 0.01968503937007873988, 0.07283464566929134798 ) ) ;
#5969 = ORIENTED_EDGE ( 'NONE', *, *, #1302, .F. ) ;
#5970 = VECTOR ( 'NONE', #2668, 39.37007874015748143 ) ;
#5971 = COLOUR_RGB ( '',0.2980392156862745057, 0.2980392156862745057, 0.2980392156862745057 ) ;
#5972 = VECTOR ( 'NONE', #5135, 39.37007874015748143 ) ;
#5973 = VECTOR ( 'NONE', #5950, 39.37007874015748143 ) ;
#5974 = CARTESIAN_POINT ( 'NONE',  ( -0.1102370375520064921, 0.03149606299212598381, 0.0000000000000000000 ) ) ;
#5975 = FILL_AREA_STYLE ('',( #8024 ) ) ;
#5976 = PRESENTATION_STYLE_ASSIGNMENT (( #1202 ) ) ;
#5977 = FACE_OUTER_BOUND ( 'NONE', #3223, .T. ) ;
#5978 = AXIS2_PLACEMENT_3D ( 'NONE', #1386, #1337, #3332 ) ;
#5979 = VECTOR ( 'NONE', #3957, 39.37007874015748143 ) ;
#5980 = MECHANICAL_DESIGN_GEOMETRIC_PRESENTATION_REPRESENTATION (  '', ( #4086 ), #3543 ) ;
#5981 = LINE ( 'NONE', #8609, #2255 ) ;
#5982 = VERTEX_POINT ( 'NONE', #2832 ) ;
#5983 = FILL_AREA_STYLE_COLOUR ( '', #376 ) ;
#5984 = LENGTH_MEASURE_WITH_UNIT ( LENGTH_MEASURE( 0.02539999999999999897 ), #3238 );
#5985 = EDGE_LOOP ( 'NONE', ( #5179, #4949, #1796, #7665 ) ) ;
#5986 = FILL_AREA_STYLE ('',( #2657 ) ) ;
#5987 = ORIENTED_EDGE ( 'NONE', *, *, #140, .T. ) ;
#5989 = SURFACE_STYLE_USAGE ( .BOTH. , #4736 ) ;
#5988 =( GEOMETRIC_REPRESENTATION_CONTEXT ( 3 ) GLOBAL_UNCERTAINTY_ASSIGNED_CONTEXT ( ( #7589 ) ) GLOBAL_UNIT_ASSIGNED_CONTEXT ( ( #7156, #3024, #4167 ) ) REPRESENTATION_CONTEXT ( 'NONE', 'WORKASPACE' ) );
#5990 = EDGE_CURVE ( 'NONE', #7782, #2656, #7992, .T. ) ;
#5991 = DIRECTION ( 'NONE',  ( 1.000000000000000000, 0.0000000000000000000, 0.0000000000000000000 ) ) ;
#5992 = LINE ( 'NONE', #6656, #2746 ) ;
#5993 = EDGE_CURVE ( 'NONE', #6714, #5929, #4877, .T. ) ;
#5994 = FILL_AREA_STYLE ('',( #1853 ) ) ;
#5995 = EDGE_CURVE ( 'NONE', #8572, #6578, #3478, .T. ) ;
#5996 = EDGE_CURVE ( 'NONE', #5608, #4732, #6250, .T. ) ;
#5997 = SURFACE_STYLE_FILL_AREA ( #6565 ) ;
#5998 = ORIENTED_EDGE ( 'NONE', *, *, #5821, .F. ) ;
#5999 = CARTESIAN_POINT ( 'NONE',  ( 0.1161417322834645688, 0.03937007874015747977, 0.06889763779527559306 ) ) ;
#6000 =( NAMED_UNIT ( * ) SI_UNIT ( $, .STERADIAN. ) SOLID_ANGLE_UNIT ( ) );
#6001 = MECHANICAL_DESIGN_GEOMETRIC_PRESENTATION_REPRESENTATION (  '', ( #2119 ), #4418 ) ;
#6002 = DIRECTION ( 'NONE',  ( 0.4999999999999994449, -0.8660254037844389297, 0.0000000000000000000 ) ) ;
#6003 = FACE_OUTER_BOUND ( 'NONE', #7033, .T. ) ;
#6004 = EDGE_CURVE ( 'NONE', #2904, #2813, #27, .T. ) ;
#6005 = ORIENTED_EDGE ( 'NONE', *, *, #6382, .F. ) ;
#6006 = LENGTH_MEASURE_WITH_UNIT ( LENGTH_MEASURE( 0.02539999999999999897 ), #1958 );
#6007 =( NAMED_UNIT ( * ) SI_UNIT ( $, .STERADIAN. ) SOLID_ANGLE_UNIT ( ) );
#6008 = FILL_AREA_STYLE_COLOUR ( '', #1777 ) ;
#6009 = CARTESIAN_POINT ( 'NONE',  ( 0.1001844051475986874, 0.03937007874015747977, -0.05590632889058938515 ) ) ;
#6010 = CARTESIAN_POINT ( 'NONE',  ( 0.1102370375520062978, -0.1390208218169006193, -0.07874015748031495954 ) ) ;
#6011 =( LENGTH_UNIT ( ) NAMED_UNIT ( * ) SI_UNIT ( $, .METRE. ) );
#6012 = DIMENSIONAL_EXPONENTS ( 1.000000000000000000, 0.0000000000000000000, 0.0000000000000000000, 0.0000000000000000000, 0.0000000000000000000, 0.0000000000000000000, 0.0000000000000000000 ) ;
#6013 = PRESENTATION_STYLE_ASSIGNMENT (( #6584 ) ) ;
#6014 =( LENGTH_UNIT ( ) NAMED_UNIT ( * ) SI_UNIT ( $, .METRE. ) );
#6015 = ORIENTED_EDGE ( 'NONE', *, *, #3242, .T. ) ;
#6016 = EDGE_LOOP ( 'NONE', ( #3119, #7548, #6239, #8561 ) ) ;
#6017 = CARTESIAN_POINT ( 'NONE',  ( -0.1102370375520064921, 0.01968503937007873988, 0.04724409448818897572 ) ) ;
#6018 = LINE ( 'NONE', #5383, #2442 ) ;
#6019 = DIRECTION ( 'NONE',  ( 0.0000000000000000000, 1.606225440719264641E-16, -1.000000000000000000 ) ) ;
#6020 = VECTOR ( 'NONE', #4039, 39.37007874015748143 ) ;
#6021 = LINE ( 'NONE', #4209, #6692 ) ;
#6022 = FACE_OUTER_BOUND ( 'NONE', #4887, .T. ) ;
#6023 = PLANE ( 'NONE',  #5208 ) ;
#6024 = VERTEX_POINT ( 'NONE', #8307 ) ;
#6025 = ORIENTED_EDGE ( 'NONE', *, *, #6092, .T. ) ;
#6026 = CARTESIAN_POINT ( 'NONE',  ( 0.1200787401574803237, 0.03937007874015747977, 0.07283464566929134798 ) ) ;
#6027 = FACE_OUTER_BOUND ( 'NONE', #2282, .T. ) ;
#6028 = COLOUR_RGB ( '',0.2980392156862745057, 0.2980392156862745057, 0.2980392156862745057 ) ;
#6029 = DIRECTION ( 'NONE',  ( 0.0000000000000000000, 0.0000000000000000000, 1.000000000000000000 ) ) ;
#6030 = LINE ( 'NONE', #8663, #5695 ) ;
#6031 = EDGE_CURVE ( 'NONE', #2588, #4271, #6958, .T. ) ;
#6032 = EDGE_LOOP ( 'NONE', ( #1388, #5987, #2143, #4307 ) ) ;
#6033 = LINE ( 'NONE', #7373, #4543 ) ;
#6034 = AXIS2_PLACEMENT_3D ( 'NONE', #5798, #1799, #5144 ) ;
#6035 =( NAMED_UNIT ( * ) PLANE_ANGLE_UNIT ( ) SI_UNIT ( $, .RADIAN. ) );
#6036 = DIRECTION ( 'NONE',  ( 1.000000000000000000, 0.0000000000000000000, -2.168404344971010347E-16 ) ) ;
#6037 =( NAMED_UNIT ( * ) PLANE_ANGLE_UNIT ( ) SI_UNIT ( $, .RADIAN. ) );
#6038 = LINE ( 'NONE', #8757, #3237 ) ;
#6039 = CIRCLE ( 'NONE', #11, 0.007874015748031494219 ) ;
#6040 = EDGE_LOOP ( 'NONE', ( #1069, #7915, #1891, #7200 ) ) ;
#6041 = EDGE_CURVE ( 'NONE', #6055, #2244, #8489, .T. ) ;
#6042 = DIRECTION ( 'NONE',  ( 0.0000000000000000000, 0.0000000000000000000, -1.000000000000000000 ) ) ;
#6043 = CIRCLE ( 'NONE', #4321, 0.007874015748031495954 ) ;
#6044 = EDGE_CURVE ( 'NONE', #6964, #6714, #4502, .T. ) ;
#6045 = DIMENSIONAL_EXPONENTS ( 1.000000000000000000, 0.0000000000000000000, 0.0000000000000000000, 0.0000000000000000000, 0.0000000000000000000, 0.0000000000000000000, 0.0000000000000000000 ) ;
#6046 = AXIS2_PLACEMENT_3D ( 'NONE', #6010, #6050, #1238 ) ;
#6047 = EDGE_CURVE ( 'NONE', #2798, #4795, #1767, .T. ) ;
#6048 = SURFACE_STYLE_FILL_AREA ( #8014 ) ;
#6049 = DIRECTION ( 'NONE',  ( 0.0000000000000000000, -1.000000000000000000, 0.0000000000000000000 ) ) ;
#6050 = DIRECTION ( 'NONE',  ( -1.000000000000000000, 0.0000000000000000000, 1.084202172485503694E-16 ) ) ;
#6051 = COLOUR_RGB ( '',0.7686274509803920907, 0.7686274509803920907, 0.7686274509803920907 ) ;
#6052 = SURFACE_STYLE_USAGE ( .BOTH. , #5378 ) ;
#6053 = ORIENTED_EDGE ( 'NONE', *, *, #5228, .T. ) ;
#6054 = PLANE ( 'NONE',  #7717 ) ;
#6055 = VERTEX_POINT ( 'NONE', #3650 ) ;
#6056 = LINE ( 'NONE', #527, #558 ) ;
#6057 = VECTOR ( 'NONE', #6759, 39.37007874015748143 ) ;
#6058 = AXIS2_PLACEMENT_3D ( 'NONE', #8139, #2173, #4790 ) ;
#6059 =( NAMED_UNIT ( * ) PLANE_ANGLE_UNIT ( ) SI_UNIT ( $, .RADIAN. ) );
#6060 = CARTESIAN_POINT ( 'NONE',  ( 0.09575126888440098349, 0.04196055061682803233, 0.05220675164340077973 ) ) ;
#6061 = FACE_OUTER_BOUND ( 'NONE', #6062, .T. ) ;
#6062 = EDGE_LOOP ( 'NONE', ( #4072, #4588, #3836, #7744 ) ) ;
#6063 = CARTESIAN_POINT ( 'NONE',  ( -0.1200787401574803237, 0.01968503937007873988, -0.07283464566929134798 ) ) ;
#6064 = ORIENTED_EDGE ( 'NONE', *, *, #2026, .T. ) ;
#6065 = DIMENSIONAL_EXPONENTS ( 1.000000000000000000, 0.0000000000000000000, 0.0000000000000000000, 0.0000000000000000000, 0.0000000000000000000, 0.0000000000000000000, 0.0000000000000000000 ) ;
#6066 = DIRECTION ( 'NONE',  ( 0.0000000000000000000, 1.000000000000000000, 0.0000000000000000000 ) ) ;
#6067 = UNCERTAINTY_MEASURE_WITH_UNIT (LENGTH_MEASURE( 1.000000000000000082E-05 ), #5925, 'distance_accuracy_value', 'NONE');
#6068 =( NAMED_UNIT ( * ) PLANE_ANGLE_UNIT ( ) SI_UNIT ( $, .RADIAN. ) );
#6069 = CARTESIAN_POINT ( 'NONE',  ( -0.1200787401574803237, 0.03149606299212598381, 0.01968503937007873988 ) ) ;
#6070 = SURFACE_STYLE_FILL_AREA ( #3331 ) ;
#6071 = FILL_AREA_STYLE_COLOUR ( '', #3909 ) ;
#6072 = CARTESIAN_POINT ( 'NONE',  ( -0.08617334877031732066, 0.06692913385826770867, 0.03892925428212862249 ) ) ;
#6073 = ORIENTED_EDGE ( 'NONE', *, *, #3740, .T. ) ;
#6074 =( LENGTH_UNIT ( ) NAMED_UNIT ( * ) SI_UNIT ( $, .METRE. ) );
#6075 = CARTESIAN_POINT ( 'NONE',  ( 0.1102370375520062978, 0.04724409448818897572, 0.01968503937007873988 ) ) ;
#6076 = MECHANICAL_DESIGN_GEOMETRIC_PRESENTATION_REPRESENTATION (  '', ( #3786 ), #3347 ) ;
#6077 = AXIS2_PLACEMENT_3D ( 'NONE', #2163, #6204, #7545 ) ;
#6078 = FILL_AREA_STYLE ('',( #5416 ) ) ;
#6079 = CARTESIAN_POINT ( 'NONE',  ( 0.1200787401574803237, 0.01901624810599303328, 0.01181102362204724393 ) ) ;
#6080 = DIRECTION ( 'NONE',  ( 0.0000000000000000000, 0.0000000000000000000, 1.000000000000000000 ) ) ;
#6081 = AXIS2_PLACEMENT_3D ( 'NONE', #3493, #6271, #2222 ) ;
#6082 = DIRECTION ( 'NONE',  ( 0.0000000000000000000, -1.000000000000000000, 0.0000000000000000000 ) ) ;
#6083 = VERTEX_POINT ( 'NONE', #398 ) ;
#6084 = LINE ( 'NONE', #6752, #361 ) ;
#6085 = LINE ( 'NONE', #5289, #3506 ) ;
#6086 =( LENGTH_UNIT ( ) NAMED_UNIT ( * ) SI_UNIT ( $, .METRE. ) );
#6087 = ADVANCED_FACE ( 'NONE', ( #1696 ), #950, .F. ) ;
#6088 = CARTESIAN_POINT ( 'NONE',  ( 0.05314960629921260116, 0.06299212598425196763, 0.01771653543307086937 ) ) ;
#6089 = FILL_AREA_STYLE ('',( #2185 ) ) ;
#6090 = VECTOR ( 'NONE', #7617, 39.37007874015748143 ) ;
#6091 = EDGE_CURVE ( 'NONE', #3511, #7660, #2435, .T. ) ;
#6092 = EDGE_CURVE ( 'NONE', #3324, #8049, #5176, .T. ) ;
#6093 = ORIENTED_EDGE ( 'NONE', *, *, #7021, .F. ) ;
#6094 = ORIENTED_EDGE ( 'NONE', *, *, #6031, .F. ) ;
#6095 = CARTESIAN_POINT ( 'NONE',  ( -0.1102370375520064921, 0.04724409448818897572, 0.05511811023622047168 ) ) ;
#6096 =( CONVERSION_BASED_UNIT ( 'INCH', #6941 ) LENGTH_UNIT ( ) NAMED_UNIT ( #8193 ) );
#6097 = AXIS2_PLACEMENT_3D ( 'NONE', #1121, #1280, #1967 ) ;
#6098 = PRESENTATION_LAYER_ASSIGNMENT (  '', '', ( #2525 ) ) ;
#6099 =( NAMED_UNIT ( * ) SI_UNIT ( $, .STERADIAN. ) SOLID_ANGLE_UNIT ( ) );
#6100 = FILL_AREA_STYLE ('',( #4041 ) ) ;
#6101 =( LENGTH_UNIT ( ) NAMED_UNIT ( * ) SI_UNIT ( $, .METRE. ) );
#6102 = DIRECTION ( 'NONE',  ( 0.0000000000000000000, 0.0000000000000000000, 1.000000000000000000 ) ) ;
#6103 = DIMENSIONAL_EXPONENTS ( 1.000000000000000000, 0.0000000000000000000, 0.0000000000000000000, 0.0000000000000000000, 0.0000000000000000000, 0.0000000000000000000, 0.0000000000000000000 ) ;
#6104 = SURFACE_STYLE_USAGE ( .BOTH. , #8114 ) ;
#6105 =( NAMED_UNIT ( * ) SI_UNIT ( $, .STERADIAN. ) SOLID_ANGLE_UNIT ( ) );
#6106 = ORIENTED_EDGE ( 'NONE', *, *, #2026, .F. ) ;
#6107 = VECTOR ( 'NONE', #3296, 39.37007874015748143 ) ;
#6108 = AXIS2_PLACEMENT_3D ( 'NONE', #2674, #3338, #3490 ) ;
#6109 = ORIENTED_EDGE ( 'NONE', *, *, #3906, .F. ) ;
#6110 = ORIENTED_EDGE ( 'NONE', *, *, #6908, .F. ) ;
#6111 = CARTESIAN_POINT ( 'NONE',  ( 0.1122047244094488277, 0.0000000000000000000, 0.06496062992125983815 ) ) ;
#6112 =( CONVERSION_BASED_UNIT ( 'INCH', #5582 ) LENGTH_UNIT ( ) NAMED_UNIT ( #7437 ) );
#6113 = CARTESIAN_POINT ( 'NONE',  ( 0.1122047244094488277, 0.0000000000000000000, 0.06496062992125983815 ) ) ;
#6114 = STYLED_ITEM ( 'NONE', ( #137 ), #2639 ) ;
#6115 = DIRECTION ( 'NONE',  ( 0.0000000000000000000, -1.000000000000000000, -7.047314121155792232E-15 ) ) ;
#6116 = CIRCLE ( 'NONE', #3541, 0.003937007874015749712 ) ;
#6117 = AXIS2_PLACEMENT_3D ( 'NONE', #615, #7578, #3417 ) ;
#6118 = COLOUR_RGB ( '',0.2980392156862745057, 0.2980392156862745057, 0.2980392156862745057 ) ;
#6119 = ORIENTED_EDGE ( 'NONE', *, *, #6846, .F. ) ;
#6120 = LINE ( 'NONE', #4608, #5970 ) ;
#6121 = SURFACE_SIDE_STYLE ('',( #6785 ) ) ;
#6122 =( GEOMETRIC_REPRESENTATION_CONTEXT ( 3 ) GLOBAL_UNCERTAINTY_ASSIGNED_CONTEXT ( ( #2032 ) ) GLOBAL_UNIT_ASSIGNED_CONTEXT ( ( #578, #8704, #8741 ) ) REPRESENTATION_CONTEXT ( 'NONE', 'WORKASPACE' ) );
#6123 = AXIS2_PLACEMENT_3D ( 'NONE', #2326, #1057, #8295 ) ;
#6124 =( NAMED_UNIT ( * ) PLANE_ANGLE_UNIT ( ) SI_UNIT ( $, .RADIAN. ) );
#6125 = DIMENSIONAL_EXPONENTS ( 1.000000000000000000, 0.0000000000000000000, 0.0000000000000000000, 0.0000000000000000000, 0.0000000000000000000, 0.0000000000000000000, 0.0000000000000000000 ) ;
#6126 = CARTESIAN_POINT ( 'NONE',  ( -0.2709745503680062728, 0.01968503937007873988, -0.07283464566929134798 ) ) ;
#6127 = FILL_AREA_STYLE ('',( #104 ) ) ;
#6128 = LINE ( 'NONE', #8843, #3391 ) ;
#6129 = STYLED_ITEM ( 'NONE', ( #29 ), #3017 ) ;
#6130 = VECTOR ( 'NONE', #3333, 39.37007874015748143 ) ;
#6131 = CARTESIAN_POINT ( 'NONE',  ( -0.1102370375520064921, 0.01968503937007873988, 0.07283464566929134798 ) ) ;
#6132 = VERTEX_POINT ( 'NONE', #5002 ) ;
#6133 = PRESENTATION_STYLE_ASSIGNMENT (( #1232 ) ) ;
#6134 = PRESENTATION_STYLE_ASSIGNMENT (( #8183 ) ) ;
#6135 = CARTESIAN_POINT ( 'NONE',  ( -0.05511811023622047168, 0.07086614173228347746, -0.02066929133858268208 ) ) ;
#6136 = DIRECTION ( 'NONE',  ( 0.0000000000000000000, 0.0000000000000000000, -1.000000000000000000 ) ) ;
#6137 = COLOUR_RGB ( '',0.7686274509803920907, 0.7686274509803920907, 0.7686274509803920907 ) ;
#6138 =( LENGTH_UNIT ( ) NAMED_UNIT ( * ) SI_UNIT ( $, .METRE. ) );
#6139 = LENGTH_MEASURE_WITH_UNIT ( LENGTH_MEASURE( 0.02539999999999999897 ), #6014 );
#6140 = ORIENTED_EDGE ( 'NONE', *, *, #493, .T. ) ;
#6141 = LENGTH_MEASURE_WITH_UNIT ( LENGTH_MEASURE( 0.02539999999999999897 ), #4035 );
#6142 = ADVANCED_FACE ( 'NONE', ( #5088 ), #3732, .T. ) ;
#6143 = ORIENTED_EDGE ( 'NONE', *, *, #1798, .F. ) ;
#6145 = CARTESIAN_POINT ( 'NONE',  ( 0.05314960629921260116, 0.06299212598425196763, 0.01771653543307086937 ) ) ;
#6144 = VECTOR ( 'NONE', #921, 39.37007874015748143 ) ;
#6146 = EDGE_CURVE ( 'NONE', #4064, #4399, #2477, .T. ) ;
#6147 = ADVANCED_FACE ( 'NONE', ( #6022 ), #7927, .T. ) ;
#6148 = LENGTH_MEASURE_WITH_UNIT ( LENGTH_MEASURE( 0.02539999999999999897 ), #30 );
#6149 = SURFACE_STYLE_USAGE ( .BOTH. , #4942 ) ;
#6150 = FILL_AREA_STYLE ('',( #8775 ) ) ;
#6151 =( NAMED_UNIT ( * ) SI_UNIT ( $, .STERADIAN. ) SOLID_ANGLE_UNIT ( ) );
#6152 = LINE ( 'NONE', #1375, #3980 ) ;
#6153 = ORIENTED_EDGE ( 'NONE', *, *, #5497, .F. ) ;
#6154 = MECHANICAL_DESIGN_GEOMETRIC_PRESENTATION_REPRESENTATION (  '', ( #5295 ), #5592 ) ;
#6155 = CARTESIAN_POINT ( 'NONE',  ( 0.07605369873274114845, 0.09607917982663662093, -0.03250918149174097938 ) ) ;
#6156 = EDGE_CURVE ( 'NONE', #4147, #4649, #483, .T. ) ;
#6157 = EDGE_LOOP ( 'NONE', ( #714, #983, #5355, #8036 ) ) ;
#6158 = CARTESIAN_POINT ( 'NONE',  ( 0.1200787401574803237, 0.01968503937007873988, 0.04724409448818897572 ) ) ;
#6159 = PRESENTATION_LAYER_ASSIGNMENT (  '', '', ( #2140 ) ) ;
#6160 = FILL_AREA_STYLE ('',( #4053 ) ) ;
#6161 = EDGE_CURVE ( 'NONE', #4096, #8845, #4680, .T. ) ;
#6162 = PLANE ( 'NONE',  #5465 ) ;
#6163 = ADVANCED_FACE ( 'NONE', ( #5977 ), #8733, .F. ) ;
#6164 = CARTESIAN_POINT ( 'NONE',  ( 0.1102370375520064921, 0.03937007874015747977, 0.07283464566929134798 ) ) ;
#6165 = CARTESIAN_POINT ( 'NONE',  ( 0.1316260342594181287, 0.01212648432646549340, -0.01181102362204724393 ) ) ;
#6166 = CARTESIAN_POINT ( 'NONE',  ( 0.1161417322834645688, 0.0000000000000000000, 0.07283464566929134798 ) ) ;
#6167 = VERTEX_POINT ( 'NONE', #5520 ) ;
#6168 = DIMENSIONAL_EXPONENTS ( 1.000000000000000000, 0.0000000000000000000, 0.0000000000000000000, 0.0000000000000000000, 0.0000000000000000000, 0.0000000000000000000, 0.0000000000000000000 ) ;
#6169 = FILL_AREA_STYLE_COLOUR ( '', #3576 ) ;
#6170 = UNCERTAINTY_MEASURE_WITH_UNIT (LENGTH_MEASURE( 1.000000000000000082E-05 ), #5935, 'distance_accuracy_value', 'NONE');
#6171 = FACE_OUTER_BOUND ( 'NONE', #136, .T. ) ;
#6172 = LINE ( 'NONE', #6307, #4675 ) ;
#6173 = SURFACE_SIDE_STYLE ('',( #6922 ) ) ;
#6174 =( CONVERSION_BASED_UNIT ( 'INCH', #4106 ) LENGTH_UNIT ( ) NAMED_UNIT ( #4682 ) );
#6175 = DIRECTION ( 'NONE',  ( 1.000000000000000000, 0.0000000000000000000, 0.0000000000000000000 ) ) ;
#6176 = ORIENTED_EDGE ( 'NONE', *, *, #3232, .T. ) ;
#6177 = DIRECTION ( 'NONE',  ( 0.0000000000000000000, -1.000000000000000000, 0.0000000000000000000 ) ) ;
#6178 = MECHANICAL_DESIGN_GEOMETRIC_PRESENTATION_REPRESENTATION (  '', ( #301 ), #6596 ) ;
#6179 = LENGTH_MEASURE_WITH_UNIT ( LENGTH_MEASURE( 0.02539999999999999897 ), #4288 );
#6180 = LINE ( 'NONE', #4850, #8616 ) ;
#6181 = STYLED_ITEM ( 'NONE', ( #7631 ), #4291 ) ;
#6182 =( NAMED_UNIT ( * ) SI_UNIT ( $, .STERADIAN. ) SOLID_ANGLE_UNIT ( ) );
#6183 = DIMENSIONAL_EXPONENTS ( 1.000000000000000000, 0.0000000000000000000, 0.0000000000000000000, 0.0000000000000000000, 0.0000000000000000000, 0.0000000000000000000, 0.0000000000000000000 ) ;
#6184 = CARTESIAN_POINT ( 'NONE',  ( 0.1102370375520062978, 0.04724409448818897572, -0.01968503937007873988 ) ) ;
#6185 =( LENGTH_UNIT ( ) NAMED_UNIT ( * ) SI_UNIT ( $, .METRE. ) );
#6186 = ORIENTED_EDGE ( 'NONE', *, *, #3908, .T. ) ;
#6187 =( GEOMETRIC_REPRESENTATION_CONTEXT ( 3 ) GLOBAL_UNCERTAINTY_ASSIGNED_CONTEXT ( ( #1753 ) ) GLOBAL_UNIT_ASSIGNED_CONTEXT ( ( #8503, #5829, #1022 ) ) REPRESENTATION_CONTEXT ( 'NONE', 'WORKASPACE' ) );
#6188 = EDGE_LOOP ( 'NONE', ( #5446, #3288, #7382, #3003 ) ) ;
#6189 = DIRECTION ( 'NONE',  ( 0.0000000000000000000, 0.1045284632676536235, -0.9945218953682732899 ) ) ;
#6190 = AXIS2_PLACEMENT_3D ( 'NONE', #978, #4482, #6452 ) ;
#6191 = SURFACE_STYLE_USAGE ( .BOTH. , #8153 ) ;
#6192 = SURFACE_STYLE_USAGE ( .BOTH. , #7489 ) ;
#6193 = DIRECTION ( 'NONE',  ( 0.0000000000000000000, -1.000000000000000000, 0.0000000000000000000 ) ) ;
#6194 = PRESENTATION_LAYER_ASSIGNMENT (  '', '', ( #5632 ) ) ;
#6195 = VECTOR ( 'NONE', #2225, 39.37007874015748143 ) ;
#6196 = ORIENTED_EDGE ( 'NONE', *, *, #3528, .F. ) ;
#6197 = ORIENTED_EDGE ( 'NONE', *, *, #7615, .T. ) ;
#6198 = ORIENTED_EDGE ( 'NONE', *, *, #4386, .T. ) ;
#6199 = COLOUR_RGB ( '',0.7921568627450980005, 0.8196078431372548767, 0.9333333333333333481 ) ;
#6200 = SURFACE_SIDE_STYLE ('',( #5581 ) ) ;
#6201 = DIRECTION ( 'NONE',  ( 0.0000000000000000000, 1.000000000000000000, 0.0000000000000000000 ) ) ;
#6202 = FACE_OUTER_BOUND ( 'NONE', #4996, .T. ) ;
#6203 = CARTESIAN_POINT ( 'NONE',  ( 0.1102370375520062978, 0.01968503937007873988, -0.07283464566929134798 ) ) ;
#6204 = DIRECTION ( 'NONE',  ( 1.000000000000000000, 4.956138344007480213E-30, -1.047823912143764092E-43 ) ) ;
#6205 = EDGE_CURVE ( 'NONE', #3513, #5432, #1324, .T. ) ;
#6206 =( CONVERSION_BASED_UNIT ( 'INCH', #725 ) LENGTH_UNIT ( ) NAMED_UNIT ( #8776 ) );
#6207 = DIRECTION ( 'NONE',  ( -1.000000000000000000, 0.0000000000000000000, 0.0000000000000000000 ) ) ;
#6208 = VERTEX_POINT ( 'NONE', #3418 ) ;
#6209 = ADVANCED_FACE ( 'NONE', ( #31 ), #8247, .F. ) ;
#6210 =( CONVERSION_BASED_UNIT ( 'INCH', #5634 ) LENGTH_UNIT ( ) NAMED_UNIT ( #6304 ) );
#6211 = DIRECTION ( 'NONE',  ( 0.0000000000000000000, 0.0000000000000000000, -1.000000000000000000 ) ) ;
#6212 =( LENGTH_UNIT ( ) NAMED_UNIT ( * ) SI_UNIT ( $, .METRE. ) );
#6213 = PRESENTATION_STYLE_ASSIGNMENT (( #8222 ) ) ;
#6214 = SURFACE_STYLE_FILL_AREA ( #7471 ) ;
#6215 = ORIENTED_EDGE ( 'NONE', *, *, #545, .F. ) ;
#6216 = STYLED_ITEM ( 'NONE', ( #1036 ), #6087 ) ;
#6217 = CARTESIAN_POINT ( 'NONE',  ( -0.08341662617894055054, 0.06299212598425196763, -0.03617253169075181074 ) ) ;
#6218 =( CONVERSION_BASED_UNIT ( 'INCH', #3445 ) LENGTH_UNIT ( ) NAMED_UNIT ( #7998 ) );
#6219 = DIMENSIONAL_EXPONENTS ( 1.000000000000000000, 0.0000000000000000000, 0.0000000000000000000, 0.0000000000000000000, 0.0000000000000000000, 0.0000000000000000000, 0.0000000000000000000 ) ;
#6220 = DIRECTION ( 'NONE',  ( 0.0000000000000000000, 0.0000000000000000000, -1.000000000000000000 ) ) ;
#6221 = CARTESIAN_POINT ( 'NONE',  ( 0.1200787401574803237, 0.0000000000000000000, 0.04724409448818897572 ) ) ;
#6222 = LINE ( 'NONE', #3405, #63 ) ;
#6223 = LENGTH_MEASURE_WITH_UNIT ( LENGTH_MEASURE( 0.02539999999999999897 ), #7064 );
#6224 = ORIENTED_EDGE ( 'NONE', *, *, #6706, .F. ) ;
#6225 = DIRECTION ( 'NONE',  ( 1.000000000000000000, 0.0000000000000000000, 0.0000000000000000000 ) ) ;
#6226 = VECTOR ( 'NONE', #5426, 39.37007874015748143 ) ;
#6227 = VECTOR ( 'NONE', #6643, 39.37007874015748143 ) ;
#6228 = VERTEX_POINT ( 'NONE', #4862 ) ;
#6229 = CARTESIAN_POINT ( 'NONE',  ( 0.04724409448818897572, -0.06114854350730373339, -0.02854330708661417110 ) ) ;
#6230 = DIRECTION ( 'NONE',  ( 0.0000000000000000000, 0.0000000000000000000, 1.000000000000000000 ) ) ;
#6231 = SURFACE_STYLE_FILL_AREA ( #844 ) ;
#6232 = DIRECTION ( 'NONE',  ( 0.0000000000000000000, 1.000000000000000000, 0.0000000000000000000 ) ) ;
#6233 = VECTOR ( 'NONE', #8401, 39.37007874015748143 ) ;
#6234 = SURFACE_SIDE_STYLE ('',( #798 ) ) ;
#6235 = SURFACE_STYLE_USAGE ( .BOTH. , #1414 ) ;
#6236 = LINE ( 'NONE', #3120, #3697 ) ;
#6237 = EDGE_LOOP ( 'NONE', ( #1059, #6888, #7968, #7358 ) ) ;
#6238 = EDGE_CURVE ( 'NONE', #2259, #4732, #6896, .T. ) ;
#6239 = ORIENTED_EDGE ( 'NONE', *, *, #997, .T. ) ;
#6240 = DIRECTION ( 'NONE',  ( 1.000000000000000000, 4.917492902039890596E-17, 0.0000000000000000000 ) ) ;
#6241 = VERTEX_POINT ( 'NONE', #751 ) ;
#6242 = DIMENSIONAL_EXPONENTS ( 1.000000000000000000, 0.0000000000000000000, 0.0000000000000000000, 0.0000000000000000000, 0.0000000000000000000, 0.0000000000000000000, 0.0000000000000000000 ) ;
#6243 =( LENGTH_UNIT ( ) NAMED_UNIT ( * ) SI_UNIT ( $, .METRE. ) );
#6244 = PRESENTATION_LAYER_ASSIGNMENT (  '', '', ( #1941 ) ) ;
#6245 = EDGE_LOOP ( 'NONE', ( #7179, #4822, #470, #1082 ) ) ;
#6246 = COLOUR_RGB ( '',0.2980392156862745057, 0.2980392156862745057, 0.2980392156862745057 ) ;
#6247 = CARTESIAN_POINT ( 'NONE',  ( -0.1265117110087226326, 0.009173728420953680684, 0.01181102362204724393 ) ) ;
#6248 = SURFACE_SIDE_STYLE ('',( #1334 ) ) ;
#6249 = SURFACE_SIDE_STYLE ('',( #2780 ) ) ;
#6250 = LINE ( 'NONE', #5585, #3348 ) ;
#6251 = VECTOR ( 'NONE', #109, 39.37007874015748143 ) ;
#6252 = PRESENTATION_LAYER_ASSIGNMENT (  '', '', ( #3535 ) ) ;
#6253 = CIRCLE ( 'NONE', #5386, 0.003937007874015749712 ) ;
#6254 = ORIENTED_EDGE ( 'NONE', *, *, #2957, .T. ) ;
#6255 =( CONVERSION_BASED_UNIT ( 'INCH', #2030 ) LENGTH_UNIT ( ) NAMED_UNIT ( #1993 ) );
#6256 = LINE ( 'NONE', #99, #409 ) ;
#6257 = EDGE_CURVE ( 'NONE', #5575, #8212, #1507, .T. ) ;
#6258 = UNCERTAINTY_MEASURE_WITH_UNIT (LENGTH_MEASURE( 1.000000000000000082E-05 ), #1727, 'distance_accuracy_value', 'NONE');
#6259 = COLOUR_RGB ( '',0.2980392156862745057, 0.2980392156862745057, 0.2980392156862745057 ) ;
#6260 = VECTOR ( 'NONE', #4013, 39.37007874015748143 ) ;
#6261 = VECTOR ( 'NONE', #5737, 39.37007874015748143 ) ;
#6262 = ADVANCED_FACE ( 'NONE', ( #76, #616 ), #2819, .T. ) ;
#6263 =( NAMED_UNIT ( * ) PLANE_ANGLE_UNIT ( ) SI_UNIT ( $, .RADIAN. ) );
#6264 = CARTESIAN_POINT ( 'NONE',  ( -0.1031504233787781111, 0.03937007874015747977, 0.05294031065940998926 ) ) ;
#6265 = VECTOR ( 'NONE', #3188, 39.37007874015748143 ) ;
#6266 = ORIENTED_EDGE ( 'NONE', *, *, #654, .F. ) ;
#6267 = COLOUR_RGB ( '',0.7686274509803920907, 0.7686274509803920907, 0.7686274509803920907 ) ;
#6268 = VECTOR ( 'NONE', #5927, 39.37007874015748143 ) ;
#6269 = DIMENSIONAL_EXPONENTS ( 1.000000000000000000, 0.0000000000000000000, 0.0000000000000000000, 0.0000000000000000000, 0.0000000000000000000, 0.0000000000000000000, 0.0000000000000000000 ) ;
#6270 = LENGTH_MEASURE_WITH_UNIT ( LENGTH_MEASURE( 0.02539999999999999897 ), #1441 );
#6271 = DIRECTION ( 'NONE',  ( 0.0000000000000000000, 0.0000000000000000000, 1.000000000000000000 ) ) ;
#6272 = COLOUR_RGB ( '',0.7686274509803920907, 0.7686274509803920907, 0.7686274509803920907 ) ;
#6273 = PRESENTATION_LAYER_ASSIGNMENT (  '', '', ( #3409 ) ) ;
#6274 = VERTEX_POINT ( 'NONE', #8361 ) ;
#6275 = CARTESIAN_POINT ( 'NONE',  ( 0.1161417322834645688, 0.03937007874015747977, -0.07283464566929134798 ) ) ;
#6276 = EDGE_CURVE ( 'NONE', #7494, #1879, #4345, .T. ) ;
#6277 = CARTESIAN_POINT ( 'NONE',  ( -0.1200787401574803237, 0.03937007874015747977, -0.07283464566929134798 ) ) ;
#6278 = PRESENTATION_STYLE_ASSIGNMENT (( #3544 ) ) ;
#6279 = SURFACE_STYLE_USAGE ( .BOTH. , #7609 ) ;
#6280 =( NAMED_UNIT ( * ) SI_UNIT ( $, .STERADIAN. ) SOLID_ANGLE_UNIT ( ) );
#6281 = VERTEX_POINT ( 'NONE', #3079 ) ;
#6282 =( GEOMETRIC_REPRESENTATION_CONTEXT ( 3 ) GLOBAL_UNCERTAINTY_ASSIGNED_CONTEXT ( ( #1468 ) ) GLOBAL_UNIT_ASSIGNED_CONTEXT ( ( #5309, #2612, #1039 ) ) REPRESENTATION_CONTEXT ( 'NONE', 'WORKASPACE' ) );
#6283 = LENGTH_MEASURE_WITH_UNIT ( LENGTH_MEASURE( 0.02539999999999999897 ), #6319 );
#6284 = EDGE_LOOP ( 'NONE', ( #7296, #5894, #6357, #4204 ) ) ;
#6285 =( NAMED_UNIT ( * ) PLANE_ANGLE_UNIT ( ) SI_UNIT ( $, .RADIAN. ) );
#6286 = DIRECTION ( 'NONE',  ( 0.0000000000000000000, 1.000000000000000000, 2.409338161078900167E-16 ) ) ;
#6287 = CARTESIAN_POINT ( 'NONE',  ( 0.1102370375520062978, 0.03937007874015747977, 0.05511811023622047168 ) ) ;
#6288 = VECTOR ( 'NONE', #7622, 39.37007874015748143 ) ;
#6289 =( LENGTH_UNIT ( ) NAMED_UNIT ( * ) SI_UNIT ( $, .METRE. ) );
#6290 = DIMENSIONAL_EXPONENTS ( 1.000000000000000000, 0.0000000000000000000, 0.0000000000000000000, 0.0000000000000000000, 0.0000000000000000000, 0.0000000000000000000, 0.0000000000000000000 ) ;
#6291 = PRESENTATION_STYLE_ASSIGNMENT (( #7201 ) ) ;
#6292 = ORIENTED_EDGE ( 'NONE', *, *, #3635, .F. ) ;
#6293 = VERTEX_POINT ( 'NONE', #6410 ) ;
#6294 = ORIENTED_EDGE ( 'NONE', *, *, #2739, .T. ) ;
#6295 = PLANE ( 'NONE',  #6836 ) ;
#6296 = AXIS2_PLACEMENT_3D ( 'NONE', #5518, #4720, #4073 ) ;
#6297 = EDGE_LOOP ( 'NONE', ( #1772, #2524, #1166, #2060, #5473, #575, #2993 ) ) ;
#6298 = DIRECTION ( 'NONE',  ( -1.000000000000000000, 0.0000000000000000000, 0.0000000000000000000 ) ) ;
#6299 = LINE ( 'NONE', #4876, #2875 ) ;
#6300 = LINE ( 'NONE', #625, #2809 ) ;
#6301 = DIRECTION ( 'NONE',  ( 1.000000000000000000, 0.0000000000000000000, 0.0000000000000000000 ) ) ;
#6302 = VERTEX_POINT ( 'NONE', #345 ) ;
#6303 = CARTESIAN_POINT ( 'NONE',  ( 0.0000000000000000000, 0.0000000000000000000, -0.04724409448818897572 ) ) ;
#6304 = DIMENSIONAL_EXPONENTS ( 1.000000000000000000, 0.0000000000000000000, 0.0000000000000000000, 0.0000000000000000000, 0.0000000000000000000, 0.0000000000000000000, 0.0000000000000000000 ) ;
#6305 =( NAMED_UNIT ( * ) PLANE_ANGLE_UNIT ( ) SI_UNIT ( $, .RADIAN. ) );
#6306 = SURFACE_STYLE_USAGE ( .BOTH. , #824 ) ;
#6307 = CARTESIAN_POINT ( 'NONE',  ( 0.0000000000000000000, 0.0000000000000000000, 0.04724409448818897572 ) ) ;
#6308 = LINE ( 'NONE', #2216, #7196 ) ;
#6309 = AXIS2_PLACEMENT_3D ( 'NONE', #895, #4999, #8564 ) ;
#6310 = LENGTH_MEASURE_WITH_UNIT ( LENGTH_MEASURE( 0.02539999999999999897 ), #7056 );
#6311 = SURFACE_STYLE_USAGE ( .BOTH. , #191 ) ;
#6312 = UNCERTAINTY_MEASURE_WITH_UNIT (LENGTH_MEASURE( 1.000000000000000082E-05 ), #6844, 'distance_accuracy_value', 'NONE');
#6313 = DIRECTION ( 'NONE',  ( 0.0000000000000000000, 0.0000000000000000000, -1.000000000000000000 ) ) ;
#6314 =( LENGTH_UNIT ( ) NAMED_UNIT ( * ) SI_UNIT ( $, .METRE. ) );
#6315 = EDGE_CURVE ( 'NONE', #2747, #1856, #4393, .T. ) ;
#6316 = FILL_AREA_STYLE_COLOUR ( '', #5674 ) ;
#6317 = SURFACE_STYLE_FILL_AREA ( #8406 ) ;
#6318 = ORIENTED_EDGE ( 'NONE', *, *, #6637, .F. ) ;
#6319 =( LENGTH_UNIT ( ) NAMED_UNIT ( * ) SI_UNIT ( $, .METRE. ) );
#6320 = EDGE_CURVE ( 'NONE', #3669, #7954, #1638, .T. ) ;
#6321 = EDGE_LOOP ( 'NONE', ( #2153, #6667, #2249, #216 ) ) ;
#6322 = ADVANCED_FACE ( 'NONE', ( #1021 ), #6455, .F. ) ;
#6323 = CARTESIAN_POINT ( 'NONE',  ( -0.1102370375520064921, 0.03149606299212598381, 0.01968503937007873988 ) ) ;
#6324 = SURFACE_STYLE_USAGE ( .BOTH. , #2056 ) ;
#6325 = CARTESIAN_POINT ( 'NONE',  ( -0.1200787401574803237, 0.01968503937007873988, 0.07283464566929134798 ) ) ;
#6326 = CYLINDRICAL_SURFACE ( 'NONE', #153, 0.003937007874015749712 ) ;
#6327 = COLOUR_RGB ( '',0.7686274509803920907, 0.7686274509803920907, 0.7686274509803920907 ) ;
#6328 = SURFACE_STYLE_FILL_AREA ( #3598 ) ;
#6329 = ORIENTED_EDGE ( 'NONE', *, *, #5495, .F. ) ;
#6330 = CARTESIAN_POINT ( 'NONE',  ( 0.1122047244094488277, 0.0000000000000000000, -0.06496062992125983815 ) ) ;
#6331 = ORIENTED_EDGE ( 'NONE', *, *, #7077, .T. ) ;
#6332 = ORIENTED_EDGE ( 'NONE', *, *, #3900, .F. ) ;
#6333 = UNCERTAINTY_MEASURE_WITH_UNIT (LENGTH_MEASURE( 1.000000000000000082E-05 ), #6210, 'distance_accuracy_value', 'NONE');
#6334 = MECHANICAL_DESIGN_GEOMETRIC_PRESENTATION_REPRESENTATION (  '', ( #8331 ), #7476 ) ;
#6335 = VECTOR ( 'NONE', #7388, 39.37007874015748143 ) ;
#6336 = CARTESIAN_POINT ( 'NONE',  ( -0.04527559055118110520, 0.06299212598425196763, -0.01771653543307086937 ) ) ;
#6337 = LENGTH_MEASURE_WITH_UNIT ( LENGTH_MEASURE( 0.02539999999999999897 ), #134 );
#6338 = PRESENTATION_STYLE_ASSIGNMENT (( #2298 ) ) ;
#6339 = FACE_OUTER_BOUND ( 'NONE', #1972, .T. ) ;
#6340 = ORIENTED_EDGE ( 'NONE', *, *, #5665, .F. ) ;
#6341 = MECHANICAL_DESIGN_GEOMETRIC_PRESENTATION_REPRESENTATION (  '', ( #1306 ), #5763 ) ;
#6342 = SURFACE_STYLE_FILL_AREA ( #3655 ) ;
#6343 = UNCERTAINTY_MEASURE_WITH_UNIT (LENGTH_MEASURE( 1.000000000000000082E-05 ), #4890, 'distance_accuracy_value', 'NONE');
#6344 = FILL_AREA_STYLE ('',( #1391 ) ) ;
#6345 = CLOSED_SHELL ( 'NONE', ( #2593, #6526, #6142, #2899, #8645, #8013, #7357, #6803, #8168, #767, #587, #2201, #8101, #6571 ) ) ;
#6346 = DIRECTION ( 'NONE',  ( 0.0000000000000000000, 0.0000000000000000000, 1.000000000000000000 ) ) ;
#6347 = STYLED_ITEM ( 'NONE', ( #529 ), #5382 ) ;
#6348 = PLANE ( 'NONE',  #2390 ) ;
#6349 = LENGTH_MEASURE_WITH_UNIT ( LENGTH_MEASURE( 0.02539999999999999897 ), #3751 );
#6350 = FILL_AREA_STYLE ('',( #8276 ) ) ;
#6351 = SURFACE_STYLE_USAGE ( .BOTH. , #1050 ) ;
#6352 = LENGTH_MEASURE_WITH_UNIT ( LENGTH_MEASURE( 0.02539999999999999897 ), #7814 );
#6353 = PLANE ( 'NONE',  #3671 ) ;
#6354 = FACE_OUTER_BOUND ( 'NONE', #6379, .T. ) ;
#6355 = VERTEX_POINT ( 'NONE', #8502 ) ;
#6356 = CARTESIAN_POINT ( 'NONE',  ( -0.1102370375520064921, 0.01968503937007873988, -0.04724409448818897572 ) ) ;
#6357 = ORIENTED_EDGE ( 'NONE', *, *, #3351, .F. ) ;
#6358 = VERTEX_POINT ( 'NONE', #2375 ) ;
#6360 = EDGE_CURVE ( 'NONE', #1281, #4258, #1640, .T. ) ;
#6359 = CIRCLE ( 'NONE', #6077, 0.003937007874015749712 ) ;
#6361 = CARTESIAN_POINT ( 'NONE',  ( 0.1350355830932151446, 0.01409498826347334657, -0.01181102362204724393 ) ) ;
#6362 = CARTESIAN_POINT ( 'NONE',  ( -0.05511811023622047168, 0.07086614173228347746, 0.02066929133858268208 ) ) ;
#6363 = DIRECTION ( 'NONE',  ( 0.0000000000000000000, 0.0000000000000000000, -1.000000000000000000 ) ) ;
#6364 = EDGE_CURVE ( 'NONE', #4479, #2096, #782, .T. ) ;
#6365 = LINE ( 'NONE', #2289, #2924 ) ;
#6366 = ADVANCED_FACE ( 'NONE', ( #7389 ), #3275, .T. ) ;
#6367 = ORIENTED_EDGE ( 'NONE', *, *, #2951, .F. ) ;
#6368 = ORIENTED_EDGE ( 'NONE', *, *, #5705, .F. ) ;
#6369 = SURFACE_STYLE_USAGE ( .BOTH. , #6997 ) ;
#6370 = ORIENTED_EDGE ( 'NONE', *, *, #1630, .T. ) ;
#6371 = SURFACE_SIDE_STYLE ('',( #7790 ) ) ;
#6372 = CARTESIAN_POINT ( 'NONE',  ( -0.1200787401574803237, 0.01574803149606299191, -0.05118110236220473064 ) ) ;
#6373 = CARTESIAN_POINT ( 'NONE',  ( 0.1200787401574803237, 0.0000000000000000000, -0.04724409448818897572 ) ) ;
#6374 =( NAMED_UNIT ( * ) SI_UNIT ( $, .STERADIAN. ) SOLID_ANGLE_UNIT ( ) );
#6375 = LENGTH_MEASURE_WITH_UNIT ( LENGTH_MEASURE( 0.02539999999999999897 ), #1567 );
#6376 = AXIS2_PLACEMENT_3D ( 'NONE', #2447, #1758, #2609 ) ;
#6377 = DIRECTION ( 'NONE',  ( 0.0000000000000000000, 0.3420201433256693790, 0.9396926207859082059 ) ) ;
#6378 = MECHANICAL_DESIGN_GEOMETRIC_PRESENTATION_REPRESENTATION (  '', ( #5245 ), #2077 ) ;
#6379 = EDGE_LOOP ( 'NONE', ( #3960, #4533, #2757, #8238 ) ) ;
#6380 = LINE ( 'NONE', #237, #8676 ) ;
#6381 = SURFACE_STYLE_USAGE ( .BOTH. , #5093 ) ;
#6382 = EDGE_CURVE ( 'NONE', #5727, #7887, #1830, .T. ) ;
#6383 = DIRECTION ( 'NONE',  ( 0.0000000000000000000, 0.0000000000000000000, -1.000000000000000000 ) ) ;
#6384 = CARTESIAN_POINT ( 'NONE',  ( -0.1200787401574803237, 0.01968503937007873988, 0.04724409448818897572 ) ) ;
#6385 =( GEOMETRIC_REPRESENTATION_CONTEXT ( 3 ) GLOBAL_UNCERTAINTY_ASSIGNED_CONTEXT ( ( #3057 ) ) GLOBAL_UNIT_ASSIGNED_CONTEXT ( ( #2590, #4711, #641 ) ) REPRESENTATION_CONTEXT ( 'NONE', 'WORKASPACE' ) );
#6386 =( GEOMETRIC_REPRESENTATION_CONTEXT ( 3 ) GLOBAL_UNCERTAINTY_ASSIGNED_CONTEXT ( ( #4419 ) ) GLOBAL_UNIT_ASSIGNED_CONTEXT ( ( #5547, #5460, #5504 ) ) REPRESENTATION_CONTEXT ( 'NONE', 'WORKASPACE' ) );
#6387 = MECHANICAL_DESIGN_GEOMETRIC_PRESENTATION_REPRESENTATION (  '', ( #7948 ), #1944 ) ;
#6388 = CARTESIAN_POINT ( 'NONE',  ( -0.1102370375520064921, 0.03937007874015747977, -0.07874015748031495954 ) ) ;
#6389 = LENGTH_MEASURE_WITH_UNIT ( LENGTH_MEASURE( 0.02539999999999999897 ), #4928 );
#6390 = DIRECTION ( 'NONE',  ( 0.0000000000000000000, 0.0000000000000000000, 1.000000000000000000 ) ) ;
#6391 = SURFACE_SIDE_STYLE ('',( #7190 ) ) ;
#6392 = PLANE ( 'NONE',  #1512 ) ;
#6393 = LINE ( 'NONE', #7769, #7076 ) ;
#6394 =( GEOMETRIC_REPRESENTATION_CONTEXT ( 3 ) GLOBAL_UNCERTAINTY_ASSIGNED_CONTEXT ( ( #2270 ) ) GLOBAL_UNIT_ASSIGNED_CONTEXT ( ( #7975, #8606, #1883 ) ) REPRESENTATION_CONTEXT ( 'NONE', 'WORKASPACE' ) );
#6395 = FILL_AREA_STYLE_COLOUR ( '', #4665 ) ;
#6396 = DIRECTION ( 'NONE',  ( 1.000000000000000000, 4.917492902039899224E-17, 0.0000000000000000000 ) ) ;
#6397 = PRESENTATION_STYLE_ASSIGNMENT (( #2226 ) ) ;
#6398 = AXIS2_PLACEMENT_3D ( 'NONE', #2833, #4317, #5750 ) ;
#6399 = SURFACE_STYLE_USAGE ( .BOTH. , #338 ) ;
#6400 = ORIENTED_EDGE ( 'NONE', *, *, #7836, .F. ) ;
#6401 = ORIENTED_EDGE ( 'NONE', *, *, #3740, .F. ) ;
#6402 =( CONVERSION_BASED_UNIT ( 'INCH', #6283 ) LENGTH_UNIT ( ) NAMED_UNIT ( #8524 ) );
#6403 = EDGE_LOOP ( 'NONE', ( #8069, #119, #6549, #2550 ) ) ;
#6404 = PRESENTATION_LAYER_ASSIGNMENT (  '', '', ( #812 ) ) ;
#6405 = STYLED_ITEM ( 'NONE', ( #3924 ), #7808 ) ;
#6406 = PLANE ( 'NONE',  #2072 ) ;
#6407 = CARTESIAN_POINT ( 'NONE',  ( 0.1200787401574803237, 0.01507924023197730438, 0.01181102362204724393 ) ) ;
#6408 = DIRECTION ( 'NONE',  ( -0.0000000000000000000, 0.3420201433256695456, 0.9396926207859080948 ) ) ;
#6409 = LINE ( 'NONE', #8454, #3974 ) ;
#6410 = CARTESIAN_POINT ( 'NONE',  ( -0.1122047244094488277, 0.01968503937007873988, 0.05118110236220473064 ) ) ;
#6411 = LINE ( 'NONE', #4347, #5262 ) ;
#6412 = MECHANICAL_DESIGN_GEOMETRIC_PRESENTATION_REPRESENTATION (  '', ( #253 ), #8699 ) ;
#6413 = CARTESIAN_POINT ( 'NONE',  ( 0.1594488188976377896, 0.001968503937007873988, 0.01181102362204724393 ) ) ;
#6414 = ORIENTED_EDGE ( 'NONE', *, *, #2310, .T. ) ;
#6415 = ORIENTED_EDGE ( 'NONE', *, *, #7564, .F. ) ;
#6416 = DIRECTION ( 'NONE',  ( 0.0000000000000000000, 0.0000000000000000000, -1.000000000000000000 ) ) ;
#6417 = EDGE_CURVE ( 'NONE', #2431, #3042, #1159, .T. ) ;
#6419 = FACE_OUTER_BOUND ( 'NONE', #8490, .T. ) ;
#6418 = COLOUR_RGB ( '',0.7686274509803920907, 0.7686274509803920907, 0.7686274509803920907 ) ;
#6420 = FILL_AREA_STYLE_COLOUR ( '', #6884 ) ;
#6421 = CARTESIAN_POINT ( 'NONE',  ( 0.1102370375520064921, 0.03937007874015747977, 0.06889763779527559306 ) ) ;
#6422 = DIRECTION ( 'NONE',  ( 1.000000000000000000, 0.0000000000000000000, 0.0000000000000000000 ) ) ;
#6423 = ADVANCED_FACE ( 'NONE', ( #8765 ), #8016, .F. ) ;
#6424 = ORIENTED_EDGE ( 'NONE', *, *, #1163, .T. ) ;
#6425 = MECHANICAL_DESIGN_GEOMETRIC_PRESENTATION_REPRESENTATION (  '', ( #5708 ), #8414 ) ;
#6426 =( NAMED_UNIT ( * ) PLANE_ANGLE_UNIT ( ) SI_UNIT ( $, .RADIAN. ) );
#6427 = VERTEX_POINT ( 'NONE', #6802 ) ;
#6428 = CARTESIAN_POINT ( 'NONE',  ( -0.09205169163721221848, 0.03926747862213775253, 0.04480759714902362439 ) ) ;
#6429 = SHAPE_DEFINITION_REPRESENTATION ( #142, #3747 ) ;
#6430 = EDGE_CURVE ( 'NONE', #3559, #2656, #4802, .T. ) ;
#6431 = EDGE_CURVE ( 'NONE', #3935, #4816, #7482, .T. ) ;
#6432 = CARTESIAN_POINT ( 'NONE',  ( -0.05314960629921260116, 0.06299212598425196763, 0.01771653543307086937 ) ) ;
#6433 = DIRECTION ( 'NONE',  ( 0.0000000000000000000, 0.0000000000000000000, -1.000000000000000000 ) ) ;
#6434 = DIRECTION ( 'NONE',  ( 1.000000000000000000, 0.0000000000000000000, 0.0000000000000000000 ) ) ;
#6435 = PRESENTATION_STYLE_ASSIGNMENT (( #8348 ) ) ;
#6436 = FILL_AREA_STYLE_COLOUR ( '', #5971 ) ;
#6437 = VECTOR ( 'NONE', #494, 39.37007874015748143 ) ;
#6438 = SURFACE_STYLE_FILL_AREA ( #249 ) ;
#6439 = DIRECTION ( 'NONE',  ( 1.000000000000000000, 0.0000000000000000000, 0.0000000000000000000 ) ) ;
#6440 = VECTOR ( 'NONE', #4445, 39.37007874015748143 ) ;
#6441 = SURFACE_STYLE_USAGE ( .BOTH. , #965 ) ;
#6442 =( LENGTH_UNIT ( ) NAMED_UNIT ( * ) SI_UNIT ( $, .METRE. ) );
#6443 = ORIENTED_EDGE ( 'NONE', *, *, #707, .F. ) ;
#6444 = CARTESIAN_POINT ( 'NONE',  ( -0.1122047244094488277, 0.01574803149606299191, -0.04724409448818897572 ) ) ;
#6445 =( LENGTH_UNIT ( ) NAMED_UNIT ( * ) SI_UNIT ( $, .METRE. ) );
#6446 = VECTOR ( 'NONE', #2648, 39.37007874015748143 ) ;
#6447 = ORIENTED_EDGE ( 'NONE', *, *, #1114, .F. ) ;
#6448 = CARTESIAN_POINT ( 'NONE',  ( -0.1102370375520064921, 0.01968503937007873988, -0.04724409448818897572 ) ) ;
#6449 = ORIENTED_EDGE ( 'NONE', *, *, #3251, .F. ) ;
#6450 = CARTESIAN_POINT ( 'NONE',  ( -0.1122047244094488277, 0.03937007874015747977, -0.07283464566929134798 ) ) ;
#6451 = LINE ( 'NONE', #307, #1154 ) ;
#6452 = DIRECTION ( 'NONE',  ( 0.0000000000000000000, 0.0000000000000000000, 1.000000000000000000 ) ) ;
#6453 = VECTOR ( 'NONE', #6716, 39.37007874015748143 ) ;
#6454 = DIRECTION ( 'NONE',  ( 1.000000000000000000, 0.0000000000000000000, 0.0000000000000000000 ) ) ;
#6455 = PLANE ( 'NONE',  #8236 ) ;
#6456 = CARTESIAN_POINT ( 'NONE',  ( 0.1200787401574803237, 0.03937007874015747977, 0.01968503937007873988 ) ) ;
#6457 =( BOUNDED_CURVE ( )  B_SPLINE_CURVE ( 3, ( #516, #8724, #6009, #6539 ),
 .UNSPECIFIED., .F., .T. ) 
 B_SPLINE_CURVE_WITH_KNOTS ( ( 4, 4 ),
 ( 5.556410252859889987, 7.009960361499279813 ),
 .UNSPECIFIED. ) 
 CURVE ( )  GEOMETRIC_REPRESENTATION_ITEM ( )  RATIONAL_B_SPLINE_CURVE ( ( 1.000000000000000000, 0.8315474279732699703, 0.8315474279732699703, 1.000000000000000000 ) ) 
 REPRESENTATION_ITEM ( '' )  );
#6458 = EDGE_LOOP ( 'NONE', ( #4550, #5140, #4497, #2370, #7423, #2740, #3209, #124 ) ) ;
#6459 = PRESENTATION_STYLE_ASSIGNMENT (( #6369 ) ) ;
#6460 = EDGE_LOOP ( 'NONE', ( #5731, #1283, #6367, #5138, #7776 ) ) ;
#6461 = SURFACE_STYLE_USAGE ( .BOTH. , #5084 ) ;
#6462 = PRESENTATION_LAYER_ASSIGNMENT (  '', '', ( #301 ) ) ;
#6463 = LINE ( 'NONE', #8377, #2672 ) ;
#6464 = FILL_AREA_STYLE_COLOUR ( '', #6927 ) ;
#6465 = SURFACE_STYLE_USAGE ( .BOTH. , #7929 ) ;
#6466 = ORIENTED_EDGE ( 'NONE', *, *, #4621, .T. ) ;
#6467 = ORIENTED_EDGE ( 'NONE', *, *, #5391, .T. ) ;
#6468 = CIRCLE ( 'NONE', #8750, 0.003937007874015749712 ) ;
#6469 = VECTOR ( 'NONE', #1019, 39.37007874015748143 ) ;
#6470 = DIMENSIONAL_EXPONENTS ( 1.000000000000000000, 0.0000000000000000000, 0.0000000000000000000, 0.0000000000000000000, 0.0000000000000000000, 0.0000000000000000000, 0.0000000000000000000 ) ;
#6471 = LENGTH_MEASURE_WITH_UNIT ( LENGTH_MEASURE( 0.02539999999999999897 ), #3153 );
#6472 = EDGE_CURVE ( 'NONE', #3822, #7243, #4758, .T. ) ;
#6473 =( NAMED_UNIT ( * ) SI_UNIT ( $, .STERADIAN. ) SOLID_ANGLE_UNIT ( ) );
#6474 = DIRECTION ( 'NONE',  ( 0.0000000000000000000, 1.000000000000000000, 0.0000000000000000000 ) ) ;
#6475 = STYLED_ITEM ( 'NONE', ( #94 ), #5886 ) ;
#6476 = PRODUCT_RELATED_PRODUCT_CATEGORY ( 'part', '', ( #218 ) ) ;
#6477 = EDGE_CURVE ( 'NONE', #6241, #2827, #6253, .T. ) ;
#6478 =( CONVERSION_BASED_UNIT ( 'INCH', #2879 ) LENGTH_UNIT ( ) NAMED_UNIT ( #2607 ) );
#6479 = VECTOR ( 'NONE', #7607, 39.37007874015748143 ) ;
#6480 = UNCERTAINTY_MEASURE_WITH_UNIT (LENGTH_MEASURE( 1.000000000000000082E-05 ), #6112, 'distance_accuracy_value', 'NONE');
#6481 = EDGE_CURVE ( 'NONE', #4479, #2813, #2047, .T. ) ;
#6482 = SURFACE_STYLE_USAGE ( .BOTH. , #6391 ) ;
#6483 = AXIS2_PLACEMENT_3D ( 'NONE', #311, #3039, #4531 ) ;
#6484 =( CONVERSION_BASED_UNIT ( 'INCH', #5107 ) LENGTH_UNIT ( ) NAMED_UNIT ( #8175 ) );
#6485 = CARTESIAN_POINT ( 'NONE',  ( -0.09205169163721221848, 0.03926747862213775253, 0.04480759714902362439 ) ) ;
#6486 = CARTESIAN_POINT ( 'NONE',  ( -0.1414685539444577034, 0.002952755905511810983, 0.01181102362204724393 ) ) ;
#6487 = VERTEX_POINT ( 'NONE', #5561 ) ;
#6488 = CARTESIAN_POINT ( 'NONE',  ( -0.1200787401574803237, 0.03937007874015747977, -0.05511811023622047168 ) ) ;
#6489 = ORIENTED_EDGE ( 'NONE', *, *, #4905, .T. ) ;
#6490 = FACE_OUTER_BOUND ( 'NONE', #4118, .T. ) ;
#6491 = LINE ( 'NONE', #3594, #8865 ) ;
#6492 = DIRECTION ( 'NONE',  ( 0.3236155771181853935, 0.8891264907159878161, -0.3236155771181853935 ) ) ;
#6493 = LINE ( 'NONE', #344, #7682 ) ;
#6494 =( NAMED_UNIT ( * ) PLANE_ANGLE_UNIT ( ) SI_UNIT ( $, .RADIAN. ) );
#6495 =( LENGTH_UNIT ( ) NAMED_UNIT ( * ) SI_UNIT ( $, .METRE. ) );
#6496 = LINE ( 'NONE', #4485, #8536 ) ;
#6497 = EDGE_LOOP ( 'NONE', ( #3881, #2540, #8700, #8202 ) ) ;
#6498 = LINE ( 'NONE', #439, #7280 ) ;
#6499 = MECHANICAL_DESIGN_GEOMETRIC_PRESENTATION_REPRESENTATION (  '', ( #765 ), #6787 ) ;
#6500 = VERTEX_POINT ( 'NONE', #6221 ) ;
#6501 = CARTESIAN_POINT ( 'NONE',  ( 0.05511811023622047168, 0.07086614173228347746, 0.02066929133858268208 ) ) ;
#6502 = CARTESIAN_POINT ( 'NONE',  ( -0.1122047244094488277, 0.03937007874015747977, 0.06496062992125983815 ) ) ;
#6503 =( GEOMETRIC_REPRESENTATION_CONTEXT ( 3 ) GLOBAL_UNCERTAINTY_ASSIGNED_CONTEXT ( ( #7640 ) ) GLOBAL_UNIT_ASSIGNED_CONTEXT ( ( #8581, #3111, #5193 ) ) REPRESENTATION_CONTEXT ( 'NONE', 'WORKASPACE' ) );
#6504 = CARTESIAN_POINT ( 'NONE',  ( -0.1031504233787781388, 0.03149606299212598381, 0.05590632889058937127 ) ) ;
#6505 = ORIENTED_EDGE ( 'NONE', *, *, #8735, .F. ) ;
#6506 = LENGTH_MEASURE_WITH_UNIT ( LENGTH_MEASURE( 0.02539999999999999897 ), #3878 );
#6507 = ORIENTED_EDGE ( 'NONE', *, *, #7224, .T. ) ;
#6508 = DIRECTION ( 'NONE',  ( 0.0000000000000000000, -1.000000000000000000, 0.0000000000000000000 ) ) ;
#6509 =( LENGTH_UNIT ( ) NAMED_UNIT ( * ) SI_UNIT ( $, .METRE. ) );
#6510 = VERTEX_POINT ( 'NONE', #5469 ) ;
#6511 = STYLED_ITEM ( 'NONE', ( #4755 ), #722 ) ;
#6512 = UNCERTAINTY_MEASURE_WITH_UNIT (LENGTH_MEASURE( 1.000000000000000082E-05 ), #4526, 'distance_accuracy_value', 'NONE');
#6513 = DIRECTION ( 'NONE',  ( 0.0000000000000000000, 1.000000000000000000, 0.0000000000000000000 ) ) ;
#6514 =( NAMED_UNIT ( * ) SI_UNIT ( $, .STERADIAN. ) SOLID_ANGLE_UNIT ( ) );
#6515 = SURFACE_STYLE_FILL_AREA ( #5800 ) ;
#6516 =( CONVERSION_BASED_UNIT ( 'INCH', #6688 ) LENGTH_UNIT ( ) NAMED_UNIT ( #4097 ) );
#6517 = VECTOR ( 'NONE', #3064, 39.37007874015748143 ) ;
#6518 = CARTESIAN_POINT ( 'NONE',  ( 0.1414685539444577034, 0.002952755905511810983, 0.01181102362204724393 ) ) ;
#6519 = ADVANCED_FACE ( 'NONE', ( #5604 ), #3448, .T. ) ;
#6520 = DIRECTION ( 'NONE',  ( -2.168404344971015179E-15, 0.0000000000000000000, -1.000000000000000000 ) ) ;
#6521 = UNCERTAINTY_MEASURE_WITH_UNIT (LENGTH_MEASURE( 1.000000000000000082E-05 ), #186, 'distance_accuracy_value', 'NONE');
#6523 = SURFACE_STYLE_USAGE ( .BOTH. , #5058 ) ;
#6522 = PRESENTATION_LAYER_ASSIGNMENT (  '', '', ( #6669 ) ) ;
#6524 = VECTOR ( 'NONE', #4505, 39.37007874015748143 ) ;
#6525 = MECHANICAL_DESIGN_GEOMETRIC_PRESENTATION_REPRESENTATION (  '', ( #1496 ), #8374 ) ;
#6526 = ADVANCED_FACE ( 'NONE', ( #8803 ), #115, .T. ) ;
#6527 = EDGE_CURVE ( 'NONE', #3324, #6771, #7371, .T. ) ;
#6528 = CARTESIAN_POINT ( 'NONE',  ( -0.1003937007874015908, 0.06827566985561278612, 0.04262883152931716546 ) ) ;
#6529 = TOROIDAL_SURFACE ( 'NONE', #2084, 0.003937007874015747977, 0.003937007874015747977 ) ;
#6530 = ORIENTED_EDGE ( 'NONE', *, *, #4621, .F. ) ;
#6531 = CARTESIAN_POINT ( 'NONE',  ( -0.1102370375520064921, 0.0000000000000000000, -0.04724409448818897572 ) ) ;
#6532 = CIRCLE ( 'NONE', #3250, 0.003937007874015741038 ) ;
#6533 = EDGE_CURVE ( 'NONE', #8357, #6555, #1545, .T. ) ;
#6534 = CARTESIAN_POINT ( 'NONE',  ( -0.1200787401574803237, 0.03937007874015747977, 0.01968503937007873988 ) ) ;
#6535 = CARTESIAN_POINT ( 'NONE',  ( 0.1102370375520062978, 0.03149606299212598381, 0.01968503937007873988 ) ) ;
#6536 =( NAMED_UNIT ( * ) PLANE_ANGLE_UNIT ( ) SI_UNIT ( $, .RADIAN. ) );
#6537 = ORIENTED_EDGE ( 'NONE', *, *, #4335, .T. ) ;
#6538 = ADVANCED_FACE ( 'NONE', ( #1008 ), #6353, .F. ) ;
#6539 = CARTESIAN_POINT ( 'NONE',  ( 0.09575126888440098349, 0.03937007874015747977, -0.05590632889058937127 ) ) ;
#6540 = AXIS2_PLACEMENT_3D ( 'NONE', #1525, #6963, #3606 ) ;
#6541 = COLOUR_RGB ( '',0.7686274509803920907, 0.7686274509803920907, 0.7686274509803920907 ) ;
#6542 = FILL_AREA_STYLE_COLOUR ( '', #1588 ) ;
#6543 = SURFACE_SIDE_STYLE ('',( #3904 ) ) ;
#6544 = DIRECTION ( 'NONE',  ( 0.0000000000000000000, -1.000000000000000000, 0.0000000000000000000 ) ) ;
#6545 = ORIENTED_EDGE ( 'NONE', *, *, #4114, .T. ) ;
#6546 = VECTOR ( 'NONE', #1717, 39.37007874015748143 ) ;
#6547 = FILL_AREA_STYLE_COLOUR ( '', #3282 ) ;
#6548 = COLOUR_RGB ( '',0.7686274509803920907, 0.7686274509803920907, 0.7686274509803920907 ) ;
#6549 = ORIENTED_EDGE ( 'NONE', *, *, #4578, .T. ) ;
#6550 = AXIS2_PLACEMENT_3D ( 'NONE', #5879, #7398, #6722 ) ;
#6551 =( CONVERSION_BASED_UNIT ( 'INCH', #5667 ) LENGTH_UNIT ( ) NAMED_UNIT ( #4045 ) );
#6552 =( LENGTH_UNIT ( ) NAMED_UNIT ( * ) SI_UNIT ( $, .METRE. ) );
#6553 = ORIENTED_EDGE ( 'NONE', *, *, #1045, .F. ) ;
#6554 = CARTESIAN_POINT ( 'NONE',  ( 0.1102370375520064921, 0.03149606299212598381, 0.06496062992125983815 ) ) ;
#6555 = VERTEX_POINT ( 'NONE', #2928 ) ;
#6556 = DIRECTION ( 'NONE',  ( 0.0000000000000000000, 0.0000000000000000000, -1.000000000000000000 ) ) ;
#6557 = PRESENTATION_LAYER_ASSIGNMENT (  '', '', ( #5572 ) ) ;
#6558 = ORIENTED_EDGE ( 'NONE', *, *, #7739, .T. ) ;
#6559 = FILL_AREA_STYLE_COLOUR ( '', #4283 ) ;
#6560 = DIRECTION ( 'NONE',  ( 0.0000000000000000000, 0.0000000000000000000, 1.000000000000000000 ) ) ;
#6561 = FILL_AREA_STYLE_COLOUR ( '', #8045 ) ;
#6562 = AXIS2_PLACEMENT_3D ( 'NONE', #5300, #4443, #5256 ) ;
#6563 =( CONVERSION_BASED_UNIT ( 'INCH', #8578 ) LENGTH_UNIT ( ) NAMED_UNIT ( #1389 ) );
#6564 = UNCERTAINTY_MEASURE_WITH_UNIT (LENGTH_MEASURE( 1.000000000000000082E-05 ), #1219, 'distance_accuracy_value', 'NONE');
#6565 = FILL_AREA_STYLE ('',( #3844 ) ) ;
#6566 = DIRECTION ( 'NONE',  ( 0.0000000000000000000, -2.409338161078900167E-16, 1.000000000000000000 ) ) ;
#6567 = ADVANCED_FACE ( 'NONE', ( #7742 ), #1672, .F. ) ;
#6568 = CARTESIAN_POINT ( 'NONE',  ( 0.08341662617894055054, 0.06299212598425196763, 0.03617253169075181074 ) ) ;
#6569 = MECHANICAL_DESIGN_GEOMETRIC_PRESENTATION_REPRESENTATION (  '', ( #4008 ), #5297 ) ;
#6570 = DIRECTION ( 'NONE',  ( -4.917492902039890596E-17, 1.000000000000000000, 0.0000000000000000000 ) ) ;
#6571 = ADVANCED_FACE ( 'NONE', ( #7908 ), #4613, .F. ) ;
#6572 = CARTESIAN_POINT ( 'NONE',  ( -0.09376943785469764314, 0.03454800967724326599, -0.04652534336650890334 ) ) ;
#6573 = UNCERTAINTY_MEASURE_WITH_UNIT (LENGTH_MEASURE( 1.000000000000000082E-05 ), #3987, 'distance_accuracy_value', 'NONE');
#6574 = ORIENTED_EDGE ( 'NONE', *, *, #2745, .T. ) ;
#6575 = DIRECTION ( 'NONE',  ( 1.000000000000000000, 0.0000000000000000000, 0.0000000000000000000 ) ) ;
#6576 = FILL_AREA_STYLE_COLOUR ( '', #8515 ) ;
#6577 = CARTESIAN_POINT ( 'NONE',  ( 0.09575126888440098349, 0.04196055061682803233, -0.05220675164340077973 ) ) ;
#6578 = VERTEX_POINT ( 'NONE', #5810 ) ;
#6579 = VECTOR ( 'NONE', #1651, 39.37007874015748143 ) ;
#6580 = EDGE_CURVE ( 'NONE', #5111, #6500, #3202, .T. ) ;
#6581 = DIRECTION ( 'NONE',  ( 0.0000000000000000000, 0.0000000000000000000, -1.000000000000000000 ) ) ;
#6582 =( NAMED_UNIT ( * ) PLANE_ANGLE_UNIT ( ) SI_UNIT ( $, .RADIAN. ) );
#6583 = LINE ( 'NONE', #6456, #1437 ) ;
#6584 = SURFACE_STYLE_USAGE ( .BOTH. , #3173 ) ;
#6585 = EDGE_CURVE ( 'NONE', #3446, #2028, #8539, .T. ) ;
#6586 = PLANE ( 'NONE',  #6483 ) ;
#6587 = EDGE_CURVE ( 'NONE', #4858, #6751, #2586, .T. ) ;
#6588 = VERTEX_POINT ( 'NONE', #5198 ) ;
#6589 = CARTESIAN_POINT ( 'NONE',  ( -0.1200787401574803237, 0.03937007874015747977, 0.07283464566929134798 ) ) ;
#6590 = ORIENTED_EDGE ( 'NONE', *, *, #5126, .T. ) ;
#6591 = PRESENTATION_STYLE_ASSIGNMENT (( #7925 ) ) ;
#6592 = PRESENTATION_LAYER_ASSIGNMENT (  '', '', ( #2865 ) ) ;
#6593 = DIRECTION ( 'NONE',  ( 0.4999999999999994449, -0.8660254037844389297, 0.0000000000000000000 ) ) ;
#6594 = CARTESIAN_POINT ( 'NONE',  ( -0.1031504233787781388, 0.04330708661417323468, 0.05314960629921260116 ) ) ;
#6595 = FILL_AREA_STYLE_COLOUR ( '', #5406 ) ;
#6596 =( GEOMETRIC_REPRESENTATION_CONTEXT ( 3 ) GLOBAL_UNCERTAINTY_ASSIGNED_CONTEXT ( ( #8044 ) ) GLOBAL_UNIT_ASSIGNED_CONTEXT ( ( #6605, #5847, #6514 ) ) REPRESENTATION_CONTEXT ( 'NONE', 'WORKASPACE' ) );
#6597 = ORIENTED_EDGE ( 'NONE', *, *, #1611, .T. ) ;
#6598 = CARTESIAN_POINT ( 'NONE',  ( 0.04527559055118110520, 0.2164041264863913738, -0.02559055118110236532 ) ) ;
#6599 =( NAMED_UNIT ( * ) PLANE_ANGLE_UNIT ( ) SI_UNIT ( $, .RADIAN. ) );
#6600 = ORIENTED_EDGE ( 'NONE', *, *, #2139, .T. ) ;
#6601 = ORIENTED_EDGE ( 'NONE', *, *, #1798, .T. ) ;
#6602 = FILL_AREA_STYLE ('',( #1934 ) ) ;
#6603 = CARTESIAN_POINT ( 'NONE',  ( -0.1200787401574803237, -0.009085487128351082964, 0.01968503937007873988 ) ) ;
#6604 = MECHANICAL_DESIGN_GEOMETRIC_PRESENTATION_REPRESENTATION (  '', ( #6181 ), #1168 ) ;
#6605 =( CONVERSION_BASED_UNIT ( 'INCH', #4504 ) LENGTH_UNIT ( ) NAMED_UNIT ( #7575 ) );
#6606 = CARTESIAN_POINT ( 'NONE',  ( 0.1200787401574803237, 0.01507924023197730438, -0.01181102362204724393 ) ) ;
#6607 =( NAMED_UNIT ( * ) SI_UNIT ( $, .STERADIAN. ) SOLID_ANGLE_UNIT ( ) );
#6608 = LINE ( 'NONE', #1184, #1653 ) ;
#6609 = EDGE_LOOP ( 'NONE', ( #7924, #8683, #4657, #630 ) ) ;
#6610 = DIMENSIONAL_EXPONENTS ( 1.000000000000000000, 0.0000000000000000000, 0.0000000000000000000, 0.0000000000000000000, 0.0000000000000000000, 0.0000000000000000000, 0.0000000000000000000 ) ;
#6611 = DIRECTION ( 'NONE',  ( -1.000000000000000000, 0.0000000000000000000, 0.0000000000000000000 ) ) ;
#6612 = VECTOR ( 'NONE', #5780, 39.37007874015748143 ) ;
#6613 = UNCERTAINTY_MEASURE_WITH_UNIT (LENGTH_MEASURE( 1.000000000000000082E-05 ), #3758, 'distance_accuracy_value', 'NONE');
#6614 =( CONVERSION_BASED_UNIT ( 'INCH', #4466 ) LENGTH_UNIT ( ) NAMED_UNIT ( #5190 ) );
#6615 = VERTEX_POINT ( 'NONE', #507 ) ;
#6616 = AXIS2_PLACEMENT_3D ( 'NONE', #5151, #3114, #8583 ) ;
#6617 = DIRECTION ( 'NONE',  ( -1.000000000000000000, 0.0000000000000000000, 0.0000000000000000000 ) ) ;
#6618 = AXIS2_PLACEMENT_3D ( 'NONE', #2452, #5905, #6617 ) ;
#6619 = DIRECTION ( 'NONE',  ( 0.0000000000000000000, -1.000000000000000000, 0.0000000000000000000 ) ) ;
#6620 = B_SPLINE_CURVE_WITH_KNOTS ( 'NONE', 3,
 ( #223, #2952, #5085, #8510 ),
 .UNSPECIFIED., .F., .F.,
 ( 4, 4 ),
 ( 0.0000000000000000000, 1.000000000000000000 ),
 .UNSPECIFIED. ) ;
#6621 = LENGTH_MEASURE_WITH_UNIT ( LENGTH_MEASURE( 0.02539999999999999897 ), #3940 );
#6622 = ORIENTED_EDGE ( 'NONE', *, *, #2421, .T. ) ;
#6623 = PLANE ( 'NONE',  #793 ) ;
#6624 = SURFACE_STYLE_USAGE ( .BOTH. , #8799 ) ;
#6625 = CARTESIAN_POINT ( 'NONE',  ( 0.09575126888440098349, 0.03937007874015747977, -0.05590632889058937127 ) ) ;
#6626 = VERTEX_POINT ( 'NONE', #8629 ) ;
#6627 = PRESENTATION_LAYER_ASSIGNMENT (  '', '', ( #1306 ) ) ;
#6628 = DIRECTION ( 'NONE',  ( 0.0000000000000000000, 0.0000000000000000000, 1.000000000000000000 ) ) ;
#6629 = DIRECTION ( 'NONE',  ( -1.000000000000000000, 0.0000000000000000000, 0.0000000000000000000 ) ) ;
#6630 = LENGTH_MEASURE_WITH_UNIT ( LENGTH_MEASURE( 0.02539999999999999897 ), #4525 );
#6631 = CARTESIAN_POINT ( 'NONE',  ( -0.09945084613158955422, 0.04196055061682803233, -0.04850717439621220206 ) ) ;
#6632 = DIMENSIONAL_EXPONENTS ( 1.000000000000000000, 0.0000000000000000000, 0.0000000000000000000, 0.0000000000000000000, 0.0000000000000000000, 0.0000000000000000000, 0.0000000000000000000 ) ;
#6633 = SURFACE_STYLE_USAGE ( .BOTH. , #7347 ) ;
#6634 = EDGE_LOOP ( 'NONE', ( #2676, #5669, #8522, #6489 ) ) ;
#6635 = EDGE_CURVE ( 'NONE', #6274, #7494, #3265, .T. ) ;
#6636 = ORIENTED_EDGE ( 'NONE', *, *, #6146, .F. ) ;
#6637 = EDGE_CURVE ( 'NONE', #6281, #262, #8718, .T. ) ;
#6638 = SURFACE_STYLE_FILL_AREA ( #6764 ) ;
#6639 = ADVANCED_FACE ( 'NONE', ( #1226 ), #1766, .T. ) ;
#6640 = DIRECTION ( 'NONE',  ( 0.0000000000000000000, 0.0000000000000000000, 1.000000000000000000 ) ) ;
#6641 = EDGE_CURVE ( 'NONE', #5929, #2643, #2037, .T. ) ;
#6642 = CARTESIAN_POINT ( 'NONE',  ( 0.1431733283613561003, -0.001968503937007873988, -0.01181102362204724393 ) ) ;
#6643 = DIRECTION ( 'NONE',  ( 1.000000000000000000, 0.0000000000000000000, 0.0000000000000000000 ) ) ;
#6644 = PRESENTATION_LAYER_ASSIGNMENT (  '', '', ( #1613 ) ) ;
#6645 = PRESENTATION_LAYER_ASSIGNMENT (  '', '', ( #1614 ) ) ;
#6646 = FACE_OUTER_BOUND ( 'NONE', #1676, .T. ) ;
#6647 = EDGE_LOOP ( 'NONE', ( #8296, #3644, #5551, #8610 ) ) ;
#6648 = SURFACE_STYLE_FILL_AREA ( #5890 ) ;
#6649 = PRESENTATION_STYLE_ASSIGNMENT (( #3290 ) ) ;
#6650 = ORIENTED_EDGE ( 'NONE', *, *, #2830, .T. ) ;
#6651 = FACE_OUTER_BOUND ( 'NONE', #8691, .T. ) ;
#6652 = ORIENTED_EDGE ( 'NONE', *, *, #8333, .F. ) ;
#6653 = FILL_AREA_STYLE_COLOUR ( '', #3720 ) ;
#6654 =( NAMED_UNIT ( * ) SI_UNIT ( $, .STERADIAN. ) SOLID_ANGLE_UNIT ( ) );
#6655 = EDGE_CURVE ( 'NONE', #3042, #6751, #6532, .T. ) ;
#6656 = CARTESIAN_POINT ( 'NONE',  ( -0.1118931003139604363, 0.002964905217193303157, 0.04724409448818897572 ) ) ;
#6657 = LINE ( 'NONE', #7942, #1956 ) ;
#6658 = FILL_AREA_STYLE_COLOUR ( '', #3843 ) ;
#6659 = COLOUR_RGB ( '',1.000000000000000000, 1.000000000000000000, 1.000000000000000000 ) ;
#6660 = EDGE_LOOP ( 'NONE', ( #4488, #4572, #1935, #1743 ) ) ;
#6661 = SURFACE_STYLE_FILL_AREA ( #6078 ) ;
#6662 = PRESENTATION_STYLE_ASSIGNMENT (( #8674 ) ) ;
#6663 = DIRECTION ( 'NONE',  ( 0.0000000000000000000, 0.0000000000000000000, 1.000000000000000000 ) ) ;
#6664 =( NAMED_UNIT ( * ) SI_UNIT ( $, .STERADIAN. ) SOLID_ANGLE_UNIT ( ) );
#6665 = DIRECTION ( 'NONE',  ( 1.000000000000000000, 0.0000000000000000000, 0.0000000000000000000 ) ) ;
#6666 = UNCERTAINTY_MEASURE_WITH_UNIT (LENGTH_MEASURE( 1.000000000000000082E-05 ), #8492, 'distance_accuracy_value', 'NONE');
#6667 = ORIENTED_EDGE ( 'NONE', *, *, #7783, .T. ) ;
#6668 =( NAMED_UNIT ( * ) PLANE_ANGLE_UNIT ( ) SI_UNIT ( $, .RADIAN. ) );
#6669 = STYLED_ITEM ( 'NONE', ( #255 ), #7131 ) ;
#6670 = COLOUR_RGB ( '',0.7686274509803920907, 0.7686274509803920907, 0.7686274509803920907 ) ;
#6671 = LINE ( 'NONE', #2596, #4155 ) ;
#6672 = VECTOR ( 'NONE', #2221, 39.37007874015748143 ) ;
#6673 = CIRCLE ( 'NONE', #4103, 0.003937007874015749712 ) ;
#6675 = DIRECTION ( 'NONE',  ( 0.0000000000000000000, 0.0000000000000000000, 1.000000000000000000 ) ) ;
#6674 =( GEOMETRIC_REPRESENTATION_CONTEXT ( 3 ) GLOBAL_UNCERTAINTY_ASSIGNED_CONTEXT ( ( #5713 ) ) GLOBAL_UNIT_ASSIGNED_CONTEXT ( ( #8187, #6848, #6182 ) ) REPRESENTATION_CONTEXT ( 'NONE', 'WORKASPACE' ) );
#6676 = CARTESIAN_POINT ( 'NONE',  ( 0.0000000000000000000, 0.06299212598425196763, -0.03617253169075181074 ) ) ;
#6677 = ORIENTED_EDGE ( 'NONE', *, *, #1749, .T. ) ;
#6678 =( CONVERSION_BASED_UNIT ( 'INCH', #524 ) LENGTH_UNIT ( ) NAMED_UNIT ( #5600 ) );
#6679 = ORIENTED_EDGE ( 'NONE', *, *, #4131, .T. ) ;
#6680 = CARTESIAN_POINT ( 'NONE',  ( -0.1122047244094488277, 0.0000000000000000000, -0.07283464566929134798 ) ) ;
#6681 = STYLED_ITEM ( 'NONE', ( #6338 ), #7731 ) ;
#6682 = PRESENTATION_LAYER_ASSIGNMENT (  '', '', ( #2535 ) ) ;
#6683 = LINE ( 'NONE', #8732, #306 ) ;
#6684 = LINE ( 'NONE', #1923, #3542 ) ;
#6685 = CARTESIAN_POINT ( 'NONE',  ( -0.1200787401574803237, 0.01968503937007873988, -0.06496062992125983815 ) ) ;
#6687 = EDGE_CURVE ( 'NONE', #934, #7284, #2755, .T. ) ;
#6686 = DIRECTION ( 'NONE',  ( 1.000000000000000000, 0.0000000000000000000, 0.0000000000000000000 ) ) ;
#6688 = LENGTH_MEASURE_WITH_UNIT ( LENGTH_MEASURE( 0.02539999999999999897 ), #2404 );
#6689 = VECTOR ( 'NONE', #6066, 39.37007874015748143 ) ;
#6690 = AXIS2_PLACEMENT_3D ( 'NONE', #4867, #6729, #7491 ) ;
#6691 = EDGE_CURVE ( 'NONE', #281, #1133, #6790, .T. ) ;
#6692 = VECTOR ( 'NONE', #8246, 39.37007874015748143 ) ;
#6693 = LENGTH_MEASURE_WITH_UNIT ( LENGTH_MEASURE( 0.02539999999999999897 ), #1930 );
#6694 = VERTEX_POINT ( 'NONE', #6840 ) ;
#6695 = SURFACE_STYLE_FILL_AREA ( #5352 ) ;
#6696 = ORIENTED_EDGE ( 'NONE', *, *, #5874, .F. ) ;
#6697 = DIMENSIONAL_EXPONENTS ( 1.000000000000000000, 0.0000000000000000000, 0.0000000000000000000, 0.0000000000000000000, 0.0000000000000000000, 0.0000000000000000000, 0.0000000000000000000 ) ;
#6698 = VECTOR ( 'NONE', #7574, 39.37007874015748143 ) ;
#6700 =( LENGTH_UNIT ( ) NAMED_UNIT ( * ) SI_UNIT ( $, .METRE. ) );
#6699 =( GEOMETRIC_REPRESENTATION_CONTEXT ( 3 ) GLOBAL_UNCERTAINTY_ASSIGNED_CONTEXT ( ( #492 ) ) GLOBAL_UNIT_ASSIGNED_CONTEXT ( ( #7340, #5201, #2551 ) ) REPRESENTATION_CONTEXT ( 'NONE', 'WORKASPACE' ) );
#6701 =( NAMED_UNIT ( * ) PLANE_ANGLE_UNIT ( ) SI_UNIT ( $, .RADIAN. ) );
#6702 = LINE ( 'NONE', #457, #6524 ) ;
#6703 = CARTESIAN_POINT ( 'NONE',  ( 0.04921259842519685318, 0.09448818897637795144, 0.01771653543307086937 ) ) ;
#6704 = ADVANCED_FACE ( 'NONE', ( #2714 ), #5548, .F. ) ;
#6705 = PLANE ( 'NONE',  #2388 ) ;
#6706 = EDGE_CURVE ( 'NONE', #8507, #3511, #2126, .T. ) ;
#6707 = ORIENTED_EDGE ( 'NONE', *, *, #5711, .T. ) ;
#6708 = EDGE_CURVE ( 'NONE', #8354, #5647, #6128, .T. ) ;
#6709 = UNCERTAINTY_MEASURE_WITH_UNIT (LENGTH_MEASURE( 1.000000000000000082E-05 ), #7870, 'distance_accuracy_value', 'NONE');
#6710 = LENGTH_MEASURE_WITH_UNIT ( LENGTH_MEASURE( 0.02539999999999999897 ), #8790 );
#6711 = FILL_AREA_STYLE ('',( #3200 ) ) ;
#6712 = FILL_AREA_STYLE ('',( #3982 ) ) ;
#6713 = DIRECTION ( 'NONE',  ( 0.0000000000000000000, 0.0000000000000000000, 1.000000000000000000 ) ) ;
#6714 = VERTEX_POINT ( 'NONE', #146 ) ;
#6715 = FACE_OUTER_BOUND ( 'NONE', #3240, .T. ) ;
#6716 = DIRECTION ( 'NONE',  ( 0.0000000000000000000, 1.000000000000000000, 0.0000000000000000000 ) ) ;
#6717 = DIRECTION ( 'NONE',  ( 0.0000000000000000000, 0.0000000000000000000, 1.000000000000000000 ) ) ;
#6718 = LINE ( 'NONE', #565, #4931 ) ;
#6719 = EDGE_LOOP ( 'NONE', ( #6318, #1476, #384, #5042 ) ) ;
#6720 = PRESENTATION_STYLE_ASSIGNMENT (( #1282 ) ) ;
#6721 = ORIENTED_EDGE ( 'NONE', *, *, #3922, .F. ) ;
#6722 = DIRECTION ( 'NONE',  ( 0.0000000000000000000, 0.0000000000000000000, -1.000000000000000000 ) ) ;
#6723 =( GEOMETRIC_REPRESENTATION_CONTEXT ( 3 ) GLOBAL_UNCERTAINTY_ASSIGNED_CONTEXT ( ( #5902 ) ) GLOBAL_UNIT_ASSIGNED_CONTEXT ( ( #4219, #4090, #8204 ) ) REPRESENTATION_CONTEXT ( 'NONE', 'WORKASPACE' ) );
#6724 = DIRECTION ( 'NONE',  ( 0.0000000000000000000, 1.000000000000000000, 0.0000000000000000000 ) ) ;
#6725 =( LENGTH_UNIT ( ) NAMED_UNIT ( * ) SI_UNIT ( $, .METRE. ) );
#6726 = LINE ( 'NONE', #8576, #4633 ) ;
#6727 = DIMENSIONAL_EXPONENTS ( 1.000000000000000000, 0.0000000000000000000, 0.0000000000000000000, 0.0000000000000000000, 0.0000000000000000000, 0.0000000000000000000, 0.0000000000000000000 ) ;
#6728 = DIRECTION ( 'NONE',  ( 1.000000000000000000, 0.0000000000000000000, 0.0000000000000000000 ) ) ;
#6729 = DIRECTION ( 'NONE',  ( -0.8660254037844390407, 0.4999999999999995004, 0.0000000000000000000 ) ) ;
#6730 = ORIENTED_EDGE ( 'NONE', *, *, #997, .F. ) ;
#6731 = CARTESIAN_POINT ( 'NONE',  ( -0.1102370375520064921, 0.03543307086614173873, 0.07283464566929134798 ) ) ;
#6732 = VERTEX_POINT ( 'NONE', #4967 ) ;
#6733 = ORIENTED_EDGE ( 'NONE', *, *, #3967, .F. ) ;
#6734 = CARTESIAN_POINT ( 'NONE',  ( 0.1122047244094488277, 2.843949648231449338E-19, -0.04724409448818897572 ) ) ;
#6735 = SURFACE_SIDE_STYLE ('',( #1257 ) ) ;
#6736 = PRESENTATION_STYLE_ASSIGNMENT (( #5276 ) ) ;
#6737 =( NAMED_UNIT ( * ) PLANE_ANGLE_UNIT ( ) SI_UNIT ( $, .RADIAN. ) );
#6738 = PRESENTATION_LAYER_ASSIGNMENT (  '', '', ( #718 ) ) ;
#6739 = LINE ( 'NONE', #3520, #7546 ) ;
#6740 = VERTEX_POINT ( 'NONE', #5051 ) ;
#6741 = DIRECTION ( 'NONE',  ( 1.000000000000000000, 0.0000000000000000000, 0.0000000000000000000 ) ) ;
#6742 = CARTESIAN_POINT ( 'NONE',  ( -0.1350355830932151446, 0.01409498826347334657, 0.01181102362204724393 ) ) ;
#6743 = ADVANCED_FACE ( 'NONE', ( #5098 ), #4281, .T. ) ;
#6744 = STYLED_ITEM ( 'NONE', ( #4602 ), #4286 ) ;
#6745 =( LENGTH_UNIT ( ) NAMED_UNIT ( * ) SI_UNIT ( $, .METRE. ) );
#6746 = DIRECTION ( 'NONE',  ( 0.0000000000000000000, 0.0000000000000000000, 1.000000000000000000 ) ) ;
#6747 = ADVANCED_FACE ( 'NONE', ( #8313 ), #6348, .T. ) ;
#6748 = CARTESIAN_POINT ( 'NONE',  ( -0.2709745503680062728, 0.01968503937007873988, 0.07283464566929134798 ) ) ;
#6749 = PRESENTATION_LAYER_ASSIGNMENT (  '', '', ( #6906 ) ) ;
#6750 = CARTESIAN_POINT ( 'NONE',  ( 0.08987292601750590526, 0.06827566985561278612, 0.05314960629921260116 ) ) ;
#6751 = VERTEX_POINT ( 'NONE', #828 ) ;
#6752 = CARTESIAN_POINT ( 'NONE',  ( -0.1102370375520064921, 0.03937007874015747977, -0.06496062992125983815 ) ) ;
#6753 = FACE_OUTER_BOUND ( 'NONE', #1673, .T. ) ;
#6754 = AXIS2_PLACEMENT_3D ( 'NONE', #3505, #8330, #709 ) ;
#6755 = PRESENTATION_LAYER_ASSIGNMENT (  '', '', ( #7041 ) ) ;
#6756 = CYLINDRICAL_SURFACE ( 'NONE', #2218, 0.009842519685039378616 ) ;
#6757 = SURFACE_STYLE_USAGE ( .BOTH. , #1315 ) ;
#6758 =( NAMED_UNIT ( * ) PLANE_ANGLE_UNIT ( ) SI_UNIT ( $, .RADIAN. ) );
#6759 = DIRECTION ( 'NONE',  ( 1.000000000000000000, 0.0000000000000000000, 0.0000000000000000000 ) ) ;
#6760 = ORIENTED_EDGE ( 'NONE', *, *, #3415, .F. ) ;
#6761 = SURFACE_STYLE_USAGE ( .BOTH. , #1407 ) ;
#6762 = EDGE_LOOP ( 'NONE', ( #5831, #8384, #7069, #5794 ) ) ;
#6763 = CARTESIAN_POINT ( 'NONE',  ( 0.05511811023622047168, 0.06299212598425196763, 0.02066929133858268208 ) ) ;
#6764 = FILL_AREA_STYLE ('',( #3179 ) ) ;
#6765 = VECTOR ( 'NONE', #7804, 39.37007874015748143 ) ;
#6766 =( CONVERSION_BASED_UNIT ( 'INCH', #4040 ) LENGTH_UNIT ( ) NAMED_UNIT ( #120 ) );
#6767 = LENGTH_MEASURE_WITH_UNIT ( LENGTH_MEASURE( 0.02539999999999999897 ), #4726 );
#6768 = LINE ( 'NONE', #4727, #1314 ) ;
#6769 =( LENGTH_UNIT ( ) NAMED_UNIT ( * ) SI_UNIT ( $, .METRE. ) );
#6770 =( NAMED_UNIT ( * ) SI_UNIT ( $, .STERADIAN. ) SOLID_ANGLE_UNIT ( ) );
#6771 = VERTEX_POINT ( 'NONE', #190 ) ;
#6772 = COLOUR_RGB ( '',0.7686274509803920907, 0.7686274509803920907, 0.7686274509803920907 ) ;
#6773 = ORIENTED_EDGE ( 'NONE', *, *, #8375, .T. ) ;
#6774 = SURFACE_STYLE_FILL_AREA ( #5445 ) ;
#6775 = ORIENTED_EDGE ( 'NONE', *, *, #1114, .T. ) ;
#6776 = UNCERTAINTY_MEASURE_WITH_UNIT (LENGTH_MEASURE( 1.000000000000000082E-05 ), #6478, 'distance_accuracy_value', 'NONE');
#6777 = DIRECTION ( 'NONE',  ( -3.516331370223255265E-16, 0.0000000000000000000, -1.000000000000000000 ) ) ;
#6778 = ADVANCED_FACE ( 'NONE', ( #8396 ), #7732, .T. ) ;
#6779 = DIRECTION ( 'NONE',  ( 0.0000000000000000000, 0.0000000000000000000, -1.000000000000000000 ) ) ;
#6780 = PLANE ( 'NONE',  #4625 ) ;
#6781 = FACE_OUTER_BOUND ( 'NONE', #1289, .T. ) ;
#6782 = EDGE_LOOP ( 'NONE', ( #3810, #4600, #3858, #4037, #2571, #3913, #8640 ) ) ;
#6783 = DIMENSIONAL_EXPONENTS ( 1.000000000000000000, 0.0000000000000000000, 0.0000000000000000000, 0.0000000000000000000, 0.0000000000000000000, 0.0000000000000000000, 0.0000000000000000000 ) ;
#6784 = SURFACE_STYLE_USAGE ( .BOTH. , #3936 ) ;
#6785 = SURFACE_STYLE_FILL_AREA ( #632 ) ;
#6786 =( NAMED_UNIT ( * ) SI_UNIT ( $, .STERADIAN. ) SOLID_ANGLE_UNIT ( ) );
#6787 =( GEOMETRIC_REPRESENTATION_CONTEXT ( 3 ) GLOBAL_UNCERTAINTY_ASSIGNED_CONTEXT ( ( #831 ) ) GLOBAL_UNIT_ASSIGNED_CONTEXT ( ( #3271, #6668, #426 ) ) REPRESENTATION_CONTEXT ( 'NONE', 'WORKASPACE' ) );
#6788 = LINE ( 'NONE', #8840, #8518 ) ;
#6789 =( NAMED_UNIT ( * ) SI_UNIT ( $, .STERADIAN. ) SOLID_ANGLE_UNIT ( ) );
#6790 = LINE ( 'NONE', #2079, #6962 ) ;
#6791 = STYLED_ITEM ( 'NONE', ( #3400 ), #334 ) ;
#6792 = EDGE_CURVE ( 'NONE', #7535, #5270, #5146, .T. ) ;
#6793 =( BOUNDED_CURVE ( )  B_SPLINE_CURVE ( 3, ( #7656, #2942, #7750, #2374 ),
 .UNSPECIFIED., .F., .F. ) 
 B_SPLINE_CURVE_WITH_KNOTS ( ( 4, 4 ),
 ( 4.712388980384689674, 5.934119456780719837 ),
 .UNSPECIFIED. ) 
 CURVE ( )  GEOMETRIC_REPRESENTATION_ITEM ( )  RATIONAL_B_SPLINE_CURVE ( ( 1.000000000000000000, 0.8794346961926610140, 0.8794346961926610140, 1.000000000000000000 ) ) 
 REPRESENTATION_ITEM ( '' )  );
#6794 =( NAMED_UNIT ( * ) PLANE_ANGLE_UNIT ( ) SI_UNIT ( $, .RADIAN. ) );
#6795 = ORIENTED_EDGE ( 'NONE', *, *, #5938, .T. ) ;
#6796 = FACE_OUTER_BOUND ( 'NONE', #7223, .T. ) ;
#6797 = EDGE_CURVE ( 'NONE', #7243, #1527, #3831, .T. ) ;
#6798 = COLOUR_RGB ( '',0.7686274509803920907, 0.7686274509803920907, 0.7686274509803920907 ) ;
#6799 = LENGTH_MEASURE_WITH_UNIT ( LENGTH_MEASURE( 0.02539999999999999897 ), #6086 );
#6800 = FACE_OUTER_BOUND ( 'NONE', #4700, .T. ) ;
#6801 =( CONVERSION_BASED_UNIT ( 'INCH', #698 ) LENGTH_UNIT ( ) NAMED_UNIT ( #815 ) );
#6802 = CARTESIAN_POINT ( 'NONE',  ( 0.05511811023622047168, 0.07086614173228347746, 0.02066929133858268208 ) ) ;
#6803 = ADVANCED_FACE ( 'NONE', ( #4507 ), #7406, .T. ) ;
#6804 = DIMENSIONAL_EXPONENTS ( 1.000000000000000000, 0.0000000000000000000, 0.0000000000000000000, 0.0000000000000000000, 0.0000000000000000000, 0.0000000000000000000, 0.0000000000000000000 ) ;
#6805 = VECTOR ( 'NONE', #7709, 39.37007874015748143 ) ;
#6806 = PRESENTATION_LAYER_ASSIGNMENT (  '', '', ( #4823 ) ) ;
#6807 = DIRECTION ( 'NONE',  ( 1.741473112329314938E-32, -1.000000000000000000, -1.606225440719264641E-16 ) ) ;
#6808 =( CONVERSION_BASED_UNIT ( 'INCH', #4761 ) LENGTH_UNIT ( ) NAMED_UNIT ( #7321 ) );
#6809 = ORIENTED_EDGE ( 'NONE', *, *, #3635, .T. ) ;
#6810 = DIRECTION ( 'NONE',  ( -2.344220913482170177E-16, 0.0000000000000000000, -1.000000000000000000 ) ) ;
#6811 = ADVANCED_FACE ( 'NONE', ( #6061 ), #7147, .F. ) ;
#6812 = ORIENTED_EDGE ( 'NONE', *, *, #1049, .T. ) ;
#6813 = ADVANCED_FACE ( 'NONE', ( #2106 ), #8859, .F. ) ;
#6814 = STYLED_ITEM ( 'NONE', ( #5644 ), #2205 ) ;
#6815 = STYLED_ITEM ( 'NONE', ( #6278 ), #7065 ) ;
#6816 = AXIS2_PLACEMENT_3D ( 'NONE', #2577, #8657, #5991 ) ;
#6817 = VECTOR ( 'NONE', #4716, 39.37007874015748143 ) ;
#6818 = CYLINDRICAL_SURFACE ( 'NONE', #3260, 0.003937007874015746242 ) ;
#6819 = SURFACE_SIDE_STYLE ('',( #4080 ) ) ;
#6820 =( NAMED_UNIT ( * ) PLANE_ANGLE_UNIT ( ) SI_UNIT ( $, .RADIAN. ) );
#6821 = ORIENTED_EDGE ( 'NONE', *, *, #883, .F. ) ;
#6822 = STYLED_ITEM ( 'NONE', ( #1759 ), #7457 ) ;
#6823 = CARTESIAN_POINT ( 'NONE',  ( 0.1200787401574803237, 0.0000000000000000000, 0.06889763779527559306 ) ) ;
#6824 = AXIS2_PLACEMENT_3D ( 'NONE', #1336, #6912, #6779 ) ;
#6825 = EDGE_LOOP ( 'NONE', ( #7209, #8864, #4152, #4186, #1112, #619, #1497, #673, #1288, #162, #7972, #2128 ) ) ;
#6826 = VERTEX_POINT ( 'NONE', #2149 ) ;
#6827 = DIRECTION ( 'NONE',  ( 1.000000000000000000, 0.0000000000000000000, 0.0000000000000000000 ) ) ;
#6828 = DIRECTION ( 'NONE',  ( 0.0000000000000000000, -1.000000000000000000, 0.0000000000000000000 ) ) ;
#6829 =( CONVERSION_BASED_UNIT ( 'INCH', #4182 ) LENGTH_UNIT ( ) NAMED_UNIT ( #6012 ) );
#6830 = AXIS2_PLACEMENT_3D ( 'NONE', #8081, #1899, #4060 ) ;
#6831 = VECTOR ( 'NONE', #2705, 39.37007874015748143 ) ;
#6832 = CARTESIAN_POINT ( 'NONE',  ( 0.1200787401574803237, 0.01968503937007873988, 0.07283464566929134798 ) ) ;
#6833 = FILL_AREA_STYLE_COLOUR ( '', #2113 ) ;
#6834 = ORIENTED_EDGE ( 'NONE', *, *, #4627, .F. ) ;
#6835 = CARTESIAN_POINT ( 'NONE',  ( 0.1102370375520062978, -0.009085487128351082964, -0.01968503937007873988 ) ) ;
#6836 = AXIS2_PLACEMENT_3D ( 'NONE', #1332, #3467, #2112 ) ;
#6837 = CARTESIAN_POINT ( 'NONE',  ( -0.1122047244094488277, 0.01574803149606299191, 0.04724409448818897572 ) ) ;
#6838 = DIRECTION ( 'NONE',  ( 1.000000000000000000, 0.0000000000000000000, 1.084202172485503694E-16 ) ) ;
#6839 =( NAMED_UNIT ( * ) SI_UNIT ( $, .STERADIAN. ) SOLID_ANGLE_UNIT ( ) );
#6840 = CARTESIAN_POINT ( 'NONE',  ( 0.1031504233787781388, 0.03149606299212598381, 0.05590632889058937127 ) ) ;
#6841 = STYLED_ITEM ( 'NONE', ( #4699 ), #8120 ) ;
#6842 = CARTESIAN_POINT ( 'NONE',  ( 0.04724409448818897572, 0.07086614173228347746, 0.02854330708661417110 ) ) ;
#6843 = ORIENTED_EDGE ( 'NONE', *, *, #5343, .T. ) ;
#6844 =( CONVERSION_BASED_UNIT ( 'INCH', #2718 ) LENGTH_UNIT ( ) NAMED_UNIT ( #5503 ) );
#6845 = STYLED_ITEM ( 'NONE', ( #5397 ), #8437 ) ;
#6846 = EDGE_CURVE ( 'NONE', #975, #1331, #4773, .T. ) ;
#6847 = DIMENSIONAL_EXPONENTS ( 1.000000000000000000, 0.0000000000000000000, 0.0000000000000000000, 0.0000000000000000000, 0.0000000000000000000, 0.0000000000000000000, 0.0000000000000000000 ) ;
#6848 =( NAMED_UNIT ( * ) PLANE_ANGLE_UNIT ( ) SI_UNIT ( $, .RADIAN. ) );
#6849 =( NAMED_UNIT ( * ) SI_UNIT ( $, .STERADIAN. ) SOLID_ANGLE_UNIT ( ) );
#6850 = FILL_AREA_STYLE ('',( #8189 ) ) ;
#6851 = VERTEX_POINT ( 'NONE', #2769 ) ;
#6852 =( CONVERSION_BASED_UNIT ( 'INCH', #6141 ) LENGTH_UNIT ( ) NAMED_UNIT ( #1908 ) );
#6853 = VERTEX_POINT ( 'NONE', #1326 ) ;
#6854 = ADVANCED_FACE ( 'NONE', ( #4081 ), #5483, .T. ) ;
#6855 = STYLED_ITEM ( 'NONE', ( #6720 ), #8659 ) ;
#6856 =( LENGTH_UNIT ( ) NAMED_UNIT ( * ) SI_UNIT ( $, .METRE. ) );
#6857 = SURFACE_STYLE_USAGE ( .BOTH. , #571 ) ;
#6858 =( CONVERSION_BASED_UNIT ( 'INCH', #797 ) LENGTH_UNIT ( ) NAMED_UNIT ( #3988 ) );
#6859 = VECTOR ( 'NONE', #407, 39.37007874015748143 ) ;
#6860 = EDGE_CURVE ( 'NONE', #8458, #2293, #6411, .T. ) ;
#6861 = SURFACE_STYLE_FILL_AREA ( #4129 ) ;
#6862 = EDGE_LOOP ( 'NONE', ( #8751, #4710, #4596, #8637 ) ) ;
#6863 = ORIENTED_EDGE ( 'NONE', *, *, #6161, .T. ) ;
#6864 = CIRCLE ( 'NONE', #2712, 0.009842519685039378616 ) ;
#6865 = VERTEX_POINT ( 'NONE', #5166 ) ;
#6866 =( NAMED_UNIT ( * ) SI_UNIT ( $, .STERADIAN. ) SOLID_ANGLE_UNIT ( ) );
#6867 = ORIENTED_EDGE ( 'NONE', *, *, #3623, .T. ) ;
#6868 = VECTOR ( 'NONE', #5932, 39.37007874015748143 ) ;
#6869 = UNCERTAINTY_MEASURE_WITH_UNIT (LENGTH_MEASURE( 1.000000000000000082E-05 ), #7234, 'distance_accuracy_value', 'NONE');
#6870 = FACE_OUTER_BOUND ( 'NONE', #7677, .T. ) ;
#6871 = DIRECTION ( 'NONE',  ( -2.344220913482170177E-16, 0.0000000000000000000, -1.000000000000000000 ) ) ;
#6872 =( NAMED_UNIT ( * ) PLANE_ANGLE_UNIT ( ) SI_UNIT ( $, .RADIAN. ) );
#6873 = ORIENTED_EDGE ( 'NONE', *, *, #996, .F. ) ;
#6874 = FILL_AREA_STYLE_COLOUR ( '', #6259 ) ;
#6875 = SURFACE_STYLE_FILL_AREA ( #4787 ) ;
#6876 = UNCERTAINTY_MEASURE_WITH_UNIT (LENGTH_MEASURE( 1.000000000000000082E-05 ), #2263, 'distance_accuracy_value', 'NONE');
#6877 = CIRCLE ( 'NONE', #1422, 0.005905511811023620231 ) ;
#6878 = LENGTH_MEASURE_WITH_UNIT ( LENGTH_MEASURE( 0.02539999999999999897 ), #8346 );
#6879 = DIRECTION ( 'NONE',  ( 1.000000000000000000, 0.0000000000000000000, 1.084202172485503694E-16 ) ) ;
#6880 = DIRECTION ( 'NONE',  ( 3.516331370223255265E-16, 0.0000000000000000000, 1.000000000000000000 ) ) ;
#6881 = EDGE_LOOP ( 'NONE', ( #818, #2613, #1255, #2004 ) ) ;
#6882 = PRESENTATION_STYLE_ASSIGNMENT (( #7560 ) ) ;
#6883 = COLOUR_RGB ( '',0.7686274509803920907, 0.7686274509803920907, 0.7686274509803920907 ) ;
#6884 = COLOUR_RGB ( '',0.2980392156862745057, 0.2980392156862745057, 0.2980392156862745057 ) ;
#6885 = SURFACE_SIDE_STYLE ('',( #4154 ) ) ;
#6886 = CARTESIAN_POINT ( 'NONE',  ( -0.04724409448818897572, 0.06299212598425196763, -0.02854330708661417110 ) ) ;
#6887 = SURFACE_STYLE_FILL_AREA ( #6850 ) ;
#6888 = ORIENTED_EDGE ( 'NONE', *, *, #4164, .F. ) ;
#6889 =( GEOMETRIC_REPRESENTATION_CONTEXT ( 3 ) GLOBAL_UNCERTAINTY_ASSIGNED_CONTEXT ( ( #8474 ) ) GLOBAL_UNIT_ASSIGNED_CONTEXT ( ( #4989, #210, #32 ) ) REPRESENTATION_CONTEXT ( 'NONE', 'WORKASPACE' ) );
#6890 = ORIENTED_EDGE ( 'NONE', *, *, #2478, .T. ) ;
#6891 =( CONVERSION_BASED_UNIT ( 'INCH', #2765 ) LENGTH_UNIT ( ) NAMED_UNIT ( #8299 ) );
#6892 = STYLED_ITEM ( 'NONE', ( #7705 ), #4676 ) ;
#6893 = CARTESIAN_POINT ( 'NONE',  ( -0.04527559055118110520, 0.09448818897637795144, 0.02559055118110236532 ) ) ;
#6894 = PRESENTATION_STYLE_ASSIGNMENT (( #5478 ) ) ;
#6895 = PRESENTATION_STYLE_ASSIGNMENT (( #6192 ) ) ;
#6896 = LINE ( 'NONE', #8329, #6090 ) ;
#6897 = PRESENTATION_LAYER_ASSIGNMENT (  '', '', ( #8331 ) ) ;
#6898 = DIMENSIONAL_EXPONENTS ( 1.000000000000000000, 0.0000000000000000000, 0.0000000000000000000, 0.0000000000000000000, 0.0000000000000000000, 0.0000000000000000000, 0.0000000000000000000 ) ;
#6899 = ADVANCED_FACE ( 'NONE', ( #1023 ), #8285, .F. ) ;
#6900 = CARTESIAN_POINT ( 'NONE',  ( 0.1088943547947819057, 0.03149606299212598381, 0.06165026030659291612 ) ) ;
#6901 = ORIENTED_EDGE ( 'NONE', *, *, #7459, .T. ) ;
#6902 = ORIENTED_EDGE ( 'NONE', *, *, #7351, .T. ) ;
#6903 = EDGE_LOOP ( 'NONE', ( #3464, #7202, #2501, #7372 ) ) ;
#6904 = DIRECTION ( 'NONE',  ( 0.0000000000000000000, 1.000000000000000000, 0.0000000000000000000 ) ) ;
#6905 = COLOUR_RGB ( '',0.7686274509803920907, 0.7686274509803920907, 0.7686274509803920907 ) ;
#6906 = STYLED_ITEM ( 'NONE', ( #7510 ), #5170 ) ;
#6907 = EDGE_CURVE ( 'NONE', #2656, #1856, #6496, .T. ) ;
#6908 = EDGE_CURVE ( 'NONE', #8040, #3632, #7207, .T. ) ;
#6909 = CARTESIAN_POINT ( 'NONE',  ( -0.1200787401574803237, 0.04724409448818897572, -0.01968503937007873988 ) ) ;
#6910 =( CONVERSION_BASED_UNIT ( 'INCH', #5402 ) LENGTH_UNIT ( ) NAMED_UNIT ( #7376 ) );
#6911 = LENGTH_MEASURE_WITH_UNIT ( LENGTH_MEASURE( 0.02539999999999999897 ), #3605 );
#6912 = DIRECTION ( 'NONE',  ( 0.0000000000000000000, -1.000000000000000000, 0.0000000000000000000 ) ) ;
#6913 = FILL_AREA_STYLE_COLOUR ( '', #315 ) ;
#6914 = LINE ( 'NONE', #2664, #2947 ) ;
#6915 =( LENGTH_UNIT ( ) NAMED_UNIT ( * ) SI_UNIT ( $, .METRE. ) );
#6916 = VERTEX_POINT ( 'NONE', #211 ) ;
#6917 = SURFACE_STYLE_USAGE ( .BOTH. , #5500 ) ;
#6918 = EDGE_CURVE ( 'NONE', #4048, #4059, #6365, .T. ) ;
#6919 = DIMENSIONAL_EXPONENTS ( 1.000000000000000000, 0.0000000000000000000, 0.0000000000000000000, 0.0000000000000000000, 0.0000000000000000000, 0.0000000000000000000, 0.0000000000000000000 ) ;
#6920 = DIRECTION ( 'NONE',  ( 0.0000000000000000000, 1.000000000000000000, 0.0000000000000000000 ) ) ;
#6921 =( BOUNDED_CURVE ( )  B_SPLINE_CURVE ( 3, ( #3365, #674, #8119, #1330 ),
 .UNSPECIFIED., .F., .T. ) 
 B_SPLINE_CURVE_WITH_KNOTS ( ( 4, 4 ),
 ( 3.490658503988659955, 4.712388980384689674 ),
 .UNSPECIFIED. ) 
 CURVE ( )  GEOMETRIC_REPRESENTATION_ITEM ( )  RATIONAL_B_SPLINE_CURVE ( ( 1.000000000000000000, 0.8794346961926610140, 0.8794346961926610140, 1.000000000000000000 ) ) 
 REPRESENTATION_ITEM ( '' )  );
#6922 = SURFACE_STYLE_FILL_AREA ( #4750 ) ;
#6923 = DIRECTION ( 'NONE',  ( -2.168404344971010347E-16, 0.0000000000000000000, -1.000000000000000000 ) ) ;
#6924 = DIRECTION ( 'NONE',  ( 1.000000000000000000, 0.0000000000000000000, 0.0000000000000000000 ) ) ;
#6925 = VERTEX_POINT ( 'NONE', #4717 ) ;
#6926 = PRESENTATION_LAYER_ASSIGNMENT (  '', '', ( #8209 ) ) ;
#6927 = COLOUR_RGB ( '',0.7686274509803920907, 0.7686274509803920907, 0.7686274509803920907 ) ;
#6928 =( NAMED_UNIT ( * ) SI_UNIT ( $, .STERADIAN. ) SOLID_ANGLE_UNIT ( ) );
#6929 = VECTOR ( 'NONE', #5722, 39.37007874015748143 ) ;
#6930 = CARTESIAN_POINT ( 'NONE',  ( -0.1200787401574803237, 0.03937007874015747977, -0.07283464566929134798 ) ) ;
#6931 = SURFACE_STYLE_USAGE ( .BOTH. , #8147 ) ;
#6932 = CARTESIAN_POINT ( 'NONE',  ( 0.1122047244094488277, 0.01968503937007873988, -0.05118110236220473064 ) ) ;
#6933 =( NAMED_UNIT ( * ) PLANE_ANGLE_UNIT ( ) SI_UNIT ( $, .RADIAN. ) );
#6934 = ORIENTED_EDGE ( 'NONE', *, *, #4848, .F. ) ;
#6935 = FILL_AREA_STYLE ('',( #160 ) ) ;
#6936 =( GEOMETRIC_REPRESENTATION_CONTEXT ( 3 ) GLOBAL_UNCERTAINTY_ASSIGNED_CONTEXT ( ( #8003 ) ) GLOBAL_UNIT_ASSIGNED_CONTEXT ( ( #2463, #3902, #471 ) ) REPRESENTATION_CONTEXT ( 'NONE', 'WORKASPACE' ) );
#6937 = MECHANICAL_DESIGN_GEOMETRIC_PRESENTATION_REPRESENTATION (  '', ( #3220 ), #2926 ) ;
#6938 = ORIENTED_EDGE ( 'NONE', *, *, #4961, .F. ) ;
#6939 = FILL_AREA_STYLE_COLOUR ( '', #5136 ) ;
#6940 = DIMENSIONAL_EXPONENTS ( 1.000000000000000000, 0.0000000000000000000, 0.0000000000000000000, 0.0000000000000000000, 0.0000000000000000000, 0.0000000000000000000, 0.0000000000000000000 ) ;
#6941 = LENGTH_MEASURE_WITH_UNIT ( LENGTH_MEASURE( 0.02539999999999999897 ), #1411 );
#6942 = DIRECTION ( 'NONE',  ( 0.0000000000000000000, 1.000000000000000000, 0.0000000000000000000 ) ) ;
#6943 = FILL_AREA_STYLE_COLOUR ( '', #2073 ) ;
#6944 = AXIS2_PLACEMENT_3D ( 'NONE', #4467, #2360, #3115 ) ;
#6945 = COLOUR_RGB ( '',0.2980392156862745057, 0.2980392156862745057, 0.2980392156862745057 ) ;
#6946 = ORIENTED_EDGE ( 'NONE', *, *, #4742, .T. ) ;
#6947 = ORIENTED_EDGE ( 'NONE', *, *, #1302, .T. ) ;
#6948 = LINE ( 'NONE', #313, #2567 ) ;
#6949 = ORIENTED_EDGE ( 'NONE', *, *, #4386, .F. ) ;
#6950 =( GEOMETRIC_REPRESENTATION_CONTEXT ( 3 ) GLOBAL_UNCERTAINTY_ASSIGNED_CONTEXT ( ( #3708 ) ) GLOBAL_UNIT_ASSIGNED_CONTEXT ( ( #1176, #4638, #3235 ) ) REPRESENTATION_CONTEXT ( 'NONE', 'WORKASPACE' ) );
#6951 = VERTEX_POINT ( 'NONE', #3907 ) ;
#6952 = AXIS2_PLACEMENT_3D ( 'NONE', #8395, #7096, #3009 ) ;
#6953 = VECTOR ( 'NONE', #2558, 39.37007874015748143 ) ;
#6954 = UNCERTAINTY_MEASURE_WITH_UNIT (LENGTH_MEASURE( 1.000000000000000082E-05 ), #4748, 'distance_accuracy_value', 'NONE');
#6955 = ADVANCED_FACE ( 'NONE', ( #8636 ), #2467, .F. ) ;
#6956 = PRESENTATION_STYLE_ASSIGNMENT (( #4221 ) ) ;
#6957 = DIRECTION ( 'NONE',  ( 1.000000000000000000, 0.0000000000000000000, 0.0000000000000000000 ) ) ;
#6958 = LINE ( 'NONE', #813, #4652 ) ;
#6959 =( GEOMETRIC_REPRESENTATION_CONTEXT ( 3 ) GLOBAL_UNCERTAINTY_ASSIGNED_CONTEXT ( ( #5851 ) ) GLOBAL_UNIT_ASSIGNED_CONTEXT ( ( #5191, #414, #3663 ) ) REPRESENTATION_CONTEXT ( 'NONE', 'WORKASPACE' ) );
#6960 = VECTOR ( 'NONE', #6880, 39.37007874015748143 ) ;
#6961 = COLOUR_RGB ( '',0.7686274509803920907, 0.7686274509803920907, 0.7686274509803920907 ) ;
#6962 = VECTOR ( 'NONE', #6923, 39.37007874015748143 ) ;
#6963 = DIRECTION ( 'NONE',  ( -1.000000000000000000, 0.0000000000000000000, 2.344220913482170177E-16 ) ) ;
#6964 = VERTEX_POINT ( 'NONE', #3990 ) ;
#6965 = DIMENSIONAL_EXPONENTS ( 1.000000000000000000, 0.0000000000000000000, 0.0000000000000000000, 0.0000000000000000000, 0.0000000000000000000, 0.0000000000000000000, 0.0000000000000000000 ) ;
#6966 =( NAMED_UNIT ( * ) SI_UNIT ( $, .STERADIAN. ) SOLID_ANGLE_UNIT ( ) );
#6967 = VECTOR ( 'NONE', #7463, 39.37007874015748143 ) ;
#6968 = CYLINDRICAL_SURFACE ( 'NONE', #5720, 0.003937007874015749712 ) ;
#6969 = VECTOR ( 'NONE', #5652, 39.37007874015748143 ) ;
#6970 = STYLED_ITEM ( 'NONE', ( #2012 ), #6803 ) ;
#6971 = ADVANCED_FACE ( 'NONE', ( #7966 ), #563, .F. ) ;
#6972 = FILL_AREA_STYLE ('',( #4232 ) ) ;
#6973 = CARTESIAN_POINT ( 'NONE',  ( 0.1200787401574803237, 0.01968503937007873988, -0.05118110236220473064 ) ) ;
#6974 = EDGE_CURVE ( 'NONE', #4734, #1378, #3081, .T. ) ;
#6975 = DIRECTION ( 'NONE',  ( -0.1045284632676536235, -0.9945218953682732899, -1.133299869613614284E-17 ) ) ;
#6976 = EDGE_CURVE ( 'NONE', #5982, #2439, #7920, .T. ) ;
#6977 = STYLED_ITEM ( 'NONE', ( #5834 ), #2896 ) ;
#6978 = VECTOR ( 'NONE', #2480, 39.37007874015748143 ) ;
#6979 = SURFACE_STYLE_FILL_AREA ( #6350 ) ;
#6980 = SURFACE_STYLE_USAGE ( .BOTH. , #4932 ) ;
#6981 = FACE_OUTER_BOUND ( 'NONE', #7496, .T. ) ;
#6982 =( NAMED_UNIT ( * ) SI_UNIT ( $, .STERADIAN. ) SOLID_ANGLE_UNIT ( ) );
#6983 = CARTESIAN_POINT ( 'NONE',  ( 0.05314960629921260116, 0.09448818897637795144, 0.01771653543307086937 ) ) ;
#6984 = ORIENTED_EDGE ( 'NONE', *, *, #3639, .T. ) ;
#6985 = AXIS2_PLACEMENT_3D ( 'NONE', #1932, #8201, #8160 ) ;
#6986 = CARTESIAN_POINT ( 'NONE',  ( 0.09945084613158955422, 0.04196055061682803233, 0.04850717439621220206 ) ) ;
#6987 = ORIENTED_EDGE ( 'NONE', *, *, #4280, .F. ) ;
#6988 =( CONVERSION_BASED_UNIT ( 'INCH', #1499 ) LENGTH_UNIT ( ) NAMED_UNIT ( #7608 ) );
#6989 = DIRECTION ( 'NONE',  ( -1.000000000000000000, 0.0000000000000000000, 0.0000000000000000000 ) ) ;
#6990 = LENGTH_MEASURE_WITH_UNIT ( LENGTH_MEASURE( 0.02539999999999999897 ), #6856 );
#6991 = FACE_OUTER_BOUND ( 'NONE', #8647, .T. ) ;
#6992 =( GEOMETRIC_REPRESENTATION_CONTEXT ( 3 ) GLOBAL_UNCERTAINTY_ASSIGNED_CONTEXT ( ( #5700 ) ) GLOBAL_UNIT_ASSIGNED_CONTEXT ( ( #3687, #3041, #1461 ) ) REPRESENTATION_CONTEXT ( 'NONE', 'WORKASPACE' ) );
#6993 =( NAMED_UNIT ( * ) SI_UNIT ( $, .STERADIAN. ) SOLID_ANGLE_UNIT ( ) );
#6994 =( CONVERSION_BASED_UNIT ( 'INCH', #3422 ) LENGTH_UNIT ( ) NAMED_UNIT ( #5481 ) );
#6995 = ORIENTED_EDGE ( 'NONE', *, *, #7182, .T. ) ;
#6996 = EDGE_LOOP ( 'NONE', ( #972, #2727, #1084, #8703 ) ) ;
#6997 = SURFACE_SIDE_STYLE ('',( #4259 ) ) ;
#6998 = ORIENTED_EDGE ( 'NONE', *, *, #6974, .T. ) ;
#6999 =( GEOMETRIC_REPRESENTATION_CONTEXT ( 3 ) GLOBAL_UNCERTAINTY_ASSIGNED_CONTEXT ( ( #7497 ) ) GLOBAL_UNIT_ASSIGNED_CONTEXT ( ( #6852, #68, #5732 ) ) REPRESENTATION_CONTEXT ( 'NONE', 'WORKASPACE' ) );
#7000 = ORIENTED_EDGE ( 'NONE', *, *, #2261, .F. ) ;
#7001 = DIRECTION ( 'NONE',  ( 0.0000000000000000000, 0.0000000000000000000, -1.000000000000000000 ) ) ;
#7002 = LINE ( 'NONE', #896, #7325 ) ;
#7003 = COLOUR_RGB ( '',0.7686274509803920907, 0.7686274509803920907, 0.7686274509803920907 ) ;
#7004 = DIRECTION ( 'NONE',  ( 0.0000000000000000000, 1.000000000000000000, 0.0000000000000000000 ) ) ;
#7005 = CARTESIAN_POINT ( 'NONE',  ( -0.09380814114305804918, 0.03444167326641416754, 0.04656404665486942041 ) ) ;
#7006 = DIMENSIONAL_EXPONENTS ( 1.000000000000000000, 0.0000000000000000000, 0.0000000000000000000, 0.0000000000000000000, 0.0000000000000000000, 0.0000000000000000000, 0.0000000000000000000 ) ;
#7007 = AXIS2_PLACEMENT_3D ( 'NONE', #1478, #3785, #7048 ) ;
#7008 = FACE_OUTER_BOUND ( 'NONE', #6660, .T. ) ;
#7009 = SURFACE_SIDE_STYLE ('',( #1526 ) ) ;
#7010 = ORIENTED_EDGE ( 'NONE', *, *, #1881, .T. ) ;
#7011 =( GEOMETRIC_REPRESENTATION_CONTEXT ( 3 ) GLOBAL_UNCERTAINTY_ASSIGNED_CONTEXT ( ( #3485 ) ) GLOBAL_UNIT_ASSIGNED_CONTEXT ( ( #4874, #8341, #4136 ) ) REPRESENTATION_CONTEXT ( 'NONE', 'WORKASPACE' ) );
#7012 = PLANE ( 'NONE',  #1269 ) ;
#7013 =( NAMED_UNIT ( * ) PLANE_ANGLE_UNIT ( ) SI_UNIT ( $, .RADIAN. ) );
#7014 = LINE ( 'NONE', #864, #6765 ) ;
#7015 = CARTESIAN_POINT ( 'NONE',  ( -0.1380590051106606320, 0.0009842519685039369942, -0.01181102362204724393 ) ) ;
#7016 = UNCERTAINTY_MEASURE_WITH_UNIT (LENGTH_MEASURE( 1.000000000000000082E-05 ), #6829, 'distance_accuracy_value', 'NONE');
#7017 = CARTESIAN_POINT ( 'NONE',  ( -0.1200787401574803237, 0.01968503937007873988, 0.06102362204724410405 ) ) ;
#7018 = EDGE_CURVE ( 'NONE', #69, #2028, #435, .T. ) ;
#7019 = SURFACE_SIDE_STYLE ('',( #2083 ) ) ;
#7020 = VECTOR ( 'NONE', #1554, 39.37007874015748143 ) ;
#7021 = EDGE_CURVE ( 'NONE', #675, #7954, #6222, .T. ) ;
#7022 = LINE ( 'NONE', #2803, #5668 ) ;
#7023 = SURFACE_STYLE_FILL_AREA ( #300 ) ;
#7024 = FILL_AREA_STYLE_COLOUR ( '', #644 ) ;
#7025 = CARTESIAN_POINT ( 'NONE',  ( -0.09805920168340552523, 0.04135943069846543391, 0.05242554140090929793 ) ) ;
#7026 = VERTEX_POINT ( 'NONE', #2722 ) ;
#7027 = VERTEX_POINT ( 'NONE', #6184 ) ;
#7028 = ORIENTED_EDGE ( 'NONE', *, *, #5228, .F. ) ;
#7029 = PRESENTATION_LAYER_ASSIGNMENT (  '', '', ( #2869 ) ) ;
#7030 = DIRECTION ( 'NONE',  ( 0.0000000000000000000, 1.000000000000000000, 0.0000000000000000000 ) ) ;
#7031 = FILL_AREA_STYLE ('',( #4304 ) ) ;
#7032 = SURFACE_STYLE_FILL_AREA ( #2425 ) ;
#7033 = EDGE_LOOP ( 'NONE', ( #5926, #7178, #1198, #8417 ) ) ;
#7034 = ORIENTED_EDGE ( 'NONE', *, *, #1583, .F. ) ;
#7035 = DIMENSIONAL_EXPONENTS ( 1.000000000000000000, 0.0000000000000000000, 0.0000000000000000000, 0.0000000000000000000, 0.0000000000000000000, 0.0000000000000000000, 0.0000000000000000000 ) ;
#7036 = LINE ( 'NONE', #891, #3124 ) ;
#7037 = EDGE_LOOP ( 'NONE', ( #8427, #2015, #8181, #851, #2984, #7596, #7746, #3244, #6995, #7484, #1699, #1208 ) ) ;
#7038 = SURFACE_SIDE_STYLE ('',( #1646 ) ) ;
#7039 = UNCERTAINTY_MEASURE_WITH_UNIT (LENGTH_MEASURE( 1.000000000000000082E-05 ), #6402, 'distance_accuracy_value', 'NONE');
#7040 =( LENGTH_UNIT ( ) NAMED_UNIT ( * ) SI_UNIT ( $, .METRE. ) );
#7041 = STYLED_ITEM ( 'NONE', ( #1829 ), #4694 ) ;
#7042 = LINE ( 'NONE', #4354, #2093 ) ;
#7043 = SURFACE_STYLE_FILL_AREA ( #5748 ) ;
#7044 =( NAMED_UNIT ( * ) SI_UNIT ( $, .STERADIAN. ) SOLID_ANGLE_UNIT ( ) );
#7045 = DIRECTION ( 'NONE',  ( 1.000000000000000000, 0.0000000000000000000, 2.344220913482170177E-16 ) ) ;
#7046 = EDGE_LOOP ( 'NONE', ( #5083, #3653, #3029, #488 ) ) ;
#7047 = DIRECTION ( 'NONE',  ( 0.0000000000000000000, 4.336808689942025132E-16, -1.000000000000000000 ) ) ;
#7048 = DIRECTION ( 'NONE',  ( 0.0000000000000000000, 0.0000000000000000000, -1.000000000000000000 ) ) ;
#7049 = UNCERTAINTY_MEASURE_WITH_UNIT (LENGTH_MEASURE( 1.000000000000000082E-05 ), #777, 'distance_accuracy_value', 'NONE');
#7050 = EDGE_CURVE ( 'NONE', #4816, #8354, #4246, .T. ) ;
#7051 =( NAMED_UNIT ( * ) SI_UNIT ( $, .STERADIAN. ) SOLID_ANGLE_UNIT ( ) );
#7052 = CARTESIAN_POINT ( 'NONE',  ( -0.1122047244094488277, 0.01968503937007873988, -0.06496062992125983815 ) ) ;
#7053 =( NAMED_UNIT ( * ) SI_UNIT ( $, .STERADIAN. ) SOLID_ANGLE_UNIT ( ) );
#7054 = CARTESIAN_POINT ( 'NONE',  ( -0.1200787401574803237, 0.01507924023197730438, 0.01181102362204724393 ) ) ;
#7055 = PRESENTATION_LAYER_ASSIGNMENT (  '', '', ( #6347 ) ) ;
#7056 =( LENGTH_UNIT ( ) NAMED_UNIT ( * ) SI_UNIT ( $, .METRE. ) );
#7057 = DIRECTION ( 'NONE',  ( 1.000000000000000000, 0.0000000000000000000, 0.0000000000000000000 ) ) ;
#7058 = CARTESIAN_POINT ( 'NONE',  ( 0.1200787401574803237, 0.01968503937007873988, -0.04724409448818897572 ) ) ;
#7059 = DIRECTION ( 'NONE',  ( 0.0000000000000000000, 0.0000000000000000000, 1.000000000000000000 ) ) ;
#7060 = DIRECTION ( 'NONE',  ( 0.0000000000000000000, 0.0000000000000000000, 1.000000000000000000 ) ) ;
#7061 = DIRECTION ( 'NONE',  ( -0.0000000000000000000, 1.000000000000000000, 0.0000000000000000000 ) ) ;
#7062 = SURFACE_STYLE_FILL_AREA ( #5772 ) ;
#7063 = VERTEX_POINT ( 'NONE', #6886 ) ;
#7064 =( LENGTH_UNIT ( ) NAMED_UNIT ( * ) SI_UNIT ( $, .METRE. ) );
#7065 = ADVANCED_FACE ( 'NONE', ( #4891 ), #786, .F. ) ;
#7066 = PRESENTATION_STYLE_ASSIGNMENT (( #2458 ) ) ;
#7067 = VERTEX_POINT ( 'NONE', #6932 ) ;
#7068 = CARTESIAN_POINT ( 'NONE',  ( 0.1265117110087226326, 0.01507924023197730438, 0.01181102362204724393 ) ) ;
#7069 = ORIENTED_EDGE ( 'NONE', *, *, #8387, .T. ) ;
#7070 = STYLED_ITEM ( 'NONE', ( #4422 ), #448 ) ;
#7071 =( GEOMETRIC_REPRESENTATION_CONTEXT ( 3 ) GLOBAL_UNCERTAINTY_ASSIGNED_CONTEXT ( ( #5271 ) ) GLOBAL_UNIT_ASSIGNED_CONTEXT ( ( #6551, #2998, #6374 ) ) REPRESENTATION_CONTEXT ( 'NONE', 'WORKASPACE' ) );
#7072 = ADVANCED_FACE ( 'NONE', ( #2850 ), #2761, .T. ) ;
#7073 = CARTESIAN_POINT ( 'NONE',  ( -0.1102370375520064921, 0.03937007874015747977, -0.05511811023622047168 ) ) ;
#7074 = FILL_AREA_STYLE ('',( #8415 ) ) ;
#7075 = DIRECTION ( 'NONE',  ( 0.0000000000000000000, 0.0000000000000000000, 1.000000000000000000 ) ) ;
#7076 = VECTOR ( 'NONE', #5017, 39.37007874015748143 ) ;
#7077 = EDGE_CURVE ( 'NONE', #5930, #7659, #4982, .T. ) ;
#7078 = DIRECTION ( 'NONE',  ( 0.0000000000000000000, -1.000000000000000000, 0.0000000000000000000 ) ) ;
#7079 = ADVANCED_FACE ( 'NONE', ( #2929 ), #1233, .F. ) ;
#7080 = VERTEX_POINT ( 'NONE', #7154 ) ;
#7081 = DIRECTION ( 'NONE',  ( 1.000000000000000000, 0.0000000000000000000, 0.0000000000000000000 ) ) ;
#7082 = ORIENTED_EDGE ( 'NONE', *, *, #6477, .F. ) ;
#7083 = SURFACE_SIDE_STYLE ('',( #275 ) ) ;
#7084 = MECHANICAL_DESIGN_GEOMETRIC_PRESENTATION_REPRESENTATION (  '', ( #3799 ), #8505 ) ;
#7085 = STYLED_ITEM ( 'NONE', ( #5389 ), #6163 ) ;
#7086 =( LENGTH_UNIT ( ) NAMED_UNIT ( * ) SI_UNIT ( $, .METRE. ) );
#7087 = CARTESIAN_POINT ( 'NONE',  ( -0.04527559055118110520, 0.09842519685039370636, -0.02165354330708661734 ) ) ;
#7088 = DIRECTION ( 'NONE',  ( 0.0000000000000000000, 0.0000000000000000000, 1.000000000000000000 ) ) ;
#7089 = VERTEX_POINT ( 'NONE', #6486 ) ;
#7090 = COLOUR_RGB ( '',0.7686274509803920907, 0.7686274509803920907, 0.7686274509803920907 ) ;
#7091 = LINE ( 'NONE', #4958, #261 ) ;
#7092 = PRESENTATION_LAYER_ASSIGNMENT (  '', '', ( #498 ) ) ;
#7093 = VERTEX_POINT ( 'NONE', #3587 ) ;
#7094 = DIRECTION ( 'NONE',  ( 1.000000000000000000, 0.0000000000000000000, 0.0000000000000000000 ) ) ;
#7095 = PRESENTATION_STYLE_ASSIGNMENT (( #4459 ) ) ;
#7096 = DIRECTION ( 'NONE',  ( 0.0000000000000000000, -1.000000000000000000, 0.0000000000000000000 ) ) ;
#7097 = COLOUR_RGB ( '',0.7686274509803920907, 0.7686274509803920907, 0.7686274509803920907 ) ;
#7098 = LENGTH_MEASURE_WITH_UNIT ( LENGTH_MEASURE( 0.02539999999999999897 ), #4506 );
#7099 = AXIS2_PLACEMENT_3D ( 'NONE', #2587, #2453, #4614 ) ;
#7100 = MECHANICAL_DESIGN_GEOMETRIC_PRESENTATION_REPRESENTATION (  '', ( #4830 ), #1802 ) ;
#7101 =( GEOMETRIC_REPRESENTATION_CONTEXT ( 3 ) GLOBAL_UNCERTAINTY_ASSIGNED_CONTEXT ( ( #2913 ) ) GLOBAL_UNIT_ASSIGNED_CONTEXT ( ( #3666, #3067, #4292 ) ) REPRESENTATION_CONTEXT ( 'NONE', 'WORKASPACE' ) );
#7102 =( CONVERSION_BASED_UNIT ( 'INCH', #6310 ) LENGTH_UNIT ( ) NAMED_UNIT ( #6727 ) );
#7103 = DIRECTION ( 'NONE',  ( 0.0000000000000000000, 1.000000000000000000, 0.0000000000000000000 ) ) ;
#7104 = CYLINDRICAL_SURFACE ( 'NONE', #7645, 0.003937007874015749712 ) ;
#7105 = VECTOR ( 'NONE', #185, 39.37007874015748143 ) ;
#7106 = PRESENTATION_LAYER_ASSIGNMENT (  '', '', ( #1230 ) ) ;
#7107 = AXIS2_PLACEMENT_3D ( 'NONE', #444, #1171, #1076 ) ;
#7108 = LINE ( 'NONE', #4374, #4522 ) ;
#7109 = SURFACE_STYLE_FILL_AREA ( #3066 ) ;
#7110 =( NAMED_UNIT ( * ) PLANE_ANGLE_UNIT ( ) SI_UNIT ( $, .RADIAN. ) );
#7111 = MECHANICAL_DESIGN_GEOMETRIC_PRESENTATION_REPRESENTATION (  '', ( #3402 ), #8115 ) ;
#7112 = VECTOR ( 'NONE', #7458, 39.37007874015748143 ) ;
#7113 = VECTOR ( 'NONE', #3596, 39.37007874015748143 ) ;
#7114 = LENGTH_MEASURE_WITH_UNIT ( LENGTH_MEASURE( 0.02539999999999999897 ), #1626 );
#7115 = EDGE_LOOP ( 'NONE', ( #7799, #7212, #8337, #839, #450, #3299, #6449, #6834, #7534, #8468, #802, #6224 ) ) ;
#7116 = DIRECTION ( 'NONE',  ( -1.000000000000000000, 0.0000000000000000000, 0.0000000000000000000 ) ) ;
#7117 = DIRECTION ( 'NONE',  ( 0.0000000000000000000, 0.3420201433256695456, -0.9396926207859080948 ) ) ;
#7118 = SURFACE_SIDE_STYLE ('',( #5115 ) ) ;
#7119 = VERTEX_POINT ( 'NONE', #875 ) ;
#7120 = PRESENTATION_STYLE_ASSIGNMENT (( #5290 ) ) ;
#7121 = ORIENTED_EDGE ( 'NONE', *, *, #7300, .T. ) ;
#7122 =( GEOMETRIC_REPRESENTATION_CONTEXT ( 3 ) GLOBAL_UNCERTAINTY_ASSIGNED_CONTEXT ( ( #5806 ) ) GLOBAL_UNIT_ASSIGNED_CONTEXT ( ( #1199, #8021, #8641 ) ) REPRESENTATION_CONTEXT ( 'NONE', 'WORKASPACE' ) );
#7123 = CIRCLE ( 'NONE', #1524, 0.009842519685039378616 ) ;
#7124 =( NAMED_UNIT ( * ) SI_UNIT ( $, .STERADIAN. ) SOLID_ANGLE_UNIT ( ) );
#7125 = CARTESIAN_POINT ( 'NONE',  ( -0.1200787401574803237, 0.03937007874015747977, 0.01968503937007873988 ) ) ;
#7126 = DIRECTION ( 'NONE',  ( 1.000000000000000000, 0.0000000000000000000, 0.0000000000000000000 ) ) ;
#7127 = DIRECTION ( 'NONE',  ( 0.0000000000000000000, 0.0000000000000000000, 1.000000000000000000 ) ) ;
#7128 =( CONVERSION_BASED_UNIT ( 'INCH', #4398 ) LENGTH_UNIT ( ) NAMED_UNIT ( #8058 ) );
#7129 = ORIENTED_EDGE ( 'NONE', *, *, #6320, .F. ) ;
#7130 = CARTESIAN_POINT ( 'NONE',  ( 0.1200787401574803237, 0.03543307086614173873, -0.07283464566929134798 ) ) ;
#7131 = ADVANCED_FACE ( 'NONE', ( #6354 ), #7775, .F. ) ;
#7132 = ORIENTED_EDGE ( 'NONE', *, *, #436, .F. ) ;
#7133 = LENGTH_MEASURE_WITH_UNIT ( LENGTH_MEASURE( 0.02539999999999999897 ), #273 );
#7135 = CARTESIAN_POINT ( 'NONE',  ( -0.1122047244094488277, 0.01968503937007873988, -0.07283464566929134798 ) ) ;
#7134 =( GEOMETRIC_REPRESENTATION_CONTEXT ( 3 ) GLOBAL_UNCERTAINTY_ASSIGNED_CONTEXT ( ( #677 ) ) GLOBAL_UNIT_ASSIGNED_CONTEXT ( ( #5891, #6599, #8649 ) ) REPRESENTATION_CONTEXT ( 'NONE', 'WORKASPACE' ) );
#7136 = SURFACE_SIDE_STYLE ('',( #3780 ) ) ;
#7137 = ADVANCED_FACE ( 'NONE', ( #6003 ), #1953, .T. ) ;
#7138 = CARTESIAN_POINT ( 'NONE',  ( 0.1003937007874012161, 0.03937007874015748671, 0.04850717439621213961 ) ) ;
#7139 = ORIENTED_EDGE ( 'NONE', *, *, #3958, .F. ) ;
#7140 = MECHANICAL_DESIGN_GEOMETRIC_PRESENTATION_REPRESENTATION (  '', ( #7708 ), #6992 ) ;
#7141 = ORIENTED_EDGE ( 'NONE', *, *, #2319, .F. ) ;
#7142 = LINE ( 'NONE', #2349, #944 ) ;
#7143 = CARTESIAN_POINT ( 'NONE',  ( 0.1161417322834645688, 0.0000000000000000000, -0.07283464566929134798 ) ) ;
#7144 = CARTESIAN_POINT ( 'NONE',  ( -0.1102370375520064921, 0.01968503937007873988, 0.07283464566929134798 ) ) ;
#7145 = PRESENTATION_LAYER_ASSIGNMENT (  '', '', ( #6855 ) ) ;
#7146 = CARTESIAN_POINT ( 'NONE',  ( -0.1122047244094488277, 0.0000000000000000000, 0.06496062992125983815 ) ) ;
#7147 = CYLINDRICAL_SURFACE ( 'NONE', #7260, 0.01181102362204724046 ) ;
#7148 =( LENGTH_UNIT ( ) NAMED_UNIT ( * ) SI_UNIT ( $, .METRE. ) );
#7149 = PRESENTATION_LAYER_ASSIGNMENT (  '', '', ( #987 ) ) ;
#7150 = PRESENTATION_STYLE_ASSIGNMENT (( #4463 ) ) ;
#7151 = UNCERTAINTY_MEASURE_WITH_UNIT (LENGTH_MEASURE( 1.000000000000000082E-05 ), #1366, 'distance_accuracy_value', 'NONE');
#7152 = CARTESIAN_POINT ( 'NONE',  ( 0.04527559055118110520, 0.2164041264863913738, -0.01771653543307086937 ) ) ;
#7153 = DIRECTION ( 'NONE',  ( -1.000000000000000000, 0.0000000000000000000, 0.0000000000000000000 ) ) ;
#7154 = CARTESIAN_POINT ( 'NONE',  ( 0.1102370375520062978, 0.01968503937007873988, -0.06496062992125983815 ) ) ;
#7155 = VERTEX_POINT ( 'NONE', #7338 ) ;
#7156 =( CONVERSION_BASED_UNIT ( 'INCH', #2456 ) LENGTH_UNIT ( ) NAMED_UNIT ( #4797 ) );
#7157 = CARTESIAN_POINT ( 'NONE',  ( 0.09575126888440098349, 0.04196055061682803233, -0.05220675164340077973 ) ) ;
#7158 = VERTEX_POINT ( 'NONE', #554 ) ;
#7159 = FILL_AREA_STYLE ('',( #4434 ) ) ;
#7160 = LINE ( 'NONE', #2286, #4916 ) ;
#7161 = VECTOR ( 'NONE', #165, 39.37007874015748143 ) ;
#7162 = CARTESIAN_POINT ( 'NONE',  ( 0.1102370375520062978, 0.03937007874015747977, 0.07283464566929134798 ) ) ;
#7163 = CARTESIAN_POINT ( 'NONE',  ( 0.0000000000000000000, 0.06299212598425196763, 0.0000000000000000000 ) ) ;
#7164 = LINE ( 'NONE', #1026, #1895 ) ;
#7165 = ORIENTED_EDGE ( 'NONE', *, *, #538, .F. ) ;
#7166 = FILL_AREA_STYLE ('',( #8598 ) ) ;
#7167 = EDGE_LOOP ( 'NONE', ( #7396, #8408, #2302, #280 ) ) ;
#7168 =( NAMED_UNIT ( * ) PLANE_ANGLE_UNIT ( ) SI_UNIT ( $, .RADIAN. ) );
#7169 = COLOUR_RGB ( '',0.7686274509803920907, 0.7686274509803920907, 0.7686274509803920907 ) ;
#7170 = CARTESIAN_POINT ( 'NONE',  ( -0.1200787401574803237, 0.01507924023197730438, 0.01181102362204724393 ) ) ;
#7171 =( LENGTH_UNIT ( ) NAMED_UNIT ( * ) SI_UNIT ( $, .METRE. ) );
#7172 = LINE ( 'NONE', #6502, #7675 ) ;
#7173 = DIRECTION ( 'NONE',  ( 3.516331370223255265E-16, 0.0000000000000000000, 1.000000000000000000 ) ) ;
#7174 = EDGE_CURVE ( 'NONE', #5210, #3325, #1905, .T. ) ;
#7175 = STYLED_ITEM ( 'NONE', ( #226 ), #4449 ) ;
#7176 = EDGE_CURVE ( 'NONE', #7524, #2439, #1150, .T. ) ;
#7177 = SURFACE_STYLE_USAGE ( .BOTH. , #3832 ) ;
#7178 = ORIENTED_EDGE ( 'NONE', *, *, #924, .T. ) ;
#7179 = ORIENTED_EDGE ( 'NONE', *, *, #6257, .T. ) ;
#7180 = FACE_OUTER_BOUND ( 'NONE', #6237, .T. ) ;
#7181 = EDGE_CURVE ( 'NONE', #693, #1417, #7381, .T. ) ;
#7182 = EDGE_CURVE ( 'NONE', #1217, #2798, #3161, .T. ) ;
#7183 = MECHANICAL_DESIGN_GEOMETRIC_PRESENTATION_REPRESENTATION (  '', ( #5331 ), #5047 ) ;
#7184 = VECTOR ( 'NONE', #7343, 39.37007874015748143 ) ;
#7185 = CARTESIAN_POINT ( 'NONE',  ( 0.1031504233787781388, 0.03149606299212598381, -0.05590632889058937127 ) ) ;
#7186 = SURFACE_STYLE_USAGE ( .BOTH. , #8434 ) ;
#7187 = SURFACE_STYLE_USAGE ( .BOTH. , #4416 ) ;
#7188 = CARTESIAN_POINT ( 'NONE',  ( -0.1122047244094488277, 0.0000000000000000000, -0.04724409448818897572 ) ) ;
#7189 = AXIS2_PLACEMENT_3D ( 'NONE', #3883, #458, #2703 ) ;
#7190 = SURFACE_STYLE_FILL_AREA ( #1004 ) ;
#7191 =( CONVERSION_BASED_UNIT ( 'INCH', #7807 ) LENGTH_UNIT ( ) NAMED_UNIT ( #8791 ) );
#7192 = DIRECTION ( 'NONE',  ( 1.016643762873329831E-31, 1.000000000000000000, 4.336808689942014778E-16 ) ) ;
#7193 = EDGE_CURVE ( 'NONE', #3895, #4147, #5906, .T. ) ;
#7194 =( NAMED_UNIT ( * ) PLANE_ANGLE_UNIT ( ) SI_UNIT ( $, .RADIAN. ) );
#7195 = CLOSED_SHELL ( 'NONE', ( #8220, #4449, #7137, #6322, #4565, #2639, #3857, #4956, #7346, #8652, #284, #6538, #979, #8171, #3177, #5170, #6747, #1345, #3014, #2528, #1751, #3695, #4559, #6366, #8819, #4286, #3850, #7416, #6743, #3212, #722, #171, #8060, #7835, #2205, #385, #6811, #4851, #336, #5447, #1097, #2371, #1250, #7072, #6423, #225, #2040, #1197, #1979 ) ) ;
#7196 = VECTOR ( 'NONE', #7730, 39.37007874015748143 ) ;
#7197 = LINE ( 'NONE', #5019, #7378 ) ;
#7198 = LENGTH_MEASURE_WITH_UNIT ( LENGTH_MEASURE( 0.02539999999999999897 ), #7951 );
#7199 = CARTESIAN_POINT ( 'NONE',  ( -0.09575126888440081696, 0.03937007874015747977, 0.05590632889058937127 ) ) ;
#7200 = ORIENTED_EDGE ( 'NONE', *, *, #4117, .F. ) ;
#7201 = SURFACE_STYLE_USAGE ( .BOTH. , #3556 ) ;
#7202 = ORIENTED_EDGE ( 'NONE', *, *, #3908, .F. ) ;
#7203 = CARTESIAN_POINT ( 'NONE',  ( 0.09205169163721221848, 0.03926747862213775253, 0.04480759714902362439 ) ) ;
#7204 = CYLINDRICAL_SURFACE ( 'NONE', #1025, 0.003937007874015741038 ) ;
#7205 = DIRECTION ( 'NONE',  ( -1.000000000000000000, 0.0000000000000000000, 0.0000000000000000000 ) ) ;
#7206 = FACE_BOUND ( 'NONE', #2328, .T. ) ;
#7207 = LINE ( 'NONE', #2242, #6805 ) ;
#7208 = CARTESIAN_POINT ( 'NONE',  ( 0.1122047244094488277, 0.0000000000000000000, 0.04724409448818897572 ) ) ;
#7209 = ORIENTED_EDGE ( 'NONE', *, *, #2256, .F. ) ;
#7210 = SURFACE_STYLE_USAGE ( .BOTH. , #3086 ) ;
#7211 = PRESENTATION_LAYER_ASSIGNMENT (  '', '', ( #1193 ) ) ;
#7212 = ORIENTED_EDGE ( 'NONE', *, *, #2139, .F. ) ;
#7213 = FILL_AREA_STYLE ('',( #4489 ) ) ;
#7214 = DIRECTION ( 'NONE',  ( 0.0000000000000000000, 0.0000000000000000000, 1.000000000000000000 ) ) ;
#7215 = CARTESIAN_POINT ( 'NONE',  ( -0.04724409448818897572, 0.07086614173228347746, -0.02066929133858268208 ) ) ;
#7216 = CARTESIAN_POINT ( 'NONE',  ( 0.09992174341836555784, 0.03937007874015747977, 0.05590632877942755541 ) ) ;
#7217 = COLOUR_RGB ( '',0.2980392156862745057, 0.2980392156862745057, 0.2980392156862745057 ) ;
#7218 = ORIENTED_EDGE ( 'NONE', *, *, #526, .T. ) ;
#7219 = PRESENTATION_STYLE_ASSIGNMENT (( #4495 ) ) ;
#7220 = CARTESIAN_POINT ( 'NONE',  ( 0.1102370375520064921, 0.03937007874015747977, -0.07283464566929134798 ) ) ;
#7221 = ORIENTED_EDGE ( 'NONE', *, *, #4678, .T. ) ;
#7222 = FILL_AREA_STYLE ('',( #7725 ) ) ;
#7223 = EDGE_LOOP ( 'NONE', ( #6109, #6005, #5697, #4318 ) ) ;
#7224 = EDGE_CURVE ( 'NONE', #3187, #8710, #505, .T. ) ;
#7225 =( NAMED_UNIT ( * ) PLANE_ANGLE_UNIT ( ) SI_UNIT ( $, .RADIAN. ) );
#7226 = EDGE_CURVE ( 'NONE', #2772, #2157, #1227, .T. ) ;
#7227 = FILL_AREA_STYLE ('',( #4554 ) ) ;
#7228 =( NAMED_UNIT ( * ) PLANE_ANGLE_UNIT ( ) SI_UNIT ( $, .RADIAN. ) );
#7229 =( CONVERSION_BASED_UNIT ( 'INCH', #7098 ) LENGTH_UNIT ( ) NAMED_UNIT ( #8607 ) );
#7230 = DIRECTION ( 'NONE',  ( 0.0000000000000000000, 0.0000000000000000000, 1.000000000000000000 ) ) ;
#7231 = CARTESIAN_POINT ( 'NONE',  ( 0.1200787401574803237, 0.01901624810599303328, 0.01181102362204724393 ) ) ;
#7232 =( GEOMETRIC_REPRESENTATION_CONTEXT ( 3 ) GLOBAL_UNCERTAINTY_ASSIGNED_CONTEXT ( ( #2080 ) ) GLOBAL_UNIT_ASSIGNED_CONTEXT ( ( #6484, #5063, #5681 ) ) REPRESENTATION_CONTEXT ( 'NONE', 'WORKASPACE' ) );
#7233 = FACE_OUTER_BOUND ( 'NONE', #5171, .T. ) ;
#7234 =( CONVERSION_BASED_UNIT ( 'INCH', #1262 ) LENGTH_UNIT ( ) NAMED_UNIT ( #6168 ) );
#7235 = LINE ( 'NONE', #4369, #1647 ) ;
#7236 = DIRECTION ( 'NONE',  ( -1.000000000000000000, 0.0000000000000000000, 0.0000000000000000000 ) ) ;
#7237 = EDGE_CURVE ( 'NONE', #1833, #2248, #3803, .T. ) ;
#7238 = UNCERTAINTY_MEASURE_WITH_UNIT (LENGTH_MEASURE( 1.000000000000000082E-05 ), #7684, 'distance_accuracy_value', 'NONE');
#7239 = VECTOR ( 'NONE', #1548, 39.37007874015748143 ) ;
#7241 = LENGTH_MEASURE_WITH_UNIT ( LENGTH_MEASURE( 0.02539999999999999897 ), #3755 );
#7240 = COLOUR_RGB ( '',0.7686274509803920907, 0.7686274509803920907, 0.7686274509803920907 ) ;
#7242 =( NAMED_UNIT ( * ) SI_UNIT ( $, .STERADIAN. ) SOLID_ANGLE_UNIT ( ) );
#7243 = VERTEX_POINT ( 'NONE', #3306 ) ;
#7244 = EDGE_CURVE ( 'NONE', #1240, #7559, #6038, .T. ) ;
#7245 = FACE_OUTER_BOUND ( 'NONE', #8162, .T. ) ;
#7246 = EDGE_CURVE ( 'NONE', #1879, #1511, #2801, .T. ) ;
#7247 = ORIENTED_EDGE ( 'NONE', *, *, #6635, .F. ) ;
#7248 =( GEOMETRIC_REPRESENTATION_CONTEXT ( 3 ) GLOBAL_UNCERTAINTY_ASSIGNED_CONTEXT ( ( #5054 ) ) GLOBAL_UNIT_ASSIGNED_CONTEXT ( ( #2207, #5704, #317 ) ) REPRESENTATION_CONTEXT ( 'NONE', 'WORKASPACE' ) );
#7249 = CARTESIAN_POINT ( 'NONE',  ( -0.08617334877031732066, 0.06692913385826770867, -0.03892925428212862249 ) ) ;
#7250 = PRESENTATION_LAYER_ASSIGNMENT (  '', '', ( #2240 ) ) ;
#7251 = CARTESIAN_POINT ( 'NONE',  ( 0.09805920168340628851, 0.04135943069846528125, -0.05242554140090945752 ) ) ;
#7252 = DIRECTION ( 'NONE',  ( 0.0000000000000000000, -1.000000000000000000, 0.0000000000000000000 ) ) ;
#7253 = EDGE_CURVE ( 'NONE', #5204, #3821, #3340, .T. ) ;
#7254 = VERTEX_POINT ( 'NONE', #4886 ) ;
#7255 = CARTESIAN_POINT ( 'NONE',  ( 0.04527559055118110520, 0.09842519685039370636, 0.01771653543307086937 ) ) ;
#7256 = FACE_OUTER_BOUND ( 'NONE', #6862, .T. ) ;
#7257 = VECTOR ( 'NONE', #6611, 39.37007874015748143 ) ;
#7258 = VECTOR ( 'NONE', #8748, 39.37007874015748143 ) ;
#7259 = COLOUR_RGB ( '',0.7686274509803920907, 0.7686274509803920907, 0.7686274509803920907 ) ;
#7260 = AXIS2_PLACEMENT_3D ( 'NONE', #1509, #7581, #8197 ) ;
#7261 =( CONVERSION_BASED_UNIT ( 'INCH', #5209 ) LENGTH_UNIT ( ) NAMED_UNIT ( #1218 ) );
#7262 = ORIENTED_EDGE ( 'NONE', *, *, #7564, .T. ) ;
#7263 = SURFACE_STYLE_FILL_AREA ( #1779 ) ;
#7264 = ORIENTED_EDGE ( 'NONE', *, *, #2308, .T. ) ;
#7265 = COLOUR_RGB ( '',0.7686274509803920907, 0.7686274509803920907, 0.7686274509803920907 ) ;
#7266 = VECTOR ( 'NONE', #7822, 39.37007874015748143 ) ;
#7267 = CYLINDRICAL_SURFACE ( 'NONE', #6562, 0.003937007874015746242 ) ;
#7268 = ORIENTED_EDGE ( 'NONE', *, *, #2700, .F. ) ;
#7269 = SURFACE_STYLE_FILL_AREA ( #2513 ) ;
#7270 = DIRECTION ( 'NONE',  ( 0.0000000000000000000, -1.000000000000000000, 0.0000000000000000000 ) ) ;
#7271 = FILL_AREA_STYLE_COLOUR ( '', #2169 ) ;
#7272 = LINE ( 'NONE', #2517, #794 ) ;
#7273 = COLOUR_RGB ( '',0.7921568627450980005, 0.8196078431372548767, 0.9333333333333333481 ) ;
#7274 = VERTEX_POINT ( 'NONE', #4195 ) ;
#7275 = ORIENTED_EDGE ( 'NONE', *, *, #2206, .T. ) ;
#7276 = PRESENTATION_STYLE_ASSIGNMENT (( #7362 ) ) ;
#7277 = CARTESIAN_POINT ( 'NONE',  ( 0.1102370375520062978, 0.04724409448818897572, 0.05511811023622047168 ) ) ;
#7278 =( LENGTH_UNIT ( ) NAMED_UNIT ( * ) SI_UNIT ( $, .METRE. ) );
#7279 = DIRECTION ( 'NONE',  ( 0.0000000000000000000, 0.0000000000000000000, -1.000000000000000000 ) ) ;
#7280 = VECTOR ( 'NONE', #5917, 39.37007874015748143 ) ;
#7281 = LINE ( 'NONE', #1896, #7399 ) ;
#7282 = UNCERTAINTY_MEASURE_WITH_UNIT (LENGTH_MEASURE( 1.000000000000000082E-05 ), #3052, 'distance_accuracy_value', 'NONE');
#7283 = CARTESIAN_POINT ( 'NONE',  ( 0.1594488188976377896, 0.001968503937007873988, 0.01181102362204724393 ) ) ;
#7284 = VERTEX_POINT ( 'NONE', #6131 ) ;
#7285 = CARTESIAN_POINT ( 'NONE',  ( -0.05314960629921260116, 0.06299212598425196763, -0.01771653543307086937 ) ) ;
#7286 =( GEOMETRIC_REPRESENTATION_CONTEXT ( 3 ) GLOBAL_UNCERTAINTY_ASSIGNED_CONTEXT ( ( #3372 ) ) GLOBAL_UNIT_ASSIGNED_CONTEXT ( ( #8062, #7485, #1243 ) ) REPRESENTATION_CONTEXT ( 'NONE', 'WORKASPACE' ) );
#7287 = LINE ( 'NONE', #1006, #5754 ) ;
#7288 = DIRECTION ( 'NONE',  ( 0.0000000000000000000, 1.000000000000000000, 0.0000000000000000000 ) ) ;
#7289 = ORIENTED_EDGE ( 'NONE', *, *, #2788, .T. ) ;
#7290 = FILL_AREA_STYLE_COLOUR ( '', #6051 ) ;
#7291 = VECTOR ( 'NONE', #2618, 39.37007874015748143 ) ;
#7292 = CARTESIAN_POINT ( 'NONE',  ( 0.0000000000000000000, 0.0000000000000000000, 0.04724409448818897572 ) ) ;
#7293 = EDGE_CURVE ( 'NONE', #6132, #3317, #7602, .T. ) ;
#7294 = UNCERTAINTY_MEASURE_WITH_UNIT (LENGTH_MEASURE( 1.000000000000000082E-05 ), #6808, 'distance_accuracy_value', 'NONE');
#7295 = MECHANICAL_DESIGN_GEOMETRIC_PRESENTATION_REPRESENTATION (  '', ( #4590 ), #7436 ) ;
#7296 = ORIENTED_EDGE ( 'NONE', *, *, #5770, .T. ) ;
#7297 = CARTESIAN_POINT ( 'NONE',  ( -0.1031504233787781388, 0.03149606299212598381, -0.05590632889058937127 ) ) ;
#7298 = LINE ( 'NONE', #1153, #7384 ) ;
#7299 = SURFACE_STYLE_FILL_AREA ( #4575 ) ;
#7300 = EDGE_CURVE ( 'NONE', #5776, #7063, #2675, .T. ) ;
#7301 = EDGE_LOOP ( 'NONE', ( #8677, #7010, #5181, #546 ) ) ;
#7302 = EDGE_CURVE ( 'NONE', #6751, #1981, #1995, .T. ) ;
#7303 = VECTOR ( 'NONE', #719, 39.37007874015748143 ) ;
#7304 = EDGE_CURVE ( 'NONE', #2904, #3222, #2797, .T. ) ;
#7305 = CARTESIAN_POINT ( 'NONE',  ( 0.1594488188976377896, 0.001968503937007873988, -0.01181102362204724393 ) ) ;
#7306 = FILL_AREA_STYLE ('',( #5958 ) ) ;
#7307 = DIRECTION ( 'NONE',  ( -1.000000000000000000, 0.0000000000000000000, 0.0000000000000000000 ) ) ;
#7308 = DIRECTION ( 'NONE',  ( 0.0000000000000000000, -1.000000000000000000, 0.0000000000000000000 ) ) ;
#7309 = PRESENTATION_STYLE_ASSIGNMENT (( #4664 ) ) ;
#7310 = ORIENTED_EDGE ( 'NONE', *, *, #1863, .F. ) ;
#7311 = ORIENTED_EDGE ( 'NONE', *, *, #3181, .T. ) ;
#7312 = LINE ( 'NONE', #6017, #4407 ) ;
#7313 = EDGE_CURVE ( 'NONE', #4479, #6241, #2160, .T. ) ;
#7314 = PRESENTATION_STYLE_ASSIGNMENT (( #1974 ) ) ;
#7315 = FACE_OUTER_BOUND ( 'NONE', #1679, .T. ) ;
#7316 = DIRECTION ( 'NONE',  ( -1.000000000000000000, 0.0000000000000000000, 0.0000000000000000000 ) ) ;
#7317 = DIRECTION ( 'NONE',  ( 0.0000000000000000000, 1.000000000000000000, 0.0000000000000000000 ) ) ;
#7318 = VECTOR ( 'NONE', #3658, 39.37007874015748143 ) ;
#7319 = VERTEX_POINT ( 'NONE', #6842 ) ;
#7320 = EDGE_LOOP ( 'NONE', ( #521, #4871, #2041, #1732, #1439, #4218, #4337, #7823, #901, #5777, #5318, #4069 ) ) ;
#7321 = DIMENSIONAL_EXPONENTS ( 1.000000000000000000, 0.0000000000000000000, 0.0000000000000000000, 0.0000000000000000000, 0.0000000000000000000, 0.0000000000000000000, 0.0000000000000000000 ) ;
#7322 = LINE ( 'NONE', #2482, #5414 ) ;
#7323 = ORIENTED_EDGE ( 'NONE', *, *, #4662, .F. ) ;
#7324 = CARTESIAN_POINT ( 'NONE',  ( -0.05511811023622047168, -0.06114854350730373339, 0.02066929133858268208 ) ) ;
#7325 = VECTOR ( 'NONE', #3516, 39.37007874015748854 ) ;
#7326 = SURFACE_STYLE_USAGE ( .BOTH. , #7985 ) ;
#7327 =( CONVERSION_BASED_UNIT ( 'INCH', #5896 ) LENGTH_UNIT ( ) NAMED_UNIT ( #8853 ) );
#7328 = DIRECTION ( 'NONE',  ( -1.000000000000000000, 0.0000000000000000000, 1.084202172485503694E-16 ) ) ;
#7329 = CARTESIAN_POINT ( 'NONE',  ( -0.09205169163721221848, 0.03926747862213775253, -0.04480759714902362439 ) ) ;
#7330 = VECTOR ( 'NONE', #7812, 39.37007874015748143 ) ;
#7331 = ORIENTED_EDGE ( 'NONE', *, *, #2426, .T. ) ;
#7332 = CARTESIAN_POINT ( 'NONE',  ( -0.1316260342594181287, 0.01212648432646549340, -0.01181102362204724393 ) ) ;
#7333 = AXIS2_PLACEMENT_3D ( 'NONE', #3459, #3416, #666 ) ;
#7334 = CARTESIAN_POINT ( 'NONE',  ( -0.1003937007874015908, 0.03926747862213775253, -0.04480759714902362439 ) ) ;
#7335 = EDGE_CURVE ( 'NONE', #8275, #6626, #2039, .T. ) ;
#7336 = LENGTH_MEASURE_WITH_UNIT ( LENGTH_MEASURE( 0.02539999999999999897 ), #419 );
#7337 = SURFACE_STYLE_FILL_AREA ( #4517 ) ;
#7338 = CARTESIAN_POINT ( 'NONE',  ( -0.1200787401574803237, 0.0000000000000000000, -0.04724409448818897572 ) ) ;
#7339 = ORIENTED_EDGE ( 'NONE', *, *, #8012, .F. ) ;
#7340 =( CONVERSION_BASED_UNIT ( 'INCH', #1152 ) LENGTH_UNIT ( ) NAMED_UNIT ( #2029 ) );
#7341 = MECHANICAL_DESIGN_GEOMETRIC_PRESENTATION_REPRESENTATION (  '', ( #5768 ), #7884 ) ;
#7342 =( NAMED_UNIT ( * ) SI_UNIT ( $, .STERADIAN. ) SOLID_ANGLE_UNIT ( ) );
#7343 = DIRECTION ( 'NONE',  ( 0.0000000000000000000, 0.0000000000000000000, -1.000000000000000000 ) ) ;
#7344 = EDGE_CURVE ( 'NONE', #3782, #6083, #4752, .T. ) ;
#7346 = ADVANCED_FACE ( 'NONE', ( #2176 ), #7558, .T. ) ;
#7345 =( LENGTH_UNIT ( ) NAMED_UNIT ( * ) SI_UNIT ( $, .METRE. ) );
#7347 = SURFACE_SIDE_STYLE ('',( #7263 ) ) ;
#7348 = EDGE_LOOP ( 'NONE', ( #5658, #3366, #4444, #8121 ) ) ;
#7349 =( CONVERSION_BASED_UNIT ( 'INCH', #2430 ) LENGTH_UNIT ( ) NAMED_UNIT ( #7643 ) );
#7350 = VERTEX_POINT ( 'NONE', #4025 ) ;
#7351 = EDGE_CURVE ( 'NONE', #1417, #2325, #649, .T. ) ;
#7352 =( NAMED_UNIT ( * ) PLANE_ANGLE_UNIT ( ) SI_UNIT ( $, .RADIAN. ) );
#7353 =( CONVERSION_BASED_UNIT ( 'INCH', #2690 ) LENGTH_UNIT ( ) NAMED_UNIT ( #1553 ) );
#7354 = CARTESIAN_POINT ( 'NONE',  ( 0.1102370375520062978, 0.03149606299212598381, 0.01968503937007873988 ) ) ;
#7355 = EDGE_CURVE ( 'NONE', #7093, #7660, #4328, .T. ) ;
#7356 = DIMENSIONAL_EXPONENTS ( 1.000000000000000000, 0.0000000000000000000, 0.0000000000000000000, 0.0000000000000000000, 0.0000000000000000000, 0.0000000000000000000, 0.0000000000000000000 ) ;
#7357 = ADVANCED_FACE ( 'NONE', ( #4367 ), #957, .T. ) ;
#7358 = ORIENTED_EDGE ( 'NONE', *, *, #3739, .F. ) ;
#7359 = DIRECTION ( 'NONE',  ( -1.000000000000000000, 0.0000000000000000000, 0.0000000000000000000 ) ) ;
#7360 = CARTESIAN_POINT ( 'NONE',  ( -0.1102370375520064921, 0.03937007874015747977, 0.07283464566929134798 ) ) ;
#7361 = VERTEX_POINT ( 'NONE', #830 ) ;
#7362 = SURFACE_STYLE_USAGE ( .BOTH. , #5893 ) ;
#7363 = ORIENTED_EDGE ( 'NONE', *, *, #2316, .F. ) ;
#7364 = LINE ( 'NONE', #7277, #701 ) ;
#7365 = CIRCLE ( 'NONE', #4655, 0.003937007874015741038 ) ;
#7366 =( GEOMETRIC_REPRESENTATION_CONTEXT ( 3 ) GLOBAL_UNCERTAINTY_ASSIGNED_CONTEXT ( ( #1849 ) ) GLOBAL_UNIT_ASSIGNED_CONTEXT ( ( #4635, #445, #7446 ) ) REPRESENTATION_CONTEXT ( 'NONE', 'WORKASPACE' ) );
#7367 = FILL_AREA_STYLE_COLOUR ( '', #1350 ) ;
#7368 = DIRECTION ( 'NONE',  ( 0.1045284632676536235, 0.9945218953682732899, 1.133299869613614284E-17 ) ) ;
#7369 = SURFACE_SIDE_STYLE ('',( #4558 ) ) ;
#7370 = COLOUR_RGB ( '',0.7686274509803920907, 0.7686274509803920907, 0.7686274509803920907 ) ;
#7371 =( BOUNDED_CURVE ( )  B_SPLINE_CURVE ( 3, ( #7698, #4334, #3625, #6485 ),
 .UNSPECIFIED., .F., .F. ) 
 B_SPLINE_CURVE_WITH_KNOTS ( ( 4, 4 ),
 ( 4.712388980384689674, 5.934119456780719837 ),
 .UNSPECIFIED. ) 
 CURVE ( )  GEOMETRIC_REPRESENTATION_ITEM ( )  RATIONAL_B_SPLINE_CURVE ( ( 1.000000000000000000, 0.8794346961926610140, 0.8794346961926610140, 1.000000000000000000 ) ) 
 REPRESENTATION_ITEM ( '' )  );
#7372 = ORIENTED_EDGE ( 'NONE', *, *, #5811, .T. ) ;
#7373 = CARTESIAN_POINT ( 'NONE',  ( -0.1102370375520064921, 0.03937007874015747977, -0.07874015748031495954 ) ) ;
#7374 = SURFACE_SIDE_STYLE ('',( #4650 ) ) ;
#7375 = DIRECTION ( 'NONE',  ( 0.0000000000000000000, 0.0000000000000000000, -1.000000000000000000 ) ) ;
#7376 = DIMENSIONAL_EXPONENTS ( 1.000000000000000000, 0.0000000000000000000, 0.0000000000000000000, 0.0000000000000000000, 0.0000000000000000000, 0.0000000000000000000, 0.0000000000000000000 ) ;
#7377 = FACE_OUTER_BOUND ( 'NONE', #3546, .T. ) ;
#7378 = VECTOR ( 'NONE', #7153, 39.37007874015748143 ) ;
#7379 = CARTESIAN_POINT ( 'NONE',  ( -0.05314960629921260116, 0.06299212598425196763, 0.01771653543307086937 ) ) ;
#7380 = CARTESIAN_POINT ( 'NONE',  ( 0.1200787401574803237, 0.03937007874015747977, -0.01968503937007873988 ) ) ;
#7381 = LINE ( 'NONE', #421, #5112 ) ;
#7382 = ORIENTED_EDGE ( 'NONE', *, *, #4579, .F. ) ;
#7383 = PLANE ( 'NONE',  #5512 ) ;
#7384 = VECTOR ( 'NONE', #3122, 39.37007874015748143 ) ;
#7385 = AXIS2_PLACEMENT_3D ( 'NONE', #6126, #7638, #6838 ) ;
#7386 = AXIS2_PLACEMENT_3D ( 'NONE', #3891, #420, #6619 ) ;
#7387 = DIRECTION ( 'NONE',  ( -1.000000000000000000, 0.0000000000000000000, 0.0000000000000000000 ) ) ;
#7388 = DIRECTION ( 'NONE',  ( 0.0000000000000000000, 1.000000000000000000, 0.0000000000000000000 ) ) ;
#7389 = FACE_OUTER_BOUND ( 'NONE', #7911, .T. ) ;
#7390 = PRESENTATION_LAYER_ASSIGNMENT (  '', '', ( #7953 ) ) ;
#7391 = VECTOR ( 'NONE', #639, 39.37007874015748143 ) ;
#7392 = VECTOR ( 'NONE', #2252, 39.37007874015748143 ) ;
#7393 = PRESENTATION_LAYER_ASSIGNMENT (  '', '', ( #2386 ) ) ;
#7394 = SURFACE_STYLE_FILL_AREA ( #1161 ) ;
#7395 = CARTESIAN_POINT ( 'NONE',  ( -0.1200787401574803237, 0.04724409448818897572, 0.05511811023622047168 ) ) ;
#7396 = ORIENTED_EDGE ( 'NONE', *, *, #7892, .T. ) ;
#7397 = ORIENTED_EDGE ( 'NONE', *, *, #5343, .F. ) ;
#7398 = DIRECTION ( 'NONE',  ( -1.000000000000000000, 0.0000000000000000000, 0.0000000000000000000 ) ) ;
#7399 = VECTOR ( 'NONE', #543, 39.37007874015748143 ) ;
#7400 = COLOUR_RGB ( '',1.000000000000000000, 1.000000000000000000, 1.000000000000000000 ) ;
#7401 = DIRECTION ( 'NONE',  ( 0.0000000000000000000, 0.3420201433256693790, 0.9396926207859082059 ) ) ;
#7402 = DIRECTION ( 'NONE',  ( 0.0000000000000000000, 1.000000000000000000, 0.0000000000000000000 ) ) ;
#7403 = SURFACE_STYLE_FILL_AREA ( #5305 ) ;
#7404 = SURFACE_SIDE_STYLE ('',( #2605 ) ) ;
#7405 = DIRECTION ( 'NONE',  ( 0.0000000000000000000, 1.000000000000000000, 0.0000000000000000000 ) ) ;
#7406 = PLANE ( 'NONE',  #7939 ) ;
#7407 = AXIS2_PLACEMENT_3D ( 'NONE', #8203, #4872, #6904 ) ;
#7408 = AXIS2_PLACEMENT_3D ( 'NONE', #5350, #1328, #3424 ) ;
#7409 = VECTOR ( 'NONE', #8030, 39.37007874015748143 ) ;
#7410 = EDGE_CURVE ( 'NONE', #7620, #3040, #1949, .T. ) ;
#7411 = ORIENTED_EDGE ( 'NONE', *, *, #4342, .T. ) ;
#7412 = SURFACE_STYLE_USAGE ( .BOTH. , #2655 ) ;
#7413 = ORIENTED_EDGE ( 'NONE', *, *, #2152, .F. ) ;
#7414 = LINE ( 'NONE', #3880, #6689 ) ;
#7415 = VERTEX_POINT ( 'NONE', #7015 ) ;
#7416 = ADVANCED_FACE ( 'NONE', ( #2970 ), #1538, .T. ) ;
#7417 = UNCERTAINTY_MEASURE_WITH_UNIT (LENGTH_MEASURE( 1.000000000000000082E-05 ), #1579, 'distance_accuracy_value', 'NONE');
#7418 = EDGE_CURVE ( 'NONE', #6826, #6555, #3750, .T. ) ;
#7419 = STYLED_ITEM ( 'NONE', ( #329 ), #8101 ) ;
#7420 = FILL_AREA_STYLE ('',( #7500 ) ) ;
#7421 = CARTESIAN_POINT ( 'NONE',  ( -0.09575126888440081696, 0.04196055061682803233, -0.05220675164340077973 ) ) ;
#7422 = TOROIDAL_SURFACE ( 'NONE', #4998, 0.003937007874015747977, 0.003937007874015747977 ) ;
#7423 = ORIENTED_EDGE ( 'NONE', *, *, #996, .T. ) ;
#7424 = DIMENSIONAL_EXPONENTS ( 1.000000000000000000, 0.0000000000000000000, 0.0000000000000000000, 0.0000000000000000000, 0.0000000000000000000, 0.0000000000000000000, 0.0000000000000000000 ) ;
#7425 = FACE_OUTER_BOUND ( 'NONE', #4084, .T. ) ;
#7426 = LENGTH_MEASURE_WITH_UNIT ( LENGTH_MEASURE( 0.02539999999999999897 ), #1902 );
#7427 =( NAMED_UNIT ( * ) SI_UNIT ( $, .STERADIAN. ) SOLID_ANGLE_UNIT ( ) );
#7428 = DIRECTION ( 'NONE',  ( 0.9945218953682732899, 0.1045284632676536235, -2.613970423133779012E-16 ) ) ;
#7429 = VERTEX_POINT ( 'NONE', #5850 ) ;
#7430 = FACE_OUTER_BOUND ( 'NONE', #8240, .T. ) ;
#7431 = DIRECTION ( 'NONE',  ( -1.000000000000000000, 0.0000000000000000000, -1.084202172485503694E-16 ) ) ;
#7432 = AXIS2_PLACEMENT_3D ( 'NONE', #3386, #4099, #4188 ) ;
#7433 = CARTESIAN_POINT ( 'NONE',  ( -0.1102370375520064921, 0.03543307086614173873, -0.07283464566929134798 ) ) ;
#7434 = EDGE_CURVE ( 'NONE', #3599, #5930, #1141, .T. ) ;
#7435 = CARTESIAN_POINT ( 'NONE',  ( 0.1200787401574803237, 0.03937007874015747977, -0.07283464566929134798 ) ) ;
#7436 =( GEOMETRIC_REPRESENTATION_CONTEXT ( 3 ) GLOBAL_UNCERTAINTY_ASSIGNED_CONTEXT ( ( #8034 ) ) GLOBAL_UNIT_ASSIGNED_CONTEXT ( ( #5046, #2963, #8430 ) ) REPRESENTATION_CONTEXT ( 'NONE', 'WORKASPACE' ) );
#7437 = DIMENSIONAL_EXPONENTS ( 1.000000000000000000, 0.0000000000000000000, 0.0000000000000000000, 0.0000000000000000000, 0.0000000000000000000, 0.0000000000000000000, 0.0000000000000000000 ) ;
#7438 = COLOUR_RGB ( '',0.7686274509803920907, 0.7686274509803920907, 0.7686274509803920907 ) ;
#7439 = CYLINDRICAL_SURFACE ( 'NONE', #44, 0.01181102362204724046 ) ;
#7440 = ORIENTED_EDGE ( 'NONE', *, *, #3254, .T. ) ;
#7441 = ORIENTED_EDGE ( 'NONE', *, *, #4848, .T. ) ;
#7442 = PRESENTATION_STYLE_ASSIGNMENT (( #2007 ) ) ;
#7443 = LINE ( 'NONE', #1169, #292 ) ;
#7444 = VECTOR ( 'NONE', #5835, 39.37007874015748143 ) ;
#7445 = CARTESIAN_POINT ( 'NONE',  ( -0.1200787401574803237, 0.0000000000000000000, -0.06496062992125983815 ) ) ;
#7446 =( NAMED_UNIT ( * ) SI_UNIT ( $, .STERADIAN. ) SOLID_ANGLE_UNIT ( ) );
#7447 = DIRECTION ( 'NONE',  ( -0.0000000000000000000, 1.000000000000000000, 0.0000000000000000000 ) ) ;
#7448 = ORIENTED_EDGE ( 'NONE', *, *, #647, .T. ) ;
#7449 = DIRECTION ( 'NONE',  ( 1.000000000000000000, 0.0000000000000000000, 7.047314121155776454E-15 ) ) ;
#7450 = VERTEX_POINT ( 'NONE', #1804 ) ;
#7451 =( NAMED_UNIT ( * ) SI_UNIT ( $, .STERADIAN. ) SOLID_ANGLE_UNIT ( ) );
#7452 = SURFACE_STYLE_USAGE ( .BOTH. , #6248 ) ;
#7453 = EDGE_CURVE ( 'NONE', #2866, #7539, #1094, .T. ) ;
#7454 = LENGTH_MEASURE_WITH_UNIT ( LENGTH_MEASURE( 0.02539999999999999897 ), #5403 );
#7455 = SURFACE_STYLE_FILL_AREA ( #7592 ) ;
#7456 = CIRCLE ( 'NONE', #3602, 0.003937007874015747977 ) ;
#7457 = ADVANCED_FACE ( 'NONE', ( #7233 ), #6705, .F. ) ;
#7458 = DIRECTION ( 'NONE',  ( -1.016643762873329831E-31, 1.000000000000000000, 4.336808689942014778E-16 ) ) ;
#7459 = EDGE_CURVE ( 'NONE', #4260, #1107, #6116, .T. ) ;
#7460 = EDGE_CURVE ( 'NONE', #4762, #1329, #7281, .T. ) ;
#7461 = DIRECTION ( 'NONE',  ( 0.0000000000000000000, 0.0000000000000000000, -1.000000000000000000 ) ) ;
#7462 = ORIENTED_EDGE ( 'NONE', *, *, #8558, .F. ) ;
#7463 = DIRECTION ( 'NONE',  ( -0.4999999999999994449, -0.8660254037844389297, 0.0000000000000000000 ) ) ;
#7464 = FILL_AREA_STYLE ('',( #688 ) ) ;
#7465 = VECTOR ( 'NONE', #3574, 39.37007874015748143 ) ;
#7466 = SURFACE_STYLE_USAGE ( .BOTH. , #3337 ) ;
#7467 = EDGE_CURVE ( 'NONE', #8445, #7571, #6657, .T. ) ;
#7468 =( NAMED_UNIT ( * ) SI_UNIT ( $, .STERADIAN. ) SOLID_ANGLE_UNIT ( ) );
#7469 =( LENGTH_UNIT ( ) NAMED_UNIT ( * ) SI_UNIT ( $, .METRE. ) );
#7470 =( NAMED_UNIT ( * ) SI_UNIT ( $, .STERADIAN. ) SOLID_ANGLE_UNIT ( ) );
#7471 = FILL_AREA_STYLE ('',( #106 ) ) ;
#7472 = COLOUR_RGB ( '',0.7686274509803920907, 0.7686274509803920907, 0.7686274509803920907 ) ;
#7473 = EDGE_CURVE ( 'NONE', #5982, #5066, #2536, .T. ) ;
#7474 = ORIENTED_EDGE ( 'NONE', *, *, #8814, .F. ) ;
#7475 = CARTESIAN_POINT ( 'NONE',  ( -0.1102370375520064921, 0.01968503937007873988, -0.07874015748031495954 ) ) ;
#7476 =( GEOMETRIC_REPRESENTATION_CONTEXT ( 3 ) GLOBAL_UNCERTAINTY_ASSIGNED_CONTEXT ( ( #8655 ) ) GLOBAL_UNIT_ASSIGNED_CONTEXT ( ( #3376, #1140, #6607 ) ) REPRESENTATION_CONTEXT ( 'NONE', 'WORKASPACE' ) );
#7477 = DIMENSIONAL_EXPONENTS ( 1.000000000000000000, 0.0000000000000000000, 0.0000000000000000000, 0.0000000000000000000, 0.0000000000000000000, 0.0000000000000000000, 0.0000000000000000000 ) ;
#7478 = VECTOR ( 'NONE', #2804, 39.37007874015748143 ) ;
#7479 = DIRECTION ( 'NONE',  ( 1.000000000000000000, 0.0000000000000000000, 0.0000000000000000000 ) ) ;
#7480 = CARTESIAN_POINT ( 'NONE',  ( 0.0000000000000000000, 0.0000000000000000000, 0.04724409448818897572 ) ) ;
#7481 = CARTESIAN_POINT ( 'NONE',  ( 0.1102370375520062978, 0.04724409448818897572, -0.05511811023622047168 ) ) ;
#7482 = LINE ( 'NONE', #6277, #8244 ) ;
#7483 =( LENGTH_UNIT ( ) NAMED_UNIT ( * ) SI_UNIT ( $, .METRE. ) );
#7484 = ORIENTED_EDGE ( 'NONE', *, *, #6047, .T. ) ;
#7485 =( NAMED_UNIT ( * ) PLANE_ANGLE_UNIT ( ) SI_UNIT ( $, .RADIAN. ) );
#7486 = ORIENTED_EDGE ( 'NONE', *, *, #1928, .F. ) ;
#7487 = CARTESIAN_POINT ( 'NONE',  ( -0.04724409448818897572, 0.06299212598425196763, -0.02066929133858268208 ) ) ;
#7488 = STYLED_ITEM ( 'NONE', ( #2732 ), #5447 ) ;
#7489 = SURFACE_SIDE_STYLE ('',( #4165 ) ) ;
#7490 = DIRECTION ( 'NONE',  ( 0.0000000000000000000, -1.000000000000000000, 0.0000000000000000000 ) ) ;
#7491 = DIRECTION ( 'NONE',  ( 0.0000000000000000000, 0.0000000000000000000, 1.000000000000000000 ) ) ;
#7492 = ORIENTED_EDGE ( 'NONE', *, *, #8860, .T. ) ;
#7493 = CYLINDRICAL_SURFACE ( 'NONE', #7566, 0.003937007874015749712 ) ;
#7494 = VERTEX_POINT ( 'NONE', #6518 ) ;
#7495 = DIMENSIONAL_EXPONENTS ( 1.000000000000000000, 0.0000000000000000000, 0.0000000000000000000, 0.0000000000000000000, 0.0000000000000000000, 0.0000000000000000000, 0.0000000000000000000 ) ;
#7496 = EDGE_LOOP ( 'NONE', ( #3561, #8256, #7331, #4359 ) ) ;
#7497 = UNCERTAINTY_MEASURE_WITH_UNIT (LENGTH_MEASURE( 1.000000000000000082E-05 ), #6852, 'distance_accuracy_value', 'NONE');
#7498 = SURFACE_SIDE_STYLE ('',( #4779 ) ) ;
#7499 =( NAMED_UNIT ( * ) PLANE_ANGLE_UNIT ( ) SI_UNIT ( $, .RADIAN. ) );
#7500 = FILL_AREA_STYLE_COLOUR ( '', #6883 ) ;
#7501 = FILL_AREA_STYLE_COLOUR ( '', #2239 ) ;
#7502 = PRESENTATION_STYLE_ASSIGNMENT (( #586 ) ) ;
#7503 = EDGE_CURVE ( 'NONE', #3714, #8862, #6608, .T. ) ;
#7504 = ORIENTED_EDGE ( 'NONE', *, *, #5232, .T. ) ;
#7505 = DIRECTION ( 'NONE',  ( 0.0000000000000000000, 1.606225440719264641E-16, -1.000000000000000000 ) ) ;
#7506 = MECHANICAL_DESIGN_GEOMETRIC_PRESENTATION_REPRESENTATION (  '', ( #8209 ), #904 ) ;
#7507 = UNCERTAINTY_MEASURE_WITH_UNIT (LENGTH_MEASURE( 1.000000000000000082E-05 ), #6988, 'distance_accuracy_value', 'NONE');
#7508 = PRESENTATION_STYLE_ASSIGNMENT (( #7466 ) ) ;
#7509 = DIRECTION ( 'NONE',  ( -1.000000000000000000, 0.0000000000000000000, 0.0000000000000000000 ) ) ;
#7510 = PRESENTATION_STYLE_ASSIGNMENT (( #4927 ) ) ;
#7511 = DIRECTION ( 'NONE',  ( 0.4999999999999994449, -0.8660254037844389297, 0.0000000000000000000 ) ) ;
#7512 = LENGTH_MEASURE_WITH_UNIT ( LENGTH_MEASURE( 0.02539999999999999897 ), #1309 );
#7513 = ORIENTED_EDGE ( 'NONE', *, *, #6481, .T. ) ;
#7514 = EDGE_CURVE ( 'NONE', #3593, #7319, #3193, .T. ) ;
#7515 = DIMENSIONAL_EXPONENTS ( 1.000000000000000000, 0.0000000000000000000, 0.0000000000000000000, 0.0000000000000000000, 0.0000000000000000000, 0.0000000000000000000, 0.0000000000000000000 ) ;
#7516 = FILL_AREA_STYLE_COLOUR ( '', #4101 ) ;
#7517 =( GEOMETRIC_REPRESENTATION_CONTEXT ( 3 ) GLOBAL_UNCERTAINTY_ASSIGNED_CONTEXT ( ( #7910 ) ) GLOBAL_UNIT_ASSIGNED_CONTEXT ( ( #1188, #2492, #5361 ) ) REPRESENTATION_CONTEXT ( 'NONE', 'WORKASPACE' ) );
#7518 = ADVANCED_FACE ( 'NONE', ( #3252 ), #1428, .T. ) ;
#7519 =( NAMED_UNIT ( * ) PLANE_ANGLE_UNIT ( ) SI_UNIT ( $, .RADIAN. ) );
#7520 = FACE_OUTER_BOUND ( 'NONE', #2684, .T. ) ;
#7521 = FILL_AREA_STYLE_COLOUR ( '', #8621 ) ;
#7522 = PLANE ( 'NONE',  #8542 ) ;
#7523 = SURFACE_STYLE_FILL_AREA ( #2232 ) ;
#7524 = VERTEX_POINT ( 'NONE', #7329 ) ;
#7525 = ORIENTED_EDGE ( 'NONE', *, *, #5872, .F. ) ;
#7526 = LINE ( 'NONE', #6095, #6698 ) ;
#7527 = PRESENTATION_LAYER_ASSIGNMENT (  '', '', ( #2522 ) ) ;
#7528 = LINE ( 'NONE', #7445, #1663 ) ;
#7529 = DIRECTION ( 'NONE',  ( 1.000000000000000000, 0.0000000000000000000, 0.0000000000000000000 ) ) ;
#7530 = LINE ( 'NONE', #2859, #8457 ) ;
#7531 = DIMENSIONAL_EXPONENTS ( 1.000000000000000000, 0.0000000000000000000, 0.0000000000000000000, 0.0000000000000000000, 0.0000000000000000000, 0.0000000000000000000, 0.0000000000000000000 ) ;
#7532 = FILL_AREA_STYLE ('',( #4813 ) ) ;
#7533 = DIRECTION ( 'NONE',  ( -0.0000000000000000000, 0.3420201433256695456, 0.9396926207859080948 ) ) ;
#7534 = ORIENTED_EDGE ( 'NONE', *, *, #544, .F. ) ;
#7535 = VERTEX_POINT ( 'NONE', #6166 ) ;
#7536 = VECTOR ( 'NONE', #3701, 39.37007874015748143 ) ;
#7537 = STYLED_ITEM ( 'NONE', ( #8262 ), #1364 ) ;
#7538 = MECHANICAL_DESIGN_GEOMETRIC_PRESENTATION_REPRESENTATION (  '', ( #2535 ), #86 ) ;
#7539 = VERTEX_POINT ( 'NONE', #6832 ) ;
#7540 = ORIENTED_EDGE ( 'NONE', *, *, #4026, .F. ) ;
#7541 = CARTESIAN_POINT ( 'NONE',  ( 0.0000000000000000000, 0.03149606299212598381, 0.05590632889058937127 ) ) ;
#7542 = DIRECTION ( 'NONE',  ( 0.0000000000000000000, 0.0000000000000000000, -1.000000000000000000 ) ) ;
#7543 = DIRECTION ( 'NONE',  ( 0.0000000000000000000, -1.000000000000000000, 0.0000000000000000000 ) ) ;
#7544 = LINE ( 'NONE', #1294, #5545 ) ;
#7545 = DIRECTION ( 'NONE',  ( 0.0000000000000000000, 2.114194236346733015E-14, 1.000000000000000000 ) ) ;
#7546 = VECTOR ( 'NONE', #8210, 39.37007874015748143 ) ;
#7547 = PRESENTATION_LAYER_ASSIGNMENT (  '', '', ( #2514 ) ) ;
#7548 = ORIENTED_EDGE ( 'NONE', *, *, #7460, .T. ) ;
#7549 = FILL_AREA_STYLE ('',( #4922 ) ) ;
#7550 =( NAMED_UNIT ( * ) PLANE_ANGLE_UNIT ( ) SI_UNIT ( $, .RADIAN. ) );
#7551 =( GEOMETRIC_REPRESENTATION_CONTEXT ( 3 ) GLOBAL_UNCERTAINTY_ASSIGNED_CONTEXT ( ( #8838 ) ) GLOBAL_UNIT_ASSIGNED_CONTEXT ( ( #3088, #893, #3645 ) ) REPRESENTATION_CONTEXT ( 'NONE', 'WORKASPACE' ) );
#7552 = VECTOR ( 'NONE', #5860, 39.37007874015748143 ) ;
#7553 = FILL_AREA_STYLE ('',( #4838 ) ) ;
#7554 = DIMENSIONAL_EXPONENTS ( 1.000000000000000000, 0.0000000000000000000, 0.0000000000000000000, 0.0000000000000000000, 0.0000000000000000000, 0.0000000000000000000, 0.0000000000000000000 ) ;
#7555 = SURFACE_SIDE_STYLE ('',( #4962 ) ) ;
#7556 =( NAMED_UNIT ( * ) SI_UNIT ( $, .STERADIAN. ) SOLID_ANGLE_UNIT ( ) );
#7557 = PRESENTATION_LAYER_ASSIGNMENT (  '', '', ( #6129 ) ) ;
#7558 = PLANE ( 'NONE',  #4102 ) ;
#7559 = VERTEX_POINT ( 'NONE', #7421 ) ;
#7560 = SURFACE_STYLE_USAGE ( .BOTH. , #7019 ) ;
#7561 = AXIS2_PLACEMENT_3D ( 'NONE', #7848, #4270, #2960 ) ;
#7562 =( CONVERSION_BASED_UNIT ( 'INCH', #2846 ) LENGTH_UNIT ( ) NAMED_UNIT ( #6183 ) );
#7563 = EDGE_CURVE ( 'NONE', #4855, #8287, #45, .T. ) ;
#7564 = EDGE_CURVE ( 'NONE', #1310, #4258, #4879, .T. ) ;
#7565 = SURFACE_STYLE_FILL_AREA ( #4760 ) ;
#7566 = AXIS2_PLACEMENT_3D ( 'NONE', #2774, #5527, #4870 ) ;
#7567 = LINE ( 'NONE', #3545, #1493 ) ;
#7568 = EDGE_CURVE ( 'NONE', #6055, #1657, #8170, .T. ) ;
#7569 = LENGTH_MEASURE_WITH_UNIT ( LENGTH_MEASURE( 0.02539999999999999897 ), #4201 );
#7570 = EDGE_CURVE ( 'NONE', #934, #8600, #2621, .T. ) ;
#7571 = VERTEX_POINT ( 'NONE', #4056 ) ;
#7572 = FACE_OUTER_BOUND ( 'NONE', #4294, .T. ) ;
#7573 = ORIENTED_EDGE ( 'NONE', *, *, #5770, .F. ) ;
#7574 = DIRECTION ( 'NONE',  ( -1.741473112329314938E-32, -1.000000000000000000, -1.606225440719264641E-16 ) ) ;
#7575 = DIMENSIONAL_EXPONENTS ( 1.000000000000000000, 0.0000000000000000000, 0.0000000000000000000, 0.0000000000000000000, 0.0000000000000000000, 0.0000000000000000000, 0.0000000000000000000 ) ;
#7577 = FACE_OUTER_BOUND ( 'NONE', #1406, .T. ) ;
#7576 = COLOUR_RGB ( '',0.7921568627450980005, 0.8196078431372548767, 0.9333333333333333481 ) ;
#7578 = DIRECTION ( 'NONE',  ( 0.0000000000000000000, 0.0000000000000000000, -1.000000000000000000 ) ) ;
#7579 = LENGTH_MEASURE_WITH_UNIT ( LENGTH_MEASURE( 0.02539999999999999897 ), #8816 );
#7580 =( LENGTH_UNIT ( ) NAMED_UNIT ( * ) SI_UNIT ( $, .METRE. ) );
#7581 = DIRECTION ( 'NONE',  ( 0.0000000000000000000, 0.0000000000000000000, -1.000000000000000000 ) ) ;
#7582 = VECTOR ( 'NONE', #3969, 39.37007874015748143 ) ;
#7583 = ORIENTED_EDGE ( 'NONE', *, *, #1263, .F. ) ;
#7584 = EDGE_CURVE ( 'NONE', #6302, #2300, #7809, .T. ) ;
#7585 = EDGE_LOOP ( 'NONE', ( #6984, #1845, #5044, #491, #4523, #7780, #5463, #8020 ) ) ;
#7586 = FILL_AREA_STYLE_COLOUR ( '', #5701 ) ;
#7587 = ORIENTED_EDGE ( 'NONE', *, *, #5996, .F. ) ;
#7588 = SURFACE_STYLE_FILL_AREA ( #4134 ) ;
#7589 = UNCERTAINTY_MEASURE_WITH_UNIT (LENGTH_MEASURE( 1.000000000000000082E-05 ), #7156, 'distance_accuracy_value', 'NONE');
#7590 = FILL_AREA_STYLE_COLOUR ( '', #5865 ) ;
#7591 = FILL_AREA_STYLE_COLOUR ( '', #8451 ) ;
#7592 = FILL_AREA_STYLE ('',( #4827 ) ) ;
#7593 = DIRECTION ( 'NONE',  ( 0.0000000000000000000, 1.000000000000000000, 0.0000000000000000000 ) ) ;
#7594 = CARTESIAN_POINT ( 'NONE',  ( -0.05314960629921260116, 0.09448818897637795144, -0.01771653543307086937 ) ) ;
#7595 = VECTOR ( 'NONE', #8023, 39.37007874015748143 ) ;
#7596 = ORIENTED_EDGE ( 'NONE', *, *, #7877, .F. ) ;
#7597 = DIMENSIONAL_EXPONENTS ( 1.000000000000000000, 0.0000000000000000000, 0.0000000000000000000, 0.0000000000000000000, 0.0000000000000000000, 0.0000000000000000000, 0.0000000000000000000 ) ;
#7598 = DIRECTION ( 'NONE',  ( -1.000000000000000000, 0.0000000000000000000, 0.0000000000000000000 ) ) ;
#7599 = AXIS2_PLACEMENT_3D ( 'NONE', #1156, #5292, #8054 ) ;
#7600 = LENGTH_MEASURE_WITH_UNIT ( LENGTH_MEASURE( 0.02539999999999999897 ), #7469 );
#7601 =( NAMED_UNIT ( * ) SI_UNIT ( $, .STERADIAN. ) SOLID_ANGLE_UNIT ( ) );
#7602 = LINE ( 'NONE', #2127, #945 ) ;
#7603 = VERTEX_POINT ( 'NONE', #5496 ) ;
#7604 = SURFACE_STYLE_USAGE ( .BOTH. , #2130 ) ;
#7605 = CIRCLE ( 'NONE', #6034, 0.007874015748031495954 ) ;
#7606 =( NAMED_UNIT ( * ) PLANE_ANGLE_UNIT ( ) SI_UNIT ( $, .RADIAN. ) );
#7607 = DIRECTION ( 'NONE',  ( 2.344220913482170177E-16, 0.0000000000000000000, 1.000000000000000000 ) ) ;
#7608 = DIMENSIONAL_EXPONENTS ( 1.000000000000000000, 0.0000000000000000000, 0.0000000000000000000, 0.0000000000000000000, 0.0000000000000000000, 0.0000000000000000000, 0.0000000000000000000 ) ;
#7609 = SURFACE_SIDE_STYLE ('',( #6317 ) ) ;
#7610 = EDGE_LOOP ( 'NONE', ( #3176, #757, #6332, #8063 ) ) ;
#7611 = LINE ( 'NONE', #1450, #2704 ) ;
#7612 = EDGE_CURVE ( 'NONE', #8151, #4844, #627, .T. ) ;
#7613 = ORIENTED_EDGE ( 'NONE', *, *, #2957, .F. ) ;
#7614 =( NAMED_UNIT ( * ) SI_UNIT ( $, .STERADIAN. ) SOLID_ANGLE_UNIT ( ) );
#7615 = EDGE_CURVE ( 'NONE', #6024, #3317, #6739, .T. ) ;
#7616 = FACE_OUTER_BOUND ( 'NONE', #1610, .T. ) ;
#7617 = DIRECTION ( 'NONE',  ( 1.084202172485503694E-16, 0.0000000000000000000, 1.000000000000000000 ) ) ;
#7618 =( GEOMETRIC_REPRESENTATION_CONTEXT ( 3 ) GLOBAL_UNCERTAINTY_ASSIGNED_CONTEXT ( ( #2486 ) ) GLOBAL_UNIT_ASSIGNED_CONTEXT ( ( #2494, #7194, #7903 ) ) REPRESENTATION_CONTEXT ( 'NONE', 'WORKASPACE' ) );
#7619 = CARTESIAN_POINT ( 'NONE',  ( -0.1200787401574803237, 0.03149606299212598381, 0.01968503937007873988 ) ) ;
#7620 = VERTEX_POINT ( 'NONE', #8077 ) ;
#7621 = VERTEX_POINT ( 'NONE', #2070 ) ;
#7622 = DIRECTION ( 'NONE',  ( 1.000000000000000000, 0.0000000000000000000, 0.0000000000000000000 ) ) ;
#7623 = EDGE_CURVE ( 'NONE', #7699, #1627, #6914, .T. ) ;
#7624 = EDGE_LOOP ( 'NONE', ( #5525, #5699, #2910, #4130 ) ) ;
#7625 = FACE_OUTER_BOUND ( 'NONE', #4351, .T. ) ;
#7626 = ORIENTED_EDGE ( 'NONE', *, *, #6430, .F. ) ;
#7627 =( GEOMETRIC_REPRESENTATION_CONTEXT ( 3 ) GLOBAL_UNCERTAINTY_ASSIGNED_CONTEXT ( ( #4551 ) ) GLOBAL_UNIT_ASSIGNED_CONTEXT ( ( #2446, #1757, #572 ) ) REPRESENTATION_CONTEXT ( 'NONE', 'WORKASPACE' ) );
#7628 = PRESENTATION_STYLE_ASSIGNMENT (( #5532 ) ) ;
#7629 = DIRECTION ( 'NONE',  ( 1.000000000000000000, 0.0000000000000000000, 0.0000000000000000000 ) ) ;
#7630 = EDGE_CURVE ( 'NONE', #3627, #6951, #2025, .T. ) ;
#7631 = PRESENTATION_STYLE_ASSIGNMENT (( #4265 ) ) ;
#7632 = EDGE_CURVE ( 'NONE', #2248, #1657, #8105, .T. ) ;
#7633 = CARTESIAN_POINT ( 'NONE',  ( -0.1001844051475986874, 0.03937007874015747977, -0.05590632889058938515 ) ) ;
#7634 = DIMENSIONAL_EXPONENTS ( 1.000000000000000000, 0.0000000000000000000, 0.0000000000000000000, 0.0000000000000000000, 0.0000000000000000000, 0.0000000000000000000, 0.0000000000000000000 ) ;
#7635 = ORIENTED_EDGE ( 'NONE', *, *, #4110, .F. ) ;
#7636 = PRESENTATION_STYLE_ASSIGNMENT (( #6917 ) ) ;
#7637 = CARTESIAN_POINT ( 'NONE',  ( 0.1102370375520064921, 0.01872128989349047465, -0.06496062992125983815 ) ) ;
#7638 = DIRECTION ( 'NONE',  ( -1.084202172485503694E-16, 0.0000000000000000000, 1.000000000000000000 ) ) ;
#7639 = DIRECTION ( 'NONE',  ( 0.0000000000000000000, 0.0000000000000000000, 1.000000000000000000 ) ) ;
#7640 = UNCERTAINTY_MEASURE_WITH_UNIT (LENGTH_MEASURE( 1.000000000000000082E-05 ), #8581, 'distance_accuracy_value', 'NONE');
#7641 =( CONVERSION_BASED_UNIT ( 'INCH', #8350 ) LENGTH_UNIT ( ) NAMED_UNIT ( #4005 ) );
#7642 = DIRECTION ( 'NONE',  ( -1.000000000000000000, 0.0000000000000000000, 0.0000000000000000000 ) ) ;
#7643 = DIMENSIONAL_EXPONENTS ( 1.000000000000000000, 0.0000000000000000000, 0.0000000000000000000, 0.0000000000000000000, 0.0000000000000000000, 0.0000000000000000000, 0.0000000000000000000 ) ;
#7644 = SURFACE_STYLE_USAGE ( .BOTH. , #4798 ) ;
#7645 = AXIS2_PLACEMENT_3D ( 'NONE', #5999, #1947, #1858 ) ;
#7646 = LINE ( 'NONE', #5428, #2475 ) ;
#7647 =( CONVERSION_BASED_UNIT ( 'INCH', #8487 ) LENGTH_UNIT ( ) NAMED_UNIT ( #6965 ) );
#7648 = FILL_AREA_STYLE_COLOUR ( '', #2076 ) ;
#7649 = DIRECTION ( 'NONE',  ( -4.917492902039899224E-17, 1.000000000000000000, 0.0000000000000000000 ) ) ;
#7650 = ORIENTED_EDGE ( 'NONE', *, *, #6417, .F. ) ;
#7651 = PRESENTATION_STYLE_ASSIGNMENT (( #2234 ) ) ;
#7652 = PRESENTATION_LAYER_ASSIGNMENT (  '', '', ( #484 ) ) ;
#7653 = ORIENTED_EDGE ( 'NONE', *, *, #6797, .T. ) ;
#7654 =( LENGTH_UNIT ( ) NAMED_UNIT ( * ) SI_UNIT ( $, .METRE. ) );
#7655 = CARTESIAN_POINT ( 'NONE',  ( 0.1122047244094488277, 0.0000000000000000000, 0.06496062992125983815 ) ) ;
#7656 = CARTESIAN_POINT ( 'NONE',  ( -0.1031504233787781388, 0.03149606299212598381, -0.05590632889058937127 ) ) ;
#7657 = DIRECTION ( 'NONE',  ( 0.0000000000000000000, 0.0000000000000000000, 1.000000000000000000 ) ) ;
#7658 = LINE ( 'NONE', #4903, #3474 ) ;
#7659 = VERTEX_POINT ( 'NONE', #768 ) ;
#7660 = VERTEX_POINT ( 'NONE', #1989 ) ;
#7661 = FACE_OUTER_BOUND ( 'NONE', #7320, .T. ) ;
#7662 = EDGE_LOOP ( 'NONE', ( #3098, #8369, #1377, #3558 ) ) ;
#7663 = DIRECTION ( 'NONE',  ( 0.0000000000000000000, 1.000000000000000000, 0.0000000000000000000 ) ) ;
#7664 =( GEOMETRIC_REPRESENTATION_CONTEXT ( 3 ) GLOBAL_UNCERTAINTY_ASSIGNED_CONTEXT ( ( #222 ) ) GLOBAL_UNIT_ASSIGNED_CONTEXT ( ( #8233, #5563, #2095 ) ) REPRESENTATION_CONTEXT ( 'NONE', 'WORKASPACE' ) );
#7665 = ORIENTED_EDGE ( 'NONE', *, *, #5660, .T. ) ;
#7666 = PRESENTATION_LAYER_ASSIGNMENT (  '', '', ( #4093 ) ) ;
#7667 = STYLED_ITEM ( 'NONE', ( #8852 ), #6519 ) ;
#7668 = UNCERTAINTY_MEASURE_WITH_UNIT (LENGTH_MEASURE( 1.000000000000000082E-05 ), #6678, 'distance_accuracy_value', 'NONE');
#7669 = LINE ( 'NONE', #5000, #5749 ) ;
#7670 = DIRECTION ( 'NONE',  ( 1.000000000000000000, -4.917492902039899224E-17, 0.0000000000000000000 ) ) ;
#7671 = CARTESIAN_POINT ( 'NONE',  ( 0.1316260342594181287, 0.01212648432646549340, 0.01181102362204724393 ) ) ;
#7672 = ADVANCED_FACE ( 'NONE', ( #3433 ), #5358, .T. ) ;
#7673 = MECHANICAL_DESIGN_GEOMETRIC_PRESENTATION_REPRESENTATION (  '', ( #8670 ), #1948 ) ;
#7674 = AXIS2_PLACEMENT_3D ( 'NONE', #4282, #908, #1003 ) ;
#7675 = VECTOR ( 'NONE', #5747, 39.37007874015748143 ) ;
#7676 = CARTESIAN_POINT ( 'NONE',  ( -0.1122047244094488277, 0.0000000000000000000, -0.07283464566929134798 ) ) ;
#7677 = EDGE_LOOP ( 'NONE', ( #2978, #8141, #5624, #8570 ) ) ;
#7678 = EDGE_CURVE ( 'NONE', #4858, #6355, #2808, .T. ) ;
#7679 = UNCERTAINTY_MEASURE_WITH_UNIT (LENGTH_MEASURE( 1.000000000000000082E-05 ), #5870, 'distance_accuracy_value', 'NONE');
#7681 = CARTESIAN_POINT ( 'NONE',  ( 0.2709745503680062728, 0.03937007874015747977, 0.07283464566929134798 ) ) ;
#7680 =( GEOMETRIC_REPRESENTATION_CONTEXT ( 3 ) GLOBAL_UNCERTAINTY_ASSIGNED_CONTEXT ( ( #3294 ) ) GLOBAL_UNIT_ASSIGNED_CONTEXT ( ( #6563, #460, #5187 ) ) REPRESENTATION_CONTEXT ( 'NONE', 'WORKASPACE' ) );
#7682 = VECTOR ( 'NONE', #3078, 39.37007874015748143 ) ;
#7683 = STYLED_ITEM ( 'NONE', ( #2692 ), #6811 ) ;
#7684 =( CONVERSION_BASED_UNIT ( 'INCH', #4323 ) LENGTH_UNIT ( ) NAMED_UNIT ( #7006 ) );
#7685 = PRESENTATION_STYLE_ASSIGNMENT (( #5719 ) ) ;
#7686 =( NAMED_UNIT ( * ) PLANE_ANGLE_UNIT ( ) SI_UNIT ( $, .RADIAN. ) );
#7687 = AXIS2_PLACEMENT_3D ( 'NONE', #984, #7716, #6416 ) ;
#7688 = STYLED_ITEM ( 'NONE', ( #6291 ), #7941 ) ;
#7689 = DIRECTION ( 'NONE',  ( 0.0000000000000000000, 0.3420201433256695456, -0.9396926207859080948 ) ) ;
#7690 = MECHANICAL_DESIGN_GEOMETRIC_PRESENTATION_REPRESENTATION (  '', ( #4703 ), #1964 ) ;
#7691 = DIMENSIONAL_EXPONENTS ( 1.000000000000000000, 0.0000000000000000000, 0.0000000000000000000, 0.0000000000000000000, 0.0000000000000000000, 0.0000000000000000000, 0.0000000000000000000 ) ;
#7692 =( LENGTH_UNIT ( ) NAMED_UNIT ( * ) SI_UNIT ( $, .METRE. ) );
#7693 = SURFACE_STYLE_USAGE ( .BOTH. , #5466 ) ;
#7694 = DIRECTION ( 'NONE',  ( 0.8660254037844390407, 0.4999999999999995004, 0.0000000000000000000 ) ) ;
#7695 = MECHANICAL_DESIGN_GEOMETRIC_PRESENTATION_REPRESENTATION (  '', ( #1241 ), #8828 ) ;
#7696 = COLOUR_RGB ( '',0.7686274509803920907, 0.7686274509803920907, 0.7686274509803920907 ) ;
#7697 = CARTESIAN_POINT ( 'NONE',  ( -0.1200787401574803237, 0.04724409448818897572, -0.05511811023622047168 ) ) ;
#7698 = CARTESIAN_POINT ( 'NONE',  ( -0.1031504233787781388, 0.03149606299212598381, 0.05590632889058937127 ) ) ;
#7699 = VERTEX_POINT ( 'NONE', #8308 ) ;
#7700 =( NAMED_UNIT ( * ) SI_UNIT ( $, .STERADIAN. ) SOLID_ANGLE_UNIT ( ) );
#7701 = ORIENTED_EDGE ( 'NONE', *, *, #2915, .T. ) ;
#7702 = MECHANICAL_DESIGN_GEOMETRIC_PRESENTATION_REPRESENTATION (  '', ( #391 ), #7134 ) ;
#7703 = ORIENTED_EDGE ( 'NONE', *, *, #5323, .T. ) ;
#7704 = DIRECTION ( 'NONE',  ( 0.0000000000000000000, 1.000000000000000000, 2.409338161078900167E-16 ) ) ;
#7705 = PRESENTATION_STYLE_ASSIGNMENT (( #2464 ) ) ;
#7706 = LINE ( 'NONE', #6325, #6261 ) ;
#7707 =( NAMED_UNIT ( * ) PLANE_ANGLE_UNIT ( ) SI_UNIT ( $, .RADIAN. ) );
#7708 = STYLED_ITEM ( 'NONE', ( #6459 ), #8523 ) ;
#7709 = DIRECTION ( 'NONE',  ( -1.000000000000000000, 0.0000000000000000000, 0.0000000000000000000 ) ) ;
#7710 =( BOUNDED_CURVE ( )  B_SPLINE_CURVE ( 3, ( #2980, #5068, #1674, #2415 ),
 .UNSPECIFIED., .F., .F. ) 
 B_SPLINE_CURVE_WITH_KNOTS ( ( 4, 4 ),
 ( 3.490658503988659955, 4.712388980384689674 ),
 .UNSPECIFIED. ) 
 CURVE ( )  GEOMETRIC_REPRESENTATION_ITEM ( )  RATIONAL_B_SPLINE_CURVE ( ( 1.000000000000000000, 0.8794346961926610140, 0.8794346961926610140, 1.000000000000000000 ) ) 
 REPRESENTATION_ITEM ( '' )  );
#7711 = SURFACE_STYLE_USAGE ( .BOTH. , #170 ) ;
#7712 = EDGE_CURVE ( 'NONE', #2656, #5576, #4268, .T. ) ;
#7713 = EDGE_LOOP ( 'NONE', ( #6601, #534, #858, #6636 ) ) ;
#7714 = DIRECTION ( 'NONE',  ( 0.0000000000000000000, 1.000000000000000000, 0.0000000000000000000 ) ) ;
#7715 = ORIENTED_EDGE ( 'NONE', *, *, #5015, .T. ) ;
#7716 = DIRECTION ( 'NONE',  ( 0.8660254037844390407, 0.4999999999999995004, 0.0000000000000000000 ) ) ;
#7717 = AXIS2_PLACEMENT_3D ( 'NONE', #840, #8284, #2329 ) ;
#7718 = DIRECTION ( 'NONE',  ( 0.0000000000000000000, 0.0000000000000000000, -1.000000000000000000 ) ) ;
#7719 = DIRECTION ( 'NONE',  ( -1.000000000000000000, 0.0000000000000000000, 0.0000000000000000000 ) ) ;
#7720 =( GEOMETRIC_REPRESENTATION_CONTEXT ( 3 ) GLOBAL_UNCERTAINTY_ASSIGNED_CONTEXT ( ( #1221 ) ) GLOBAL_UNIT_ASSIGNED_CONTEXT ( ( #2487, #240, #8525 ) ) REPRESENTATION_CONTEXT ( 'NONE', 'WORKASPACE' ) );
#7721 = CARTESIAN_POINT ( 'NONE',  ( -0.04527559055118110520, 0.06299212598425196763, 0.01771653543307086937 ) ) ;
#7722 = CARTESIAN_POINT ( 'NONE',  ( -0.1265117110087226326, 0.009173728420953680684, -0.01181102362204724393 ) ) ;
#7723 = PRESENTATION_STYLE_ASSIGNMENT (( #1698 ) ) ;
#7724 = EDGE_LOOP ( 'NONE', ( #3234, #3322, #6574, #8258, #7132, #1603, #2599, #621, #405, #3316, #342, #8118, #422, #2189, #8758, #4132 ) ) ;
#7725 = FILL_AREA_STYLE_COLOUR ( '', #8390 ) ;
#7726 = VECTOR ( 'NONE', #4009, 39.37007874015748143 ) ;
#7727 = PRESENTATION_STYLE_ASSIGNMENT (( #6381 ) ) ;
#7728 = EDGE_CURVE ( 'NONE', #6916, #5210, #7794, .T. ) ;
#7729 = DIRECTION ( 'NONE',  ( 0.0000000000000000000, 0.0000000000000000000, 1.000000000000000000 ) ) ;
#7730 = DIRECTION ( 'NONE',  ( -0.3236155771181853935, 0.8891264907159878161, 0.3236155771181853935 ) ) ;
#7731 = ADVANCED_FACE ( 'NONE', ( #7008 ), #2258, .F. ) ;
#7732 = CYLINDRICAL_SURFACE ( 'NONE', #8108, 0.007874015748031495954 ) ;
#7733 = DIRECTION ( 'NONE',  ( 0.0000000000000000000, -1.000000000000000000, 0.0000000000000000000 ) ) ;
#7734 = CARTESIAN_POINT ( 'NONE',  ( 0.1102370375520062978, 0.04724409448818897572, 0.01968503937007873988 ) ) ;
#7735 = PRESENTATION_STYLE_ASSIGNMENT (( #6351 ) ) ;
#7736 = EDGE_CURVE ( 'NONE', #2827, #2096, #3210, .T. ) ;
#7737 = AXIS2_PLACEMENT_3D ( 'NONE', #8194, #2193, #4940 ) ;
#7738 = CARTESIAN_POINT ( 'NONE',  ( 0.1102370375520062978, 0.04724409448818897572, -0.01968503937007873988 ) ) ;
#7739 = EDGE_CURVE ( 'NONE', #3185, #3446, #234, .T. ) ;
#7740 =( NAMED_UNIT ( * ) SI_UNIT ( $, .STERADIAN. ) SOLID_ANGLE_UNIT ( ) );
#7741 = EDGE_CURVE ( 'NONE', #3255, #4260, #8567, .T. ) ;
#7742 = FACE_OUTER_BOUND ( 'NONE', #657, .T. ) ;
#7743 = AXIS2_PLACEMENT_3D ( 'NONE', #4954, #1383, #2742 ) ;
#7744 = ORIENTED_EDGE ( 'NONE', *, *, #6092, .F. ) ;
#7745 =( CONVERSION_BASED_UNIT ( 'INCH', #5022 ) LENGTH_UNIT ( ) NAMED_UNIT ( #549 ) );
#7746 = ORIENTED_EDGE ( 'NONE', *, *, #6161, .F. ) ;
#7747 = FACE_OUTER_BOUND ( 'NONE', #4494, .T. ) ;
#7748 = EDGE_LOOP ( 'NONE', ( #8366, #4545, #7889, #4017 ) ) ;
#7749 = LINE ( 'NONE', #2333, #7020 ) ;
#7750 = CARTESIAN_POINT ( 'NONE',  ( -0.09380814114305804918, 0.03444167326641416754, -0.04656404665486942041 ) ) ;
#7751 = PRESENTATION_STYLE_ASSIGNMENT (( #2423 ) ) ;
#7752 = VECTOR ( 'NONE', #1065, 39.37007874015748143 ) ;
#7753 = ORIENTED_EDGE ( 'NONE', *, *, #3406, .F. ) ;
#7754 = ORIENTED_EDGE ( 'NONE', *, *, #1580, .F. ) ;
#7755 = SURFACE_SIDE_STYLE ('',( #5036 ) ) ;
#7756 = VERTEX_POINT ( 'NONE', #2438 ) ;
#7757 = CIRCLE ( 'NONE', #4185, 0.003937007874015752314 ) ;
#7758 = SURFACE_STYLE_USAGE ( .BOTH. , #1127 ) ;
#7759 = CARTESIAN_POINT ( 'NONE',  ( -0.04527559055118110520, 0.09448818897637795144, -0.01771653543307086937 ) ) ;
#7760 = SURFACE_STYLE_USAGE ( .BOTH. , #2955 ) ;
#7761 = ORIENTED_EDGE ( 'NONE', *, *, #3304, .F. ) ;
#7762 = ORIENTED_EDGE ( 'NONE', *, *, #5887, .F. ) ;
#7763 = PRESENTATION_STYLE_ASSIGNMENT (( #4362 ) ) ;
#7764 =( NAMED_UNIT ( * ) PLANE_ANGLE_UNIT ( ) SI_UNIT ( $, .RADIAN. ) );
#7765 = PLANE ( 'NONE',  #6952 ) ;
#7766 = SURFACE_SIDE_STYLE ('',( #6515 ) ) ;
#7767 = LINE ( 'NONE', #6973, #1185 ) ;
#7768 = PLANE ( 'NONE',  #8126 ) ;
#7769 = CARTESIAN_POINT ( 'NONE',  ( -0.1102370375520064921, 0.04724409448818897572, 0.01968503937007873988 ) ) ;
#7770 = DIRECTION ( 'NONE',  ( -1.000000000000000000, 0.0000000000000000000, 0.0000000000000000000 ) ) ;
#7771 = LINE ( 'NONE', #194, #3327 ) ;
#7772 = MECHANICAL_DESIGN_GEOMETRIC_PRESENTATION_REPRESENTATION (  '', ( #5362 ), #2498 ) ;
#7774 = ADVANCED_FACE ( 'NONE', ( #6646 ), #7979, .T. ) ;
#7773 = AXIS2_PLACEMENT_3D ( 'NONE', #1652, #3696, #989 ) ;
#7775 = PLANE ( 'NONE',  #4528 ) ;
#7776 = ORIENTED_EDGE ( 'NONE', *, *, #1163, .F. ) ;
#7777 = CARTESIAN_POINT ( 'NONE',  ( 0.1007811465682380003, 0.03830558020604555441, 0.04983747483286071062 ) ) ;
#7778 = CARTESIAN_POINT ( 'NONE',  ( 0.09966963588909741323, 0.04135943069846693271, -0.05081510719521733360 ) ) ;
#7779 = FILL_AREA_STYLE ('',( #5069 ) ) ;
#7780 = ORIENTED_EDGE ( 'NONE', *, *, #4396, .T. ) ;
#7781 = SURFACE_SIDE_STYLE ('',( #3675 ) ) ;
#7782 = VERTEX_POINT ( 'NONE', #6504 ) ;
#7783 = EDGE_CURVE ( 'NONE', #4059, #5204, #5981, .T. ) ;
#7784 = LENGTH_MEASURE_WITH_UNIT ( LENGTH_MEASURE( 0.02539999999999999897 ), #7868 );
#7785 = SURFACE_STYLE_USAGE ( .BOTH. , #884 ) ;
#7786 =( NAMED_UNIT ( * ) SI_UNIT ( $, .STERADIAN. ) SOLID_ANGLE_UNIT ( ) );
#7787 = CARTESIAN_POINT ( 'NONE',  ( 0.1414685539444577034, 0.002952755905511810983, 0.01181102362204724393 ) ) ;
#7788 = ORIENTED_EDGE ( 'NONE', *, *, #7313, .F. ) ;
#7789 = VERTEX_POINT ( 'NONE', #8513 ) ;
#7790 = SURFACE_STYLE_FILL_AREA ( #1030 ) ;
#7791 = CARTESIAN_POINT ( 'NONE',  ( -0.1102370375520064921, 0.03149606299212598381, 2.390384712045031269E-17 ) ) ;
#7792 =( GEOMETRIC_REPRESENTATION_CONTEXT ( 3 ) GLOBAL_UNCERTAINTY_ASSIGNED_CONTEXT ( ( #1191 ) ) GLOBAL_UNIT_ASSIGNED_CONTEXT ( ( #646, #151, #8228 ) ) REPRESENTATION_CONTEXT ( 'NONE', 'WORKASPACE' ) );
#7793 = LINE ( 'NONE', #4679, #650 ) ;
#7794 = LINE ( 'NONE', #7676, #239 ) ;
#7795 = ORIENTED_EDGE ( 'NONE', *, *, #881, .F. ) ;
#7796 = STYLED_ITEM ( 'NONE', ( #2276 ), #7079 ) ;
#7797 = FACE_OUTER_BOUND ( 'NONE', #1178, .T. ) ;
#7798 = MECHANICAL_DESIGN_GEOMETRIC_PRESENTATION_REPRESENTATION (  '', ( #2230 ), #6386 ) ;
#7799 = ORIENTED_EDGE ( 'NONE', *, *, #8651, .F. ) ;
#7800 = CARTESIAN_POINT ( 'NONE',  ( -0.1431733283613561003, -0.001968503937007873988, -0.01181102362204724393 ) ) ;
#7801 = SURFACE_STYLE_USAGE ( .BOTH. , #3787 ) ;
#7802 =( NAMED_UNIT ( * ) SI_UNIT ( $, .STERADIAN. ) SOLID_ANGLE_UNIT ( ) );
#7803 = VECTOR ( 'NONE', #8795, 39.37007874015748143 ) ;
#7804 = DIRECTION ( 'NONE',  ( 0.0000000000000000000, 0.0000000000000000000, -1.000000000000000000 ) ) ;
#7805 = UNCERTAINTY_MEASURE_WITH_UNIT (LENGTH_MEASURE( 1.000000000000000082E-05 ), #5729, 'distance_accuracy_value', 'NONE');
#7806 = SURFACE_STYLE_FILL_AREA ( #2921 ) ;
#7807 = LENGTH_MEASURE_WITH_UNIT ( LENGTH_MEASURE( 0.02539999999999999897 ), #7856 );
#7808 = ADVANCED_FACE ( 'NONE', ( #5177 ), #319, .F. ) ;
#7809 = CIRCLE ( 'NONE', #2246, 0.007874015748031495954 ) ;
#7810 = MECHANICAL_DESIGN_GEOMETRIC_PRESENTATION_REPRESENTATION (  '', ( #7818 ), #5121 ) ;
#7811 =( GEOMETRIC_REPRESENTATION_CONTEXT ( 3 ) GLOBAL_UNCERTAINTY_ASSIGNED_CONTEXT ( ( #2396 ) ) GLOBAL_UNIT_ASSIGNED_CONTEXT ( ( #6174, #594, #7601 ) ) REPRESENTATION_CONTEXT ( 'NONE', 'WORKASPACE' ) );
#7812 = DIRECTION ( 'NONE',  ( 1.000000000000000000, 0.0000000000000000000, 0.0000000000000000000 ) ) ;
#7813 = DIRECTION ( 'NONE',  ( -1.000000000000000000, 0.0000000000000000000, 0.0000000000000000000 ) ) ;
#7814 =( LENGTH_UNIT ( ) NAMED_UNIT ( * ) SI_UNIT ( $, .METRE. ) );
#7815 =( LENGTH_UNIT ( ) NAMED_UNIT ( * ) SI_UNIT ( $, .METRE. ) );
#7816 = PRESENTATION_LAYER_ASSIGNMENT (  '', '', ( #3402 ) ) ;
#7817 = AXIS2_PLACEMENT_3D ( 'NONE', #4450, #7533, #8736 ) ;
#7818 = STYLED_ITEM ( 'NONE', ( #1323 ), #1762 ) ;
#7819 =( NAMED_UNIT ( * ) PLANE_ANGLE_UNIT ( ) SI_UNIT ( $, .RADIAN. ) );
#7820 = EDGE_CURVE ( 'NONE', #4453, #6964, #6152, .T. ) ;
#7821 = EDGE_LOOP ( 'NONE', ( #8728, #5475, #5091 ) ) ;
#7822 = DIRECTION ( 'NONE',  ( -1.000000000000000000, 4.917492902039890596E-17, 0.0000000000000000000 ) ) ;
#7823 = ORIENTED_EDGE ( 'NONE', *, *, #8604, .T. ) ;
#7824 = LINE ( 'NONE', #5863, #1132 ) ;
#7825 = ORIENTED_EDGE ( 'NONE', *, *, #7728, .F. ) ;
#7826 =( GEOMETRIC_REPRESENTATION_CONTEXT ( 3 ) GLOBAL_UNCERTAINTY_ASSIGNED_CONTEXT ( ( #1390 ) ) GLOBAL_UNIT_ASSIGNED_CONTEXT ( ( #6891, #3455, #5433 ) ) REPRESENTATION_CONTEXT ( 'NONE', 'WORKASPACE' ) );
#7827 = MECHANICAL_DESIGN_GEOMETRIC_PRESENTATION_REPRESENTATION (  '', ( #7419 ), #1242 ) ;
#7828 = ADVANCED_FACE ( 'NONE', ( #4729 ), #8249, .F. ) ;
#7829 = PRESENTATION_STYLE_ASSIGNMENT (( #3565 ) ) ;
#7830 = DIRECTION ( 'NONE',  ( 1.000000000000000000, 0.0000000000000000000, 0.0000000000000000000 ) ) ;
#7831 = CARTESIAN_POINT ( 'NONE',  ( 0.1102370375520064921, 0.03149606299212598381, 0.01968503937007873988 ) ) ;
#7832 = DIRECTION ( 'NONE',  ( 0.0000000000000000000, -1.606225440719264641E-16, 1.000000000000000000 ) ) ;
#7833 = EDGE_CURVE ( 'NONE', #1856, #3867, #8861, .T. ) ;
#7835 = ADVANCED_FACE ( 'NONE', ( #2610 ), #8158, .T. ) ;
#7834 = CARTESIAN_POINT ( 'NONE',  ( -0.09945084613158955422, 0.04196055061682803233, -0.04850717439621220206 ) ) ;
#7836 = EDGE_CURVE ( 'NONE', #7158, #5291, #2734, .T. ) ;
#7837 = PRESENTATION_LAYER_ASSIGNMENT (  '', '', ( #8277 ) ) ;
#7838 = ORIENTED_EDGE ( 'NONE', *, *, #773, .T. ) ;
#7839 =( LENGTH_UNIT ( ) NAMED_UNIT ( * ) SI_UNIT ( $, .METRE. ) );
#7840 = VERTEX_POINT ( 'NONE', #6900 ) ;
#7842 = CARTESIAN_POINT ( 'NONE',  ( 0.04724409448818897572, 0.06299212598425196763, 0.02854330708661417110 ) ) ;
#7841 = AXIS2_PLACEMENT_3D ( 'NONE', #3354, #5431, #4763 ) ;
#7843 = DIRECTION ( 'NONE',  ( 0.0000000000000000000, -1.000000000000000000, 0.0000000000000000000 ) ) ;
#7844 = CARTESIAN_POINT ( 'NONE',  ( -0.1122047244094488277, 0.0000000000000000000, -0.07283464566929134798 ) ) ;
#7845 = EDGE_CURVE ( 'NONE', #6732, #4122, #6236, .T. ) ;
#7846 = FILL_AREA_STYLE ('',( #6595 ) ) ;
#7847 = ORIENTED_EDGE ( 'NONE', *, *, #3583, .F. ) ;
#7848 = CARTESIAN_POINT ( 'NONE',  ( 1.371238671125444784E-34, 0.04724409448818897572, 1.075032775284549258E-17 ) ) ;
#7849 = VERTEX_POINT ( 'NONE', #6444 ) ;
#7850 = UNCERTAINTY_MEASURE_WITH_UNIT (LENGTH_MEASURE( 1.000000000000000082E-05 ), #6994, 'distance_accuracy_value', 'NONE');
#7851 = FILL_AREA_STYLE ('',( #3745 ) ) ;
#7852 = CIRCLE ( 'NONE', #8143, 0.007874015748031495954 ) ;
#7853 =( CONVERSION_BASED_UNIT ( 'INCH', #1093 ) LENGTH_UNIT ( ) NAMED_UNIT ( #4744 ) );
#7854 = PRESENTATION_STYLE_ASSIGNMENT (( #3975 ) ) ;
#7855 = COLOUR_RGB ( '',0.2980392156862745057, 0.2980392156862745057, 0.2980392156862745057 ) ;
#7856 =( LENGTH_UNIT ( ) NAMED_UNIT ( * ) SI_UNIT ( $, .METRE. ) );
#7857 = DIRECTION ( 'NONE',  ( 1.000000000000000000, 0.0000000000000000000, -2.168404344971012812E-15 ) ) ;
#7858 = UNCERTAINTY_MEASURE_WITH_UNIT (LENGTH_MEASURE( 1.000000000000000082E-05 ), #4809, 'distance_accuracy_value', 'NONE');
#7859 = LINE ( 'NONE', #1622, #734 ) ;
#7860 = SURFACE_STYLE_USAGE ( .BOTH. , #2412 ) ;
#7861 = CARTESIAN_POINT ( 'NONE',  ( -0.09945084613158955422, 0.04196055061682803233, 0.04850717439621220206 ) ) ;
#7862 = ORIENTED_EDGE ( 'NONE', *, *, #286, .F. ) ;
#7863 = LINE ( 'NONE', #7619, #4553 ) ;
#7864 = CARTESIAN_POINT ( 'NONE',  ( -0.05511811023622047168, 0.06299212598425196763, 0.02066929133858268208 ) ) ;
#7865 = CARTESIAN_POINT ( 'NONE',  ( -0.1200787401574803237, 0.0000000000000000000, 0.04724409448818897572 ) ) ;
#7866 = CARTESIAN_POINT ( 'NONE',  ( 0.1031504232676163368, 0.03937007874015747977, -0.05267764893017685274 ) ) ;
#7867 = ORIENTED_EDGE ( 'NONE', *, *, #2594, .F. ) ;
#7868 =( LENGTH_UNIT ( ) NAMED_UNIT ( * ) SI_UNIT ( $, .METRE. ) );
#7869 = CARTESIAN_POINT ( 'NONE',  ( -0.1161417322834645688, 0.01968503937007873988, 0.06889763779527559306 ) ) ;
#7870 =( CONVERSION_BASED_UNIT ( 'INCH', #4436 ) LENGTH_UNIT ( ) NAMED_UNIT ( #2922 ) );
#7871 = STYLED_ITEM ( 'NONE', ( #7961 ), #3998 ) ;
#7872 = DIRECTION ( 'NONE',  ( 0.0000000000000000000, 0.0000000000000000000, 1.000000000000000000 ) ) ;
#7873 = LENGTH_MEASURE_WITH_UNIT ( LENGTH_MEASURE( 0.02539999999999999897 ), #309 );
#7874 = LINE ( 'NONE', #4483, #7752 ) ;
#7875 = ORIENTED_EDGE ( 'NONE', *, *, #4791, .T. ) ;
#7876 = FILL_AREA_STYLE ('',( #6547 ) ) ;
#7877 = EDGE_CURVE ( 'NONE', #8845, #7621, #7123, .T. ) ;
#7878 = ORIENTED_EDGE ( 'NONE', *, *, #2256, .T. ) ;
#7879 = FACE_OUTER_BOUND ( 'NONE', #6881, .T. ) ;
#7880 = MECHANICAL_DESIGN_GEOMETRIC_PRESENTATION_REPRESENTATION (  '', ( #8737 ), #4899 ) ;
#7881 = SURFACE_STYLE_USAGE ( .BOTH. , #7083 ) ;
#7882 = DIRECTION ( 'NONE',  ( 0.0000000000000000000, 0.0000000000000000000, 1.000000000000000000 ) ) ;
#7883 = CARTESIAN_POINT ( 'NONE',  ( 0.09966963588909823202, 0.04135943069846480247, 0.05081510719521771524 ) ) ;
#7884 =( GEOMETRIC_REPRESENTATION_CONTEXT ( 3 ) GLOBAL_UNCERTAINTY_ASSIGNED_CONTEXT ( ( #3837 ) ) GLOBAL_UNIT_ASSIGNED_CONTEXT ( ( #2403, #2266, #189 ) ) REPRESENTATION_CONTEXT ( 'NONE', 'WORKASPACE' ) );
#7885 = MECHANICAL_DESIGN_GEOMETRIC_PRESENTATION_REPRESENTATION (  '', ( #7175 ), #4168 ) ;
#7886 = EDGE_CURVE ( 'NONE', #5369, #6626, #1458, .T. ) ;
#7887 = VERTEX_POINT ( 'NONE', #3763 ) ;
#7888 = CARTESIAN_POINT ( 'NONE',  ( 0.08617334877031732066, 0.06692913385826770867, -0.03892925428212862249 ) ) ;
#7889 = ORIENTED_EDGE ( 'NONE', *, *, #3525, .F. ) ;
#7890 = LINE ( 'NONE', #5092, #2531 ) ;
#7891 = ORIENTED_EDGE ( 'NONE', *, *, #1929, .F. ) ;
#7892 = EDGE_CURVE ( 'NONE', #1981, #8705, #800, .T. ) ;
#7893 = EDGE_CURVE ( 'NONE', #350, #8029, #1628, .T. ) ;
#7894 = LENGTH_MEASURE_WITH_UNIT ( LENGTH_MEASURE( 0.02539999999999999897 ), #3008 );
#7895 =( NAMED_UNIT ( * ) PLANE_ANGLE_UNIT ( ) SI_UNIT ( $, .RADIAN. ) );
#7896 = FACE_OUTER_BOUND ( 'NONE', #1864, .T. ) ;
#7897 =( LENGTH_UNIT ( ) NAMED_UNIT ( * ) SI_UNIT ( $, .METRE. ) );
#7898 = CARTESIAN_POINT ( 'NONE',  ( 0.1161417322834645688, 0.03937007874015747977, 0.07283464566929134798 ) ) ;
#7899 = PRESENTATION_LAYER_ASSIGNMENT (  '', '', ( #5626 ) ) ;
#7900 = UNCERTAINTY_MEASURE_WITH_UNIT (LENGTH_MEASURE( 1.000000000000000082E-05 ), #7327, 'distance_accuracy_value', 'NONE');
#7901 = SURFACE_SIDE_STYLE ('',( #2358 ) ) ;
#7902 = CARTESIAN_POINT ( 'NONE',  ( -0.08617334877031732066, 0.06692913385826770867, 0.03892925428212862249 ) ) ;
#7903 =( NAMED_UNIT ( * ) SI_UNIT ( $, .STERADIAN. ) SOLID_ANGLE_UNIT ( ) );
#7904 = PRESENTATION_LAYER_ASSIGNMENT (  '', '', ( #3180 ) ) ;
#7905 = CIRCLE ( 'NONE', #4057, 0.003937007874015749712 ) ;
#7906 = LINE ( 'NONE', #6079, #4088 ) ;
#7907 = CARTESIAN_POINT ( 'NONE',  ( -0.08617334877031732066, 0.06692913385826770867, -0.03892925428212862249 ) ) ;
#7908 = FACE_OUTER_BOUND ( 'NONE', #3463, .T. ) ;
#7909 = DIRECTION ( 'NONE',  ( 0.0000000000000000000, -1.000000000000000000, 0.0000000000000000000 ) ) ;
#7910 = UNCERTAINTY_MEASURE_WITH_UNIT (LENGTH_MEASURE( 1.000000000000000082E-05 ), #1188, 'distance_accuracy_value', 'NONE');
#7911 = EDGE_LOOP ( 'NONE', ( #6143, #5657, #713, #6677, #8018, #8298, #5589, #7613, #4992, #6329, #1333, #5969, #2982, #8200, #993, #6553 ) ) ;
#7912 = CARTESIAN_POINT ( 'NONE',  ( 0.1200787401574803237, 0.04724409448818897572, -0.05511811023622047168 ) ) ;
#7913 = CARTESIAN_POINT ( 'NONE',  ( 0.04921259842519685318, 0.09842519685039370636, -0.01771653543307086937 ) ) ;
#7914 = CARTESIAN_POINT ( 'NONE',  ( 0.1008533029310250406, 0.03937007874015834713, -0.05119208189346469845 ) ) ;
#7915 = ORIENTED_EDGE ( 'NONE', *, *, #3357, .T. ) ;
#7916 = DIMENSIONAL_EXPONENTS ( 1.000000000000000000, 0.0000000000000000000, 0.0000000000000000000, 0.0000000000000000000, 0.0000000000000000000, 0.0000000000000000000, 0.0000000000000000000 ) ;
#7917 = DIRECTION ( 'NONE',  ( -3.516331370223255265E-16, 0.0000000000000000000, -1.000000000000000000 ) ) ;
#7918 = FILL_AREA_STYLE_COLOUR ( '', #2031 ) ;
#7919 = SURFACE_STYLE_USAGE ( .BOTH. , #346 ) ;
#7920 = LINE ( 'NONE', #6676, #8516 ) ;
#7921 = FILL_AREA_STYLE_COLOUR ( '', #6199 ) ;
#7922 = ORIENTED_EDGE ( 'NONE', *, *, #8800, .T. ) ;
#7923 = MECHANICAL_DESIGN_GEOMETRIC_PRESENTATION_REPRESENTATION (  '', ( #1613 ), #3502 ) ;
#7924 = ORIENTED_EDGE ( 'NONE', *, *, #215, .T. ) ;
#7925 = SURFACE_STYLE_USAGE ( .BOTH. , #8769 ) ;
#7926 =( LENGTH_UNIT ( ) NAMED_UNIT ( * ) SI_UNIT ( $, .METRE. ) );
#7927 = CYLINDRICAL_SURFACE ( 'NONE', #54, 0.01181102362204724046 ) ;
#7928 =( GEOMETRIC_REPRESENTATION_CONTEXT ( 3 ) GLOBAL_UNCERTAINTY_ASSIGNED_CONTEXT ( ( #6312 ) ) GLOBAL_UNIT_ASSIGNED_CONTEXT ( ( #6844, #4847, #781 ) ) REPRESENTATION_CONTEXT ( 'NONE', 'WORKASPACE' ) );
#7929 = SURFACE_SIDE_STYLE ('',( #1037 ) ) ;
#7930 = ORIENTED_EDGE ( 'NONE', *, *, #8389, .F. ) ;
#7931 = SURFACE_SIDE_STYLE ('',( #6648 ) ) ;
#7932 = CARTESIAN_POINT ( 'NONE',  ( -0.1102370375520064921, 0.01968503937007873988, -0.07283464566929134798 ) ) ;
#7933 = ORIENTED_EDGE ( 'NONE', *, *, #6655, .T. ) ;
#7934 = DIMENSIONAL_EXPONENTS ( 1.000000000000000000, 0.0000000000000000000, 0.0000000000000000000, 0.0000000000000000000, 0.0000000000000000000, 0.0000000000000000000, 0.0000000000000000000 ) ;
#7935 = ORIENTED_EDGE ( 'NONE', *, *, #769, .F. ) ;
#7936 =( GEOMETRIC_REPRESENTATION_CONTEXT ( 3 ) GLOBAL_UNCERTAINTY_ASSIGNED_CONTEXT ( ( #4275 ) ) GLOBAL_UNIT_ASSIGNED_CONTEXT ( ( #4542, #1129, #7977 ) ) REPRESENTATION_CONTEXT ( 'NONE', 'WORKASPACE' ) );
#7937 = EDGE_CURVE ( 'NONE', #6615, #2736, #4475, .T. ) ;
#7938 = PRESENTATION_STYLE_ASSIGNMENT (( #3744 ) ) ;
#7939 = AXIS2_PLACEMENT_3D ( 'NONE', #7231, #4000, #6728 ) ;
#7940 = AXIS2_PLACEMENT_3D ( 'NONE', #2626, #7288, #1952 ) ;
#7941 = ADVANCED_FACE ( 'NONE', ( #2979 ), #4429, .T. ) ;
#7942 = CARTESIAN_POINT ( 'NONE',  ( -0.2709745503680062728, 0.01968503937007873988, 0.04724409448818897572 ) ) ;
#7943 = EDGE_CURVE ( 'NONE', #3821, #5111, #4906, .T. ) ;
#7944 = UNCERTAINTY_MEASURE_WITH_UNIT (LENGTH_MEASURE( 1.000000000000000082E-05 ), #8015, 'distance_accuracy_value', 'NONE');
#7945 = VECTOR ( 'NONE', #3473, 39.37007874015748143 ) ;
#7946 = VECTOR ( 'NONE', #8854, 39.37007874015748143 ) ;
#7947 = VECTOR ( 'NONE', #6920, 39.37007874015748143 ) ;
#7948 = STYLED_ITEM ( 'NONE', ( #1064 ), #6366 ) ;
#7949 = CARTESIAN_POINT ( 'NONE',  ( -0.1102370375520064921, -0.1390208218169006193, -0.07874015748031495954 ) ) ;
#7950 = CARTESIAN_POINT ( 'NONE',  ( 0.1122047244094488277, 0.0000000000000000000, 0.04724409448818897572 ) ) ;
#7951 =( LENGTH_UNIT ( ) NAMED_UNIT ( * ) SI_UNIT ( $, .METRE. ) );
#7952 = CARTESIAN_POINT ( 'NONE',  ( 0.1161417322834645688, 0.0000000000000000000, -0.06889763779527559306 ) ) ;
#7953 = STYLED_ITEM ( 'NONE', ( #961 ), #2519 ) ;
#7954 = VERTEX_POINT ( 'NONE', #5728 ) ;
#7955 = VECTOR ( 'NONE', #6975, 39.37007874015748854 ) ;
#7956 = DIRECTION ( 'NONE',  ( 2.367703912268850228E-15, 6.505213034913021082E-15, -1.000000000000000000 ) ) ;
#7957 = VECTOR ( 'NONE', #6879, 39.37007874015748143 ) ;
#7958 =( NAMED_UNIT ( * ) PLANE_ANGLE_UNIT ( ) SI_UNIT ( $, .RADIAN. ) );
#7959 = EDGE_LOOP ( 'NONE', ( #8199, #577, #3411, #2061 ) ) ;
#7960 = CARTESIAN_POINT ( 'NONE',  ( -0.1265117110087226326, 0.009173728420953680684, 0.01181102362204724393 ) ) ;
#7961 = PRESENTATION_STYLE_ASSIGNMENT (( #2633 ) ) ;
#7962 =( GEOMETRIC_REPRESENTATION_CONTEXT ( 3 ) GLOBAL_UNCERTAINTY_ASSIGNED_CONTEXT ( ( #1379 ) ) GLOBAL_UNIT_ASSIGNED_CONTEXT ( ( #1475, #4358, #7044 ) ) REPRESENTATION_CONTEXT ( 'NONE', 'WORKASPACE' ) );
#7963 = MECHANICAL_DESIGN_GEOMETRIC_PRESENTATION_REPRESENTATION (  '', ( #8392 ), #5552 ) ;
#7964 = FILL_AREA_STYLE ('',( #1775 ) ) ;
#7965 = DIRECTION ( 'NONE',  ( 0.0000000000000000000, 0.0000000000000000000, 1.000000000000000000 ) ) ;
#7966 = FACE_OUTER_BOUND ( 'NONE', #1192, .T. ) ;
#7967 = SURFACE_STYLE_FILL_AREA ( #8855 ) ;
#7968 = ORIENTED_EDGE ( 'NONE', *, *, #2082, .F. ) ;
#7969 =( GEOMETRIC_REPRESENTATION_CONTEXT ( 3 ) GLOBAL_UNCERTAINTY_ASSIGNED_CONTEXT ( ( #332 ) ) GLOBAL_UNIT_ASSIGNED_CONTEXT ( ( #3778, #7168, #3691 ) ) REPRESENTATION_CONTEXT ( 'NONE', 'WORKASPACE' ) );
#7970 = AXIS2_PLACEMENT_3D ( 'NONE', #7249, #7956, #4519 ) ;
#7971 = SURFACE_STYLE_FILL_AREA ( #7166 ) ;
#7972 = ORIENTED_EDGE ( 'NONE', *, *, #4011, .T. ) ;
#7973 = CARTESIAN_POINT ( 'NONE',  ( 0.04527559055118110520, 0.09448818897637795144, 0.02559055118110236532 ) ) ;
#7974 =( NAMED_UNIT ( * ) SI_UNIT ( $, .STERADIAN. ) SOLID_ANGLE_UNIT ( ) );
#7975 =( CONVERSION_BASED_UNIT ( 'INCH', #5175 ) LENGTH_UNIT ( ) NAMED_UNIT ( #2738 ) );
#7976 =( GEOMETRIC_REPRESENTATION_CONTEXT ( 3 ) GLOBAL_UNCERTAINTY_ASSIGNED_CONTEXT ( ( #4100 ) ) GLOBAL_UNIT_ASSIGNED_CONTEXT ( ( #4610, #6124, #1901 ) ) REPRESENTATION_CONTEXT ( 'NONE', 'WORKASPACE' ) );
#7977 =( NAMED_UNIT ( * ) SI_UNIT ( $, .STERADIAN. ) SOLID_ANGLE_UNIT ( ) );
#7978 = AXIS2_PLACEMENT_3D ( 'NONE', #7, #4184, #4832 ) ;
#7979 = PLANE ( 'NONE',  #814 ) ;
#7980 = ORIENTED_EDGE ( 'NONE', *, *, #3922, .T. ) ;
#7981 = SURFACE_SIDE_STYLE ('',( #1205 ) ) ;
#7982 = ORIENTED_EDGE ( 'NONE', *, *, #4961, .T. ) ;
#7983 = CARTESIAN_POINT ( 'NONE',  ( 0.0000000000000000000, 0.06692913385826770867, -0.03892925428212862249 ) ) ;
#7984 = CARTESIAN_POINT ( 'NONE',  ( -0.1031504233787781388, 0.03149606299212598381, 0.05590632889058937127 ) ) ;
#7985 = SURFACE_SIDE_STYLE ('',( #8784 ) ) ;
#7986 =( LENGTH_UNIT ( ) NAMED_UNIT ( * ) SI_UNIT ( $, .METRE. ) );
#7987 = LINE ( 'NONE', #5315, #4327 ) ;
#7988 = AXIS2_PLACEMENT_3D ( 'NONE', #126, #7714, #2862 ) ;
#7989 = DIRECTION ( 'NONE',  ( 0.0000000000000000000, 0.0000000000000000000, 1.000000000000000000 ) ) ;
#7990 = UNCERTAINTY_MEASURE_WITH_UNIT (LENGTH_MEASURE( 1.000000000000000082E-05 ), #4611, 'distance_accuracy_value', 'NONE');
#7991 = EDGE_CURVE ( 'NONE', #462, #1931, #7863, .T. ) ;
#7992 =( BOUNDED_CURVE ( )  B_SPLINE_CURVE ( 3, ( #1425, #4267, #7005, #43 ),
 .UNSPECIFIED., .F., .T. ) 
 B_SPLINE_CURVE_WITH_KNOTS ( ( 4, 4 ),
 ( 4.712388980384689674, 5.934119456780719837 ),
 .UNSPECIFIED. ) 
 CURVE ( )  GEOMETRIC_REPRESENTATION_ITEM ( )  RATIONAL_B_SPLINE_CURVE ( ( 1.000000000000000000, 0.8794346961926610140, 0.8794346961926610140, 1.000000000000000000 ) ) 
 REPRESENTATION_ITEM ( '' )  );
#7993 = EDGE_LOOP ( 'NONE', ( #428, #2209, #4920, #7363 ) ) ;
#7994 = PLANE ( 'NONE',  #4243 ) ;
#7995 = EDGE_CURVE ( 'NONE', #4599, #3935, #5067, .T. ) ;
#7996 = PRESENTATION_LAYER_ASSIGNMENT (  '', '', ( #1260 ) ) ;
#7997 = SURFACE_SIDE_STYLE ('',( #5364 ) ) ;
#7998 = DIMENSIONAL_EXPONENTS ( 1.000000000000000000, 0.0000000000000000000, 0.0000000000000000000, 0.0000000000000000000, 0.0000000000000000000, 0.0000000000000000000, 0.0000000000000000000 ) ;
#7999 = EDGE_CURVE ( 'NONE', #3559, #2747, #3069, .T. ) ;
#8000 = LENGTH_MEASURE_WITH_UNIT ( LENGTH_MEASURE( 0.02539999999999999897 ), #6745 );
#8001 = MECHANICAL_DESIGN_GEOMETRIC_PRESENTATION_REPRESENTATION (  '', ( #1398 ), #2710 ) ;
#8002 =( NAMED_UNIT ( * ) SI_UNIT ( $, .STERADIAN. ) SOLID_ANGLE_UNIT ( ) );
#8003 = UNCERTAINTY_MEASURE_WITH_UNIT (LENGTH_MEASURE( 1.000000000000000082E-05 ), #2463, 'distance_accuracy_value', 'NONE');
#8004 = ORIENTED_EDGE ( 'NONE', *, *, #2437, .T. ) ;
#8005 = DIRECTION ( 'NONE',  ( -0.0000000000000000000, 1.000000000000000000, 0.0000000000000000000 ) ) ;
#8006 = EDGE_CURVE ( 'NONE', #7093, #176, #3805, .T. ) ;
#8007 = CARTESIAN_POINT ( 'NONE',  ( 0.1431733283613561003, 0.001968503937007873988, 0.01181102362204724393 ) ) ;
#8008 = FILL_AREA_STYLE_COLOUR ( '', #4213 ) ;
#8009 = LINE ( 'NONE', #3807, #8421 ) ;
#8010 = ORIENTED_EDGE ( 'NONE', *, *, #4859, .T. ) ;
#8011 = AXIS2_PLACEMENT_3D ( 'NONE', #1031, #3647, #7718 ) ;
#8012 = EDGE_CURVE ( 'NONE', #8338, #6055, #2956, .T. ) ;
#8013 = ADVANCED_FACE ( 'NONE', ( #1821 ), #3853, .F. ) ;
#8014 = FILL_AREA_STYLE ('',( #6008 ) ) ;
#8015 =( CONVERSION_BASED_UNIT ( 'INCH', #6630 ) LENGTH_UNIT ( ) NAMED_UNIT ( #5691 ) );
#8016 = PLANE ( 'NONE',  #5114 ) ;
#8017 = SURFACE_SIDE_STYLE ('',( #3217 ) ) ;
#8018 = ORIENTED_EDGE ( 'NONE', *, *, #4898, .F. ) ;
#8019 = LINE ( 'NONE', #5169, #8138 ) ;
#8020 = ORIENTED_EDGE ( 'NONE', *, *, #4788, .T. ) ;
#8021 =( NAMED_UNIT ( * ) PLANE_ANGLE_UNIT ( ) SI_UNIT ( $, .RADIAN. ) );
#8022 = VECTOR ( 'NONE', #5075, 39.37007874015748143 ) ;
#8023 = DIRECTION ( 'NONE',  ( -0.3236155771181853935, 0.8891264907159878161, -0.3236155771181853935 ) ) ;
#8024 = FILL_AREA_STYLE_COLOUR ( '', #7472 ) ;
#8025 = CARTESIAN_POINT ( 'NONE',  ( -0.1102370375520064921, 0.03149606299212598381, 0.06496062992125983815 ) ) ;
#8026 = CARTESIAN_POINT ( 'NONE',  ( 0.1102370375520062978, 0.03149606299212598381, -0.01968503937007873988 ) ) ;
#8027 = CARTESIAN_POINT ( 'NONE',  ( -0.1431733283613561003, 0.003937007874015747977, 0.01181102362204724393 ) ) ;
#8028 =( GEOMETRIC_REPRESENTATION_CONTEXT ( 3 ) GLOBAL_UNCERTAINTY_ASSIGNED_CONTEXT ( ( #1669 ) ) GLOBAL_UNIT_ASSIGNED_CONTEXT ( ( #4055, #3374, #2529 ) ) REPRESENTATION_CONTEXT ( 'NONE', 'WORKASPACE' ) );
#8029 = VERTEX_POINT ( 'NONE', #7912 ) ;
#8030 = DIRECTION ( 'NONE',  ( 0.0000000000000000000, 0.0000000000000000000, 1.000000000000000000 ) ) ;
#8031 = SPHERICAL_SURFACE ( 'NONE', #536, 0.003937007874015747977 ) ;
#8032 = ORIENTED_EDGE ( 'NONE', *, *, #4573, .F. ) ;
#8033 = SURFACE_STYLE_USAGE ( .BOTH. , #2575 ) ;
#8034 = UNCERTAINTY_MEASURE_WITH_UNIT (LENGTH_MEASURE( 1.000000000000000082E-05 ), #5046, 'distance_accuracy_value', 'NONE');
#8035 = LINE ( 'NONE', #1138, #2132 ) ;
#8036 = ORIENTED_EDGE ( 'NONE', *, *, #2695, .T. ) ;
#8037 = SURFACE_STYLE_USAGE ( .BOTH. , #540 ) ;
#8038 =( CONVERSION_BASED_UNIT ( 'INCH', #8785 ) LENGTH_UNIT ( ) NAMED_UNIT ( #1276 ) );
#8039 = STYLED_ITEM ( 'NONE', ( #5615 ), #5492 ) ;
#8040 = VERTEX_POINT ( 'NONE', #3206 ) ;
#8041 = DIMENSIONAL_EXPONENTS ( 1.000000000000000000, 0.0000000000000000000, 0.0000000000000000000, 0.0000000000000000000, 0.0000000000000000000, 0.0000000000000000000, 0.0000000000000000000 ) ;
#8042 = PRESENTATION_LAYER_ASSIGNMENT (  '', '', ( #3174 ) ) ;
#8043 = DIRECTION ( 'NONE',  ( -1.000000000000000000, 5.312590645178966993E-15, 0.0000000000000000000 ) ) ;
#8044 = UNCERTAINTY_MEASURE_WITH_UNIT (LENGTH_MEASURE( 1.000000000000000082E-05 ), #6605, 'distance_accuracy_value', 'NONE');
#8045 = COLOUR_RGB ( '',0.7686274509803920907, 0.7686274509803920907, 0.7686274509803920907 ) ;
#8046 = AXIS2_PLACEMENT_3D ( 'NONE', #7907, #373, #1903 ) ;
#8047 = CARTESIAN_POINT ( 'NONE',  ( -0.1200787401574803237, 0.01574803149606299191, 0.04724409448818897572 ) ) ;
#8048 = DIRECTION ( 'NONE',  ( -1.000000000000000000, 0.0000000000000000000, 0.0000000000000000000 ) ) ;
#8049 = VERTEX_POINT ( 'NONE', #7297 ) ;
#8050 = CARTESIAN_POINT ( 'NONE',  ( 0.04921259842519685318, 0.09448818897637795144, -0.01771653543307086937 ) ) ;
#8051 = STYLED_ITEM ( 'NONE', ( #3950 ), #123 ) ;
#8052 = AXIS2_PLACEMENT_3D ( 'NONE', #3362, #364, #3999 ) ;
#8053 = CARTESIAN_POINT ( 'NONE',  ( -0.1200787401574803237, 0.01968503937007873988, -0.06496062992125983815 ) ) ;
#8054 = DIRECTION ( 'NONE',  ( 0.0000000000000000000, 0.0000000000000000000, -1.000000000000000000 ) ) ;
#8055 = ADVANCED_FACE ( 'NONE', ( #5952 ), #7768, .T. ) ;
#8056 = DIRECTION ( 'NONE',  ( 1.000000000000000000, 0.0000000000000000000, 0.0000000000000000000 ) ) ;
#8057 = CARTESIAN_POINT ( 'NONE',  ( 0.0000000000000000000, 0.06299212598425196763, 0.0000000000000000000 ) ) ;
#8058 = DIMENSIONAL_EXPONENTS ( 1.000000000000000000, 0.0000000000000000000, 0.0000000000000000000, 0.0000000000000000000, 0.0000000000000000000, 0.0000000000000000000, 0.0000000000000000000 ) ;
#8059 = LENGTH_MEASURE_WITH_UNIT ( LENGTH_MEASURE( 0.02539999999999999897 ), #7345 );
#8060 = ADVANCED_FACE ( 'NONE', ( #8399 ), #4420, .T. ) ;
#8061 = ORIENTED_EDGE ( 'NONE', *, *, #7224, .F. ) ;
#8062 =( CONVERSION_BASED_UNIT ( 'INCH', #1915 ) LENGTH_UNIT ( ) NAMED_UNIT ( #530 ) );
#8063 = ORIENTED_EDGE ( 'NONE', *, *, #3753, .F. ) ;
#8064 = LINE ( 'NONE', #8731, #3725 ) ;
#8065 = DIRECTION ( 'NONE',  ( -0.0000000000000000000, 1.000000000000000000, 0.0000000000000000000 ) ) ;
#8066 = CARTESIAN_POINT ( 'NONE',  ( -0.08617334877031732066, 0.07086614173228347746, 0.03892925428212862249 ) ) ;
#8067 = CARTESIAN_POINT ( 'NONE',  ( 0.04724409448818897572, 0.06299212598425196763, -0.02066929133858268208 ) ) ;
#8068 = SURFACE_SIDE_STYLE ('',( #4814 ) ) ;
#8069 = ORIENTED_EDGE ( 'NONE', *, *, #7630, .F. ) ;
#8070 = ORIENTED_EDGE ( 'NONE', *, *, #2805, .T. ) ;
#8071 = VERTEX_POINT ( 'NONE', #7058 ) ;
#8072 = DIRECTION ( 'NONE',  ( 0.0000000000000000000, 1.000000000000000000, 0.0000000000000000000 ) ) ;
#8073 = MECHANICAL_DESIGN_GEOMETRIC_PRESENTATION_REPRESENTATION (  '', ( #7070 ), #6503 ) ;
#8074 = COLOUR_RGB ( '',0.7686274509803920907, 0.7686274509803920907, 0.7686274509803920907 ) ;
#8075 = DIRECTION ( 'NONE',  ( 0.0000000000000000000, 0.0000000000000000000, -1.000000000000000000 ) ) ;
#8076 = FILL_AREA_STYLE ('',( #6071 ) ) ;
#8077 = CARTESIAN_POINT ( 'NONE',  ( -0.1265117110087226326, 0.01507924023197730438, 0.01181102362204724393 ) ) ;
#8078 =( LENGTH_UNIT ( ) NAMED_UNIT ( * ) SI_UNIT ( $, .METRE. ) );
#8079 =( GEOMETRIC_REPRESENTATION_CONTEXT ( 3 ) GLOBAL_UNCERTAINTY_ASSIGNED_CONTEXT ( ( #8180 ) ) GLOBAL_UNIT_ASSIGNED_CONTEXT ( ( #1871, #1234, #8091 ) ) REPRESENTATION_CONTEXT ( 'NONE', 'WORKASPACE' ) );
#8080 = ORIENTED_EDGE ( 'NONE', *, *, #5008, .F. ) ;
#8081 = CARTESIAN_POINT ( 'NONE',  ( 0.0000000000000000000, 0.07086614173228347746, 0.0000000000000000000 ) ) ;
#8082 = CYLINDRICAL_SURFACE ( 'NONE', #1624, 0.001968503937007879193 ) ;
#8083 =( NAMED_UNIT ( * ) SI_UNIT ( $, .STERADIAN. ) SOLID_ANGLE_UNIT ( ) );
#8084 = PRESENTATION_STYLE_ASSIGNMENT (( #3890 ) ) ;
#8085 = EDGE_LOOP ( 'NONE', ( #4587, #4628, #8650, #6733, #2931 ) ) ;
#8086 = SURFACE_STYLE_FILL_AREA ( #8632 ) ;
#8087 = VECTOR ( 'NONE', #8648, 39.37007874015748143 ) ;
#8088 = STYLED_ITEM ( 'NONE', ( #776 ), #1097 ) ;
#8089 = COLOUR_RGB ( '',0.2980392156862745057, 0.2980392156862745057, 0.2980392156862745057 ) ;
#8090 = DIMENSIONAL_EXPONENTS ( 1.000000000000000000, 0.0000000000000000000, 0.0000000000000000000, 0.0000000000000000000, 0.0000000000000000000, 0.0000000000000000000, 0.0000000000000000000 ) ;
#8091 =( NAMED_UNIT ( * ) SI_UNIT ( $, .STERADIAN. ) SOLID_ANGLE_UNIT ( ) );
#8092 = LINE ( 'NONE', #1910, #6453 ) ;
#8093 = CARTESIAN_POINT ( 'NONE',  ( 0.1431733283613561003, 0.001968503937007873988, 0.01181102362204724393 ) ) ;
#8094 = SURFACE_SIDE_STYLE ('',( #473 ) ) ;
#8095 = AXIS2_PLACEMENT_3D ( 'NONE', #3110, #912, #8533 ) ;
#8096 = STYLED_ITEM ( 'NONE', ( #147 ), #7416 ) ;
#8097 = MECHANICAL_DESIGN_GEOMETRIC_PRESENTATION_REPRESENTATION (  '', ( #8807 ), #1091 ) ;
#8098 = LINE ( 'NONE', #4667, #4926 ) ;
#8099 = ORIENTED_EDGE ( 'NONE', *, *, #6907, .F. ) ;
#8100 = FILL_AREA_STYLE_COLOUR ( '', #4873 ) ;
#8101 = ADVANCED_FACE ( 'NONE', ( #910 ), #5055, .T. ) ;
#8102 = ORIENTED_EDGE ( 'NONE', *, *, #8216, .F. ) ;
#8103 = CARTESIAN_POINT ( 'NONE',  ( -0.1316260342594181287, 0.01212648432646549340, 0.01181102362204724393 ) ) ;
#8104 =( GEOMETRIC_REPRESENTATION_CONTEXT ( 3 ) GLOBAL_UNCERTAINTY_ASSIGNED_CONTEXT ( ( #1095 ) ) GLOBAL_UNIT_ASSIGNED_CONTEXT ( ( #2623, #2708, #2541 ) ) REPRESENTATION_CONTEXT ( 'NONE', 'WORKASPACE' ) );
#8105 = CIRCLE ( 'NONE', #4244, 0.003937007874015749712 ) ;
#8106 = ADVANCED_FACE ( 'NONE', ( #501 ), #3194, .T. ) ;
#8107 = PRESENTATION_LAYER_ASSIGNMENT (  '', '', ( #4698 ) ) ;
#8108 = AXIS2_PLACEMENT_3D ( 'NONE', #5186, #1705, #328 ) ;
#8109 = CARTESIAN_POINT ( 'NONE',  ( 0.08617334877031732066, 0.06692913385826770867, 0.03892925428212862249 ) ) ;
#8110 = EDGE_CURVE ( 'NONE', #5575, #3935, #6030, .T. ) ;
#8111 = PRESENTATION_STYLE_ASSIGNMENT (( #8696 ) ) ;
#8112 = DIRECTION ( 'NONE',  ( -1.000000000000000000, 0.0000000000000000000, 0.0000000000000000000 ) ) ;
#8113 = DIRECTION ( 'NONE',  ( -0.3236155771181829510, -0.8891264907159888153, -0.3236155771181854490 ) ) ;
#8114 = SURFACE_SIDE_STYLE ('',( #3749 ) ) ;
#8115 =( GEOMETRIC_REPRESENTATION_CONTEXT ( 3 ) GLOBAL_UNCERTAINTY_ASSIGNED_CONTEXT ( ( #5102 ) ) GLOBAL_UNIT_ASSIGNED_CONTEXT ( ( #3292, #404, #8123 ) ) REPRESENTATION_CONTEXT ( 'NONE', 'WORKASPACE' ) );
#8116 = MECHANICAL_DESIGN_GEOMETRIC_PRESENTATION_REPRESENTATION (  '', ( #1791 ), #5807 ) ;
#8117 =( LENGTH_UNIT ( ) NAMED_UNIT ( * ) SI_UNIT ( $, .METRE. ) );
#8118 = ORIENTED_EDGE ( 'NONE', *, *, #12, .F. ) ;
#8119 = CARTESIAN_POINT ( 'NONE',  ( 0.09801490858492194203, 0.03149606299212600463, -0.05077081409673312590 ) ) ;
#8120 = ADVANCED_FACE ( 'NONE', ( #8579 ), #3382, .T. ) ;
#8121 = ORIENTED_EDGE ( 'NONE', *, *, #5393, .F. ) ;
#8122 = DIMENSIONAL_EXPONENTS ( 1.000000000000000000, 0.0000000000000000000, 0.0000000000000000000, 0.0000000000000000000, 0.0000000000000000000, 0.0000000000000000000, 0.0000000000000000000 ) ;
#8123 =( NAMED_UNIT ( * ) SI_UNIT ( $, .STERADIAN. ) SOLID_ANGLE_UNIT ( ) );
#8124 = UNCERTAINTY_MEASURE_WITH_UNIT (LENGTH_MEASURE( 1.000000000000000082E-05 ), #8786, 'distance_accuracy_value', 'NONE');
#8125 = MECHANICAL_DESIGN_GEOMETRIC_PRESENTATION_REPRESENTATION (  '', ( #6129 ), #4849 ) ;
#8127 = CARTESIAN_POINT ( 'NONE',  ( -0.1122047244094488277, 0.0000000000000000000, -0.07283464566929134798 ) ) ;
#8126 = AXIS2_PLACEMENT_3D ( 'NONE', #1708, #7689, #2356 ) ;
#8128 = EDGE_CURVE ( 'NONE', #4734, #394, #1096, .T. ) ;
#8129 = DIRECTION ( 'NONE',  ( -1.000000000000000000, 0.0000000000000000000, 0.0000000000000000000 ) ) ;
#8130 = DIRECTION ( 'NONE',  ( -0.3236155771181850049, -0.8891264907159880382, 0.3236155771181855045 ) ) ;
#8131 = FILL_AREA_STYLE_COLOUR ( '', #3686 ) ;
#8132 =( GEOMETRIC_REPRESENTATION_CONTEXT ( 3 ) GLOBAL_UNCERTAINTY_ASSIGNED_CONTEXT ( ( #131 ) ) GLOBAL_UNIT_ASSIGNED_CONTEXT ( ( #3434, #2834, #3607 ) ) REPRESENTATION_CONTEXT ( 'NONE', 'WORKASPACE' ) );
#8133 =( NAMED_UNIT ( * ) PLANE_ANGLE_UNIT ( ) SI_UNIT ( $, .RADIAN. ) );
#8134 = ORIENTED_EDGE ( 'NONE', *, *, #834, .T. ) ;
#8135 = PRESENTATION_STYLE_ASSIGNMENT (( #4746 ) ) ;
#8136 = UNCERTAINTY_MEASURE_WITH_UNIT (LENGTH_MEASURE( 1.000000000000000082E-05 ), #6766, 'distance_accuracy_value', 'NONE');
#8137 = CYLINDRICAL_SURFACE ( 'NONE', #697, 0.003937007874015741038 ) ;
#8138 = VECTOR ( 'NONE', #8638, 39.37007874015748854 ) ;
#8139 = CARTESIAN_POINT ( 'NONE',  ( -0.1003937007874015908, 0.04330708661417323468, -0.05590632889058937127 ) ) ;
#8140 = CARTESIAN_POINT ( 'NONE',  ( -0.1031504233787781388, 0.03937007874015747977, 0.04850717439621220206 ) ) ;
#8141 = ORIENTED_EDGE ( 'NONE', *, *, #5174, .F. ) ;
#8142 = CARTESIAN_POINT ( 'NONE',  ( 0.09299454629302401909, 0.03667700674546717221, 0.05314960629921260116 ) ) ;
#8143 = AXIS2_PLACEMENT_3D ( 'NONE', #5609, #2812, #4895 ) ;
#8144 = SURFACE_SIDE_STYLE ('',( #4030 ) ) ;
#8145 = LINE ( 'NONE', #8849, #7465 ) ;
#8146 = LINE ( 'NONE', #4333, #6195 ) ;
#8147 = SURFACE_SIDE_STYLE ('',( #2090 ) ) ;
#8148 = LENGTH_MEASURE_WITH_UNIT ( LENGTH_MEASURE( 0.02539999999999999897 ), #7483 );
#8149 = AXIS2_PLACEMENT_3D ( 'NONE', #6372, #8462, #4490 ) ;
#8150 = EDGE_LOOP ( 'NONE', ( #5528, #1460, #5892, #7653 ) ) ;
#8151 = VERTEX_POINT ( 'NONE', #2706 ) ;
#8152 = CARTESIAN_POINT ( 'NONE',  ( -0.1122047244094488277, 0.0000000000000000000, -0.06496062992125983815 ) ) ;
#8153 = SURFACE_SIDE_STYLE ('',( #4077 ) ) ;
#8154 =( LENGTH_UNIT ( ) NAMED_UNIT ( * ) SI_UNIT ( $, .METRE. ) );
#8156 = EDGE_CURVE ( 'NONE', #2824, #7361, #4120, .T. ) ;
#8155 = FILL_AREA_STYLE_COLOUR ( '', #2483 ) ;
#8157 = DIMENSIONAL_EXPONENTS ( 1.000000000000000000, 0.0000000000000000000, 0.0000000000000000000, 0.0000000000000000000, 0.0000000000000000000, 0.0000000000000000000, 0.0000000000000000000 ) ;
#8158 = PLANE ( 'NONE',  #7408 ) ;
#8159 = VERTEX_POINT ( 'NONE', #726 ) ;
#8160 = DIRECTION ( 'NONE',  ( 0.0000000000000000000, 0.0000000000000000000, 1.000000000000000000 ) ) ;
#8161 = ORIENTED_EDGE ( 'NONE', *, *, #6792, .F. ) ;
#8162 = EDGE_LOOP ( 'NONE', ( #5833, #3601, #7339, #4532 ) ) ;
#8163 = APPLICATION_CONTEXT ( 'automotive_design' ) ;
#8164 = FILL_AREA_STYLE ('',( #6653 ) ) ;
#8165 = CARTESIAN_POINT ( 'NONE',  ( 0.08987292601750590526, 0.06827566985561278612, 0.03892925428212862249 ) ) ;
#8166 = LINE ( 'NONE', #2022, #1090 ) ;
#8167 = LINE ( 'NONE', #724, #2635 ) ;
#8168 = ADVANCED_FACE ( 'NONE', ( #3480 ), #5410, .T. ) ;
#8169 = CIRCLE ( 'NONE', #1010, 0.003937007874015749712 ) ;
#8170 = LINE ( 'NONE', #4831, #6260 ) ;
#8171 = ADVANCED_FACE ( 'NONE', ( #6781 ), #4058, .F. ) ;
#8172 = ORIENTED_EDGE ( 'NONE', *, *, #4857, .F. ) ;
#8173 = EDGE_CURVE ( 'NONE', #7524, #6771, #7091, .T. ) ;
#8174 = CARTESIAN_POINT ( 'NONE',  ( -0.1200787401574803237, 0.01968503937007873988, -0.05118110236220473064 ) ) ;
#8175 = DIMENSIONAL_EXPONENTS ( 1.000000000000000000, 0.0000000000000000000, 0.0000000000000000000, 0.0000000000000000000, 0.0000000000000000000, 0.0000000000000000000, 0.0000000000000000000 ) ;
#8176 =( NAMED_UNIT ( * ) PLANE_ANGLE_UNIT ( ) SI_UNIT ( $, .RADIAN. ) );
#8177 = VECTOR ( 'NONE', #3905, 39.37007874015748143 ) ;
#8178 = DIRECTION ( 'NONE',  ( 0.0000000000000000000, 0.0000000000000000000, 1.000000000000000000 ) ) ;
#8179 = COLOUR_RGB ( '',0.2980392156862745057, 0.2980392156862745057, 0.2980392156862745057 ) ;
#8180 = UNCERTAINTY_MEASURE_WITH_UNIT (LENGTH_MEASURE( 1.000000000000000082E-05 ), #1871, 'distance_accuracy_value', 'NONE');
#8181 = ORIENTED_EDGE ( 'NONE', *, *, #8770, .F. ) ;
#8182 = PRESENTATION_STYLE_ASSIGNMENT (( #1348 ) ) ;
#8183 = SURFACE_STYLE_USAGE ( .BOTH. , #4971 ) ;
#8184 =( GEOMETRIC_REPRESENTATION_CONTEXT ( 3 ) GLOBAL_UNCERTAINTY_ASSIGNED_CONTEXT ( ( #4465 ) ) GLOBAL_UNIT_ASSIGNED_CONTEXT ( ( #4078, #8326, #167 ) ) REPRESENTATION_CONTEXT ( 'NONE', 'WORKASPACE' ) );
#8185 = DIRECTION ( 'NONE',  ( 0.0000000000000000000, -1.000000000000000000, 0.0000000000000000000 ) ) ;
#8186 = DIRECTION ( 'NONE',  ( 1.000000000000000000, 0.0000000000000000000, 0.0000000000000000000 ) ) ;
#8187 =( CONVERSION_BASED_UNIT ( 'INCH', #4032 ) LENGTH_UNIT ( ) NAMED_UNIT ( #6103 ) );
#8188 = PRESENTATION_LAYER_ASSIGNMENT (  '', '', ( #2885 ) ) ;
#8189 = FILL_AREA_STYLE_COLOUR ( '', #472 ) ;
#8190 = ORIENTED_EDGE ( 'NONE', *, *, #7739, .F. ) ;
#8191 = CARTESIAN_POINT ( 'NONE',  ( 0.1122047244094488277, 0.0000000000000000000, -0.07283464566929134798 ) ) ;
#8192 = ORIENTED_EDGE ( 'NONE', *, *, #6146, .T. ) ;
#8193 = DIMENSIONAL_EXPONENTS ( 1.000000000000000000, 0.0000000000000000000, 0.0000000000000000000, 0.0000000000000000000, 0.0000000000000000000, 0.0000000000000000000, 0.0000000000000000000 ) ;
#8194 = CARTESIAN_POINT ( 'NONE',  ( -0.1200787401574803237, 0.01574803149606299191, 0.04724409448818897572 ) ) ;
#8195 = PRESENTATION_LAYER_ASSIGNMENT (  '', '', ( #5616 ) ) ;
#8196 = DIRECTION ( 'NONE',  ( 1.000000000000000000, 0.0000000000000000000, 0.0000000000000000000 ) ) ;
#8197 = DIRECTION ( 'NONE',  ( -1.000000000000000000, 0.0000000000000000000, 0.0000000000000000000 ) ) ;
#8198 = CARTESIAN_POINT ( 'NONE',  ( -0.1431733283613561003, -0.001968503937007873988, 0.01181102362204724393 ) ) ;
#8199 = ORIENTED_EDGE ( 'NONE', *, *, #1811, .F. ) ;
#8200 = ORIENTED_EDGE ( 'NONE', *, *, #3339, .F. ) ;
#8201 = DIRECTION ( 'NONE',  ( 0.0000000000000000000, -1.000000000000000000, 0.0000000000000000000 ) ) ;
#8202 = ORIENTED_EDGE ( 'NONE', *, *, #1415, .T. ) ;
#8203 = CARTESIAN_POINT ( 'NONE',  ( 0.1200787401574803237, -0.009085487128351082964, -0.01968503937007873988 ) ) ;
#8204 =( NAMED_UNIT ( * ) SI_UNIT ( $, .STERADIAN. ) SOLID_ANGLE_UNIT ( ) );
#8205 = SURFACE_SIDE_STYLE ('',( #1292 ) ) ;
#8206 = DIRECTION ( 'NONE',  ( 2.385244779468110070E-14, 0.0000000000000000000, 1.000000000000000000 ) ) ;
#8207 = CARTESIAN_POINT ( 'NONE',  ( 0.1200787401574803237, 0.01968503937007873988, -0.07283464566929134798 ) ) ;
#8208 = CARTESIAN_POINT ( 'NONE',  ( -0.1200787401574803237, 0.01901624810599303328, 0.01181102362204724393 ) ) ;
#8209 = STYLED_ITEM ( 'NONE', ( #7066 ), #225 ) ;
#8210 = DIRECTION ( 'NONE',  ( -2.344220913482170177E-16, 0.0000000000000000000, -1.000000000000000000 ) ) ;
#8211 = FILL_AREA_STYLE_COLOUR ( '', #7696 ) ;
#8212 = VERTEX_POINT ( 'NONE', #4411 ) ;
#8213 = DIMENSIONAL_EXPONENTS ( 1.000000000000000000, 0.0000000000000000000, 0.0000000000000000000, 0.0000000000000000000, 0.0000000000000000000, 0.0000000000000000000, 0.0000000000000000000 ) ;
#8214 = DIRECTION ( 'NONE',  ( 1.000000000000000000, 0.0000000000000000000, 0.0000000000000000000 ) ) ;
#8215 = STYLED_ITEM ( 'NONE', ( #6134 ), #336 ) ;
#8216 = EDGE_CURVE ( 'NONE', #2248, #80, #973, .T. ) ;
#8217 = UNCERTAINTY_MEASURE_WITH_UNIT (LENGTH_MEASURE( 1.000000000000000082E-05 ), #5086, 'distance_accuracy_value', 'NONE');
#8218 = DIRECTION ( 'NONE',  ( 0.0000000000000000000, 2.500725966324115107E-15, 1.000000000000000000 ) ) ;
#8219 = FACE_BOUND ( 'NONE', #2512, .T. ) ;
#8220 = ADVANCED_FACE ( 'NONE', ( #6339 ), #1569, .T. ) ;
#8221 = EDGE_CURVE ( 'NONE', #6487, #4385, #5139, .T. ) ;
#8222 = SURFACE_STYLE_USAGE ( .BOTH. , #1394 ) ;
#8223 = MECHANICAL_DESIGN_GEOMETRIC_PRESENTATION_REPRESENTATION (  '', ( #2779 ), #6936 ) ;
#8224 = ORIENTED_EDGE ( 'NONE', *, *, #6276, .T. ) ;
#8225 =( NAMED_UNIT ( * ) PLANE_ANGLE_UNIT ( ) SI_UNIT ( $, .RADIAN. ) );
#8226 = AXIS2_PLACEMENT_3D ( 'NONE', #976, #1061, #2985 ) ;
#8227 = AXIS2_PLACEMENT_3D ( 'NONE', #4810, #7657, #2731 ) ;
#8228 =( NAMED_UNIT ( * ) SI_UNIT ( $, .STERADIAN. ) SOLID_ANGLE_UNIT ( ) );
#8229 = CARTESIAN_POINT ( 'NONE',  ( -0.1200787401574803237, 0.0000000000000000000, -0.07283464566929134798 ) ) ;
#8230 = ADVANCED_FACE ( 'NONE', ( #7797 ), #5709, .F. ) ;
#8231 = DIRECTION ( 'NONE',  ( 1.000000000000000000, 0.0000000000000000000, 0.0000000000000000000 ) ) ;
#8232 = DIMENSIONAL_EXPONENTS ( 1.000000000000000000, 0.0000000000000000000, 0.0000000000000000000, 0.0000000000000000000, 0.0000000000000000000, 0.0000000000000000000, 0.0000000000000000000 ) ;
#8233 =( CONVERSION_BASED_UNIT ( 'INCH', #1448 ) LENGTH_UNIT ( ) NAMED_UNIT ( #7424 ) );
#8234 = MECHANICAL_DESIGN_GEOMETRIC_PRESENTATION_REPRESENTATION (  '', ( #4371 ), #5104 ) ;
#8235 = AXIS2_PLACEMENT_3D ( 'NONE', #7949, #6036, #1148 ) ;
#8236 = AXIS2_PLACEMENT_3D ( 'NONE', #5782, #7832, #3636 ) ;
#8237 = FACE_OUTER_BOUND ( 'NONE', #452, .T. ) ;
#8238 = ORIENTED_EDGE ( 'NONE', *, *, #4662, .T. ) ;
#8239 = LENGTH_MEASURE_WITH_UNIT ( LENGTH_MEASURE( 0.02539999999999999897 ), #5340 );
#8240 = EDGE_LOOP ( 'NONE', ( #2429, #6537, #3532, #6401 ) ) ;
#8241 = PLANE ( 'NONE',  #7737 ) ;
#8242 = PRESENTATION_LAYER_ASSIGNMENT (  '', '', ( #2937 ) ) ;
#8243 =( GEOMETRIC_REPRESENTATION_CONTEXT ( 3 ) GLOBAL_UNCERTAINTY_ASSIGNED_CONTEXT ( ( #3646 ) ) GLOBAL_UNIT_ASSIGNED_CONTEXT ( ( #2628, #5858, #8586 ) ) REPRESENTATION_CONTEXT ( 'NONE', 'WORKASPACE' ) );
#8244 = VECTOR ( 'NONE', #1317, 39.37007874015748143 ) ;
#8245 = PLANE ( 'NONE',  #1173 ) ;
#8246 = DIRECTION ( 'NONE',  ( -2.628368902995160053E-16, 0.0000000000000000000, -1.000000000000000000 ) ) ;
#8247 = PLANE ( 'NONE',  #3809 ) ;
#8248 = CARTESIAN_POINT ( 'NONE',  ( 0.1200787401574803237, 0.01507924023197730438, 0.01181102362204724393 ) ) ;
#8249 = PLANE ( 'NONE',  #6690 ) ;
#8250 = VERTEX_POINT ( 'NONE', #1890 ) ;
#8251 = EDGE_LOOP ( 'NONE', ( #1846, #3356, #5004, #4805, #4001, #3395, #159 ) ) ;
#8252 = PRESENTATION_LAYER_ASSIGNMENT (  '', '', ( #5405 ) ) ;
#8253 =( LENGTH_UNIT ( ) NAMED_UNIT ( * ) SI_UNIT ( $, .METRE. ) );
#8254 = VECTOR ( 'NONE', #6724, 39.37007874015748143 ) ;
#8255 = AXIS2_PLACEMENT_3D ( 'NONE', #3012, #4417, #2311 ) ;
#8256 = ORIENTED_EDGE ( 'NONE', *, *, #5924, .F. ) ;
#8257 =( NAMED_UNIT ( * ) PLANE_ANGLE_UNIT ( ) SI_UNIT ( $, .RADIAN. ) );
#8258 = ORIENTED_EDGE ( 'NONE', *, *, #5602, .F. ) ;
#8259 = FILL_AREA_STYLE_COLOUR ( '', #5595 ) ;
#8260 = DIRECTION ( 'NONE',  ( 0.0000000000000000000, 1.606225440719264641E-16, -1.000000000000000000 ) ) ;
#8261 = PLANE ( 'NONE',  #8745 ) ;
#8262 = PRESENTATION_STYLE_ASSIGNMENT (( #2781 ) ) ;
#8263 = MECHANICAL_DESIGN_GEOMETRIC_PRESENTATION_REPRESENTATION (  '', ( #8269 ), #6699 ) ;
#8264 = COLOUR_RGB ( '',1.000000000000000000, 1.000000000000000000, 1.000000000000000000 ) ;
#8265 = CARTESIAN_POINT ( 'NONE',  ( 0.1102370375520064921, 0.03937007874015747977, 0.01968503937007873988 ) ) ;
#8266 = LENGTH_MEASURE_WITH_UNIT ( LENGTH_MEASURE( 0.02539999999999999897 ), #6915 );
#8267 = ORIENTED_EDGE ( 'NONE', *, *, #8715, .T. ) ;
#8268 = FACE_OUTER_BOUND ( 'NONE', #705, .T. ) ;
#8269 = STYLED_ITEM ( 'NONE', ( #3164 ), #8013 ) ;
#8270 =( NAMED_UNIT ( * ) PLANE_ANGLE_UNIT ( ) SI_UNIT ( $, .RADIAN. ) );
#8271 = DIRECTION ( 'NONE',  ( 1.000000000000000000, 0.0000000000000000000, 0.0000000000000000000 ) ) ;
#8272 = DIRECTION ( 'NONE',  ( -2.168404344971015179E-15, 0.0000000000000000000, -1.000000000000000000 ) ) ;
#8273 =( GEOMETRIC_REPRESENTATION_CONTEXT ( 3 ) GLOBAL_UNCERTAINTY_ASSIGNED_CONTEXT ( ( #3470 ) ) GLOBAL_UNIT_ASSIGNED_CONTEXT ( ( #2490, #1805, #2071 ) ) REPRESENTATION_CONTEXT ( 'NONE', 'WORKASPACE' ) );
#8274 = CARTESIAN_POINT ( 'NONE',  ( -0.09575126888440081696, 0.03937007874015747977, 0.05590632889058937127 ) ) ;
#8275 = VERTEX_POINT ( 'NONE', #3834 ) ;
#8276 = FILL_AREA_STYLE_COLOUR ( '', #7097 ) ;
#8277 = STYLED_ITEM ( 'NONE', ( #5588 ), #8171 ) ;
#8278 = DIMENSIONAL_EXPONENTS ( 1.000000000000000000, 0.0000000000000000000, 0.0000000000000000000, 0.0000000000000000000, 0.0000000000000000000, 0.0000000000000000000, 0.0000000000000000000 ) ;
#8279 = CYLINDRICAL_SURFACE ( 'NONE', #1739, 0.01181102362204724046 ) ;
#8280 = EDGE_CURVE ( 'NONE', #4402, #7158, #4264, .T. ) ;
#8281 = STYLED_ITEM ( 'NONE', ( #5211 ), #8645 ) ;
#8282 =( NAMED_UNIT ( * ) SI_UNIT ( $, .STERADIAN. ) SOLID_ANGLE_UNIT ( ) );
#8283 = VERTEX_POINT ( 'NONE', #7220 ) ;
#8284 = DIRECTION ( 'NONE',  ( -0.0000000000000000000, 1.000000000000000000, 0.0000000000000000000 ) ) ;
#8285 =( BOUNDED_SURFACE ( )  B_SPLINE_SURFACE ( 3, 2, ( 
 ( #3638, #4395, #4439 ),
 ( #1066, #3773, #5830 ),
 ( #310, #5873, #4990 ),
 ( #7834, #1686, #8416 ) ),
 .UNSPECIFIED., .F., .F., .T. ) 
 B_SPLINE_SURFACE_WITH_KNOTS ( ( 4, 4 ),
 ( 3, 3 ),
 ( 5.556410252859889987, 7.009960361499279813 ),
 ( 0.0000000000000000000, 1.000000000000000000 ),
 .UNSPECIFIED. ) 
 GEOMETRIC_REPRESENTATION_ITEM ( )  RATIONAL_B_SPLINE_SURFACE ( (
 ( 1.000000000000000000, 0.8191520442889920206, 1.000000000000000000),
 ( 1.000000000000000000, 0.8650791541936190265, 1.000000000000000000),
 ( 1.000000000000000000, 0.8650791541936170281, 1.000000000000000000),
 ( 1.000000000000000000, 0.8191520442889910214, 1.000000000000000000) ) ) 
 REPRESENTATION_ITEM ( '' )  SURFACE ( )  );
#8286 = ADVANCED_FACE ( 'NONE', ( #402 ), #8031, .T. ) ;
#8287 = VERTEX_POINT ( 'NONE', #7932 ) ;
#8288 = DIRECTION ( 'NONE',  ( -1.000000000000000000, 0.0000000000000000000, 0.0000000000000000000 ) ) ;
#8289 = ADVANCED_FACE ( 'NONE', ( #4639 ), #7422, .T. ) ;
#8291 = SURFACE_STYLE_USAGE ( .BOTH. , #749 ) ;
#8290 = COLOUR_RGB ( '',1.000000000000000000, 1.000000000000000000, 1.000000000000000000 ) ;
#8292 =( NAMED_UNIT ( * ) SI_UNIT ( $, .STERADIAN. ) SOLID_ANGLE_UNIT ( ) );
#8293 = FILL_AREA_STYLE_COLOUR ( '', #8661 ) ;
#8294 = DIRECTION ( 'NONE',  ( 0.0000000000000000000, -1.000000000000000000, 0.0000000000000000000 ) ) ;
#8295 = DIRECTION ( 'NONE',  ( 0.9396926207859082059, 0.3420201433256693790, 0.0000000000000000000 ) ) ;
#8296 = ORIENTED_EDGE ( 'NONE', *, *, #5855, .F. ) ;
#8297 = EDGE_LOOP ( 'NONE', ( #5488, #6558, #1716, #1661 ) ) ;
#8298 = ORIENTED_EDGE ( 'NONE', *, *, #2507, .F. ) ;
#8299 = DIMENSIONAL_EXPONENTS ( 1.000000000000000000, 0.0000000000000000000, 0.0000000000000000000, 0.0000000000000000000, 0.0000000000000000000, 0.0000000000000000000, 0.0000000000000000000 ) ;
#8300 = ORIENTED_EDGE ( 'NONE', *, *, #8325, .F. ) ;
#8301 = STYLED_ITEM ( 'NONE', ( #7314 ), #3695 ) ;
#8302 = UNCERTAINTY_MEASURE_WITH_UNIT (LENGTH_MEASURE( 1.000000000000000082E-05 ), #4113, 'distance_accuracy_value', 'NONE');
#8303 = LINE ( 'NONE', #809, #3873 ) ;
#8304 =( NAMED_UNIT ( * ) SI_UNIT ( $, .STERADIAN. ) SOLID_ANGLE_UNIT ( ) );
#8305 = CARTESIAN_POINT ( 'NONE',  ( 0.08341662617894055054, 0.06299212598425196763, -0.03617253169075181074 ) ) ;
#8306 = PRESENTATION_STYLE_ASSIGNMENT (( #3375 ) ) ;
#8307 = CARTESIAN_POINT ( 'NONE',  ( 0.1122047244094488277, 0.0000000000000000000, -0.04724409448818897572 ) ) ;
#8308 = CARTESIAN_POINT ( 'NONE',  ( 0.1431733283613561003, -0.001968503937007873988, 0.01181102362204724393 ) ) ;
#8309 = EDGE_LOOP ( 'NONE', ( #4642, #3993, #2992, #1990 ) ) ;
#8310 = CARTESIAN_POINT ( 'NONE',  ( 0.04527559055118110520, 0.06299212598425196763, 0.02559055118110236532 ) ) ;
#8311 = AXIS2_PLACEMENT_3D ( 'NONE', #8764, #1062, #3812 ) ;
#8312 = CARTESIAN_POINT ( 'NONE',  ( 0.0000000000000000000, 0.03149606299212598381, 0.0000000000000000000 ) ) ;
#8313 = FACE_OUTER_BOUND ( 'NONE', #6458, .T. ) ;
#8314 = PRESENTATION_STYLE_ASSIGNMENT (( #1438 ) ) ;
#8315 = FILL_AREA_STYLE ('',( #8400 ) ) ;
#8316 = SURFACE_STYLE_FILL_AREA ( #4149 ) ;
#8317 = FILL_AREA_STYLE_COLOUR ( '', #5099 ) ;
#8318 = CARTESIAN_POINT ( 'NONE',  ( 0.0000000000000000000, 0.03149606299212598381, 0.0000000000000000000 ) ) ;
#8319 = DIRECTION ( 'NONE',  ( 1.000000000000000000, 4.917492902039899224E-17, 0.0000000000000000000 ) ) ;
#8320 = SURFACE_STYLE_USAGE ( .BOTH. , #24 ) ;
#8321 = ORIENTED_EDGE ( 'NONE', *, *, #6004, .T. ) ;
#8322 = DIRECTION ( 'NONE',  ( 0.0000000000000000000, 1.000000000000000000, 0.0000000000000000000 ) ) ;
#8323 = PRESENTATION_LAYER_ASSIGNMENT (  '', '', ( #8039 ) ) ;
#8324 = VERTEX_POINT ( 'NONE', #7360 ) ;
#8325 = EDGE_CURVE ( 'NONE', #5212, #4271, #6921, .T. ) ;
#8326 =( NAMED_UNIT ( * ) PLANE_ANGLE_UNIT ( ) SI_UNIT ( $, .RADIAN. ) );
#8327 = EDGE_CURVE ( 'NONE', #7699, #3669, #8863, .T. ) ;
#8328 = DIRECTION ( 'NONE',  ( -0.3236155771181850049, -0.8891264907159880382, -0.3236155771181855045 ) ) ;
#8329 = CARTESIAN_POINT ( 'NONE',  ( 0.1102370375520062978, 0.03937007874015747977, -0.07874015748031495954 ) ) ;
#8330 = DIRECTION ( 'NONE',  ( -1.000000000000000000, 0.0000000000000000000, 0.0000000000000000000 ) ) ;
#8331 = STYLED_ITEM ( 'NONE', ( #2488 ), #5820 ) ;
#8332 = VECTOR ( 'NONE', #2089, 39.37007874015748143 ) ;
#8333 = EDGE_CURVE ( 'NONE', #6274, #89, #4003, .T. ) ;
#8334 = VERTEX_POINT ( 'NONE', #6731 ) ;
#8335 = ORIENTED_EDGE ( 'NONE', *, *, #8484, .T. ) ;
#8336 = LINE ( 'NONE', #3643, #1254 ) ;
#8337 = ORIENTED_EDGE ( 'NONE', *, *, #5443, .T. ) ;
#8338 = VERTEX_POINT ( 'NONE', #576 ) ;
#8339 = VECTOR ( 'NONE', #2991, 39.37007874015748143 ) ;
#8340 = CIRCLE ( 'NONE', #8760, 0.003937007874015746242 ) ;
#8341 =( NAMED_UNIT ( * ) PLANE_ANGLE_UNIT ( ) SI_UNIT ( $, .RADIAN. ) );
#8342 =( LENGTH_UNIT ( ) NAMED_UNIT ( * ) SI_UNIT ( $, .METRE. ) );
#8343 = CARTESIAN_POINT ( 'NONE',  ( -0.1003937007874015908, 0.03926747862213775253, 0.04480759714902362439 ) ) ;
#8344 = ORIENTED_EDGE ( 'NONE', *, *, #5330, .F. ) ;
#8345 = DIRECTION ( 'NONE',  ( 0.0000000000000000000, 0.0000000000000000000, 1.000000000000000000 ) ) ;
#8346 =( LENGTH_UNIT ( ) NAMED_UNIT ( * ) SI_UNIT ( $, .METRE. ) );
#8347 = CARTESIAN_POINT ( 'NONE',  ( -0.1350355830932151446, 0.01409498826347334657, -0.01181102362204724393 ) ) ;
#8348 = SURFACE_STYLE_USAGE ( .BOTH. , #2174 ) ;
#8349 = UNCERTAINTY_MEASURE_WITH_UNIT (LENGTH_MEASURE( 1.000000000000000082E-05 ), #7745, 'distance_accuracy_value', 'NONE');
#8350 = LENGTH_MEASURE_WITH_UNIT ( LENGTH_MEASURE( 0.02539999999999999897 ), #7692 );
#8351 = CARTESIAN_POINT ( 'NONE',  ( 0.1102370375520062978, 0.04724409448818897572, 0.05511811023622047168 ) ) ;
#8352 = LENGTH_MEASURE_WITH_UNIT ( LENGTH_MEASURE( 0.02539999999999999897 ), #7815 );
#8353 = FACE_OUTER_BOUND ( 'NONE', #6460, .T. ) ;
#8354 = VERTEX_POINT ( 'NONE', #6063 ) ;
#8355 = LINE ( 'NONE', #7068, #6144 ) ;
#8356 = VECTOR ( 'NONE', #3197, 39.37007874015748143 ) ;
#8357 = VERTEX_POINT ( 'NONE', #6823 ) ;
#8358 = DIMENSIONAL_EXPONENTS ( 1.000000000000000000, 0.0000000000000000000, 0.0000000000000000000, 0.0000000000000000000, 0.0000000000000000000, 0.0000000000000000000, 0.0000000000000000000 ) ;
#8359 = FACE_OUTER_BOUND ( 'NONE', #1209, .T. ) ;
#8360 = SURFACE_STYLE_FILL_AREA ( #1598 ) ;
#8361 = CARTESIAN_POINT ( 'NONE',  ( 0.1350355830932151446, 0.01409498826347334657, 0.01181102362204724393 ) ) ;
#8362 = MECHANICAL_DESIGN_GEOMETRIC_PRESENTATION_REPRESENTATION (  '', ( #7683 ), #8686 ) ;
#8363 = MECHANICAL_DESIGN_GEOMETRIC_PRESENTATION_REPRESENTATION (  '', ( #4959 ), #1936 ) ;
#8365 = LENGTH_MEASURE_WITH_UNIT ( LENGTH_MEASURE( 0.02539999999999999897 ), #6289 );
#8364 = STYLED_ITEM ( 'NONE', ( #7751 ), #6322 ) ;
#8366 = ORIENTED_EDGE ( 'NONE', *, *, #1351, .T. ) ;
#8367 = ORIENTED_EDGE ( 'NONE', *, *, #7630, .T. ) ;
#8368 = CARTESIAN_POINT ( 'NONE',  ( -0.1200787401574803237, 0.03937007874015747977, -0.01968503937007873988 ) ) ;
#8369 = ORIENTED_EDGE ( 'NONE', *, *, #3051, .F. ) ;
#8370 = FACE_OUTER_BOUND ( 'NONE', #2871, .T. ) ;
#8371 = AXIS2_PLACEMENT_3D ( 'NONE', #5606, #7649, #8319 ) ;
#8372 = ORIENTED_EDGE ( 'NONE', *, *, #924, .F. ) ;
#8373 = VECTOR ( 'NONE', #5010, 39.37007874015748143 ) ;
#8374 =( GEOMETRIC_REPRESENTATION_CONTEXT ( 3 ) GLOBAL_UNCERTAINTY_ASSIGNED_CONTEXT ( ( #6343 ) ) GLOBAL_UNIT_ASSIGNED_CONTEXT ( ( #4890, #7110, #6982 ) ) REPRESENTATION_CONTEXT ( 'NONE', 'WORKASPACE' ) );
#8375 = EDGE_CURVE ( 'NONE', #8653, #1310, #4713, .T. ) ;
#8376 = UNCERTAINTY_MEASURE_WITH_UNIT (LENGTH_MEASURE( 1.000000000000000082E-05 ), #531, 'distance_accuracy_value', 'NONE');
#8377 = CARTESIAN_POINT ( 'NONE',  ( -0.1431733283613561003, -0.001968503937007873988, 0.01181102362204724393 ) ) ;
#8378 = DIRECTION ( 'NONE',  ( 0.0000000000000000000, 0.0000000000000000000, -1.000000000000000000 ) ) ;
#8379 = AXIS2_PLACEMENT_3D ( 'NONE', #1540, #6177, #4148 ) ;
#8380 = COLOUR_RGB ( '',0.7686274509803920907, 0.7686274509803920907, 0.7686274509803920907 ) ;
#8381 = CIRCLE ( 'NONE', #8528, 0.007874015748031495954 ) ;
#8382 = AXIS2_PLACEMENT_3D ( 'NONE', #8675, #6570, #374 ) ;
#8383 = EDGE_CURVE ( 'NONE', #1297, #1310, #3849, .T. ) ;
#8384 = ORIENTED_EDGE ( 'NONE', *, *, #6276, .F. ) ;
#8385 = DIRECTION ( 'NONE',  ( -1.000000000000000000, 0.0000000000000000000, 0.0000000000000000000 ) ) ;
#8386 =( NAMED_UNIT ( * ) SI_UNIT ( $, .STERADIAN. ) SOLID_ANGLE_UNIT ( ) );
#8387 = EDGE_CURVE ( 'NONE', #7494, #2347, #1122, .T. ) ;
#8388 = UNCERTAINTY_MEASURE_WITH_UNIT (LENGTH_MEASURE( 1.000000000000000082E-05 ), #4841, 'distance_accuracy_value', 'NONE');
#8389 = EDGE_CURVE ( 'NONE', #5351, #1240, #1982, .T. ) ;
#8390 = COLOUR_RGB ( '',0.7686274509803920907, 0.7686274509803920907, 0.7686274509803920907 ) ;
#8391 = VECTOR ( 'NONE', #4957, 39.37007874015748143 ) ;
#8392 = STYLED_ITEM ( 'NONE', ( #623 ), #1984 ) ;
#8393 = VECTOR ( 'NONE', #7490, 39.37007874015748143 ) ;
#8394 = CARTESIAN_POINT ( 'NONE',  ( 0.1200787401574803237, 0.01968503937007873988, -0.06889763779527559306 ) ) ;
#8395 = CARTESIAN_POINT ( 'NONE',  ( 0.2709745503680062728, 0.03937007874015747977, -0.07283464566929134798 ) ) ;
#8396 = FACE_OUTER_BOUND ( 'NONE', #4442, .T. ) ;
#8397 = FILL_AREA_STYLE_COLOUR ( '', #8527 ) ;
#8398 =( GEOMETRIC_REPRESENTATION_CONTEXT ( 3 ) GLOBAL_UNCERTAINTY_ASSIGNED_CONTEXT ( ( #8376 ) ) GLOBAL_UNIT_ASSIGNED_CONTEXT ( ( #531, #573, #6770 ) ) REPRESENTATION_CONTEXT ( 'NONE', 'WORKASPACE' ) );
#8399 = FACE_OUTER_BOUND ( 'NONE', #3492, .T. ) ;
#8400 = FILL_AREA_STYLE_COLOUR ( '', #504 ) ;
#8401 = DIRECTION ( 'NONE',  ( 0.0000000000000000000, 1.000000000000000000, 0.0000000000000000000 ) ) ;
#8402 = PRESENTATION_LAYER_ASSIGNMENT (  '', '', ( #3408 ) ) ;
#8403 = PRESENTATION_LAYER_ASSIGNMENT (  '', '', ( #4708 ) ) ;
#8404 =( NAMED_UNIT ( * ) SI_UNIT ( $, .STERADIAN. ) SOLID_ANGLE_UNIT ( ) );
#8405 = EDGE_LOOP ( 'NONE', ( #87, #8631, #2611, #8267 ) ) ;
#8406 = FILL_AREA_STYLE ('',( #2810 ) ) ;
#8407 = SURFACE_STYLE_FILL_AREA ( #7779 ) ;
#8408 = ORIENTED_EDGE ( 'NONE', *, *, #1929, .T. ) ;
#8409 = VECTOR ( 'NONE', #4687, 39.37007874015748143 ) ;
#8410 = ORIENTED_EDGE ( 'NONE', *, *, #874, .F. ) ;
#8411 = DIRECTION ( 'NONE',  ( 0.0000000000000000000, 2.409338161078900167E-16, -1.000000000000000000 ) ) ;
#8412 = CARTESIAN_POINT ( 'NONE',  ( 0.1122047244094488277, 0.01968503937007873988, -0.07283464566929134798 ) ) ;
#8413 = CARTESIAN_POINT ( 'NONE',  ( 0.1594488188976377896, -0.001968503937007873988, 0.01181102362204724393 ) ) ;
#8414 =( GEOMETRIC_REPRESENTATION_CONTEXT ( 3 ) GLOBAL_UNCERTAINTY_ASSIGNED_CONTEXT ( ( #8743 ) ) GLOBAL_UNIT_ASSIGNED_CONTEXT ( ( #7349, #8693, #1070 ) ) REPRESENTATION_CONTEXT ( 'NONE', 'WORKASPACE' ) );
#8415 = FILL_AREA_STYLE_COLOUR ( '', #5189 ) ;
#8416 = CARTESIAN_POINT ( 'NONE',  ( -0.1031504233787781388, 0.03937007874015747977, -0.04850717439621220206 ) ) ;
#8417 = ORIENTED_EDGE ( 'NONE', *, *, #1469, .T. ) ;
#8418 = ORIENTED_EDGE ( 'NONE', *, *, #4456, .F. ) ;
#8419 = FILL_AREA_STYLE_COLOUR ( '', #4135 ) ;
#8420 = ORIENTED_EDGE ( 'NONE', *, *, #3801, .T. ) ;
#8421 = VECTOR ( 'NONE', #1720, 39.37007874015748143 ) ;
#8422 = LINE ( 'NONE', #5787, #4287 ) ;
#8423 = CARTESIAN_POINT ( 'NONE',  ( 0.1102370375520062978, 0.04724409448818897572, -0.05511811023622047168 ) ) ;
#8424 = CARTESIAN_POINT ( 'NONE',  ( -0.09966963588909821814, 0.04135943069846495512, 0.05081510719521694502 ) ) ;
#8425 = ORIENTED_EDGE ( 'NONE', *, *, #5013, .T. ) ;
#8426 =( LENGTH_UNIT ( ) NAMED_UNIT ( * ) SI_UNIT ( $, .METRE. ) );
#8427 = ORIENTED_EDGE ( 'NONE', *, *, #2749, .T. ) ;
#8428 = SURFACE_STYLE_FILL_AREA ( #7222 ) ;
#8429 = COLOUR_RGB ( '',1.000000000000000000, 1.000000000000000000, 1.000000000000000000 ) ;
#8430 =( NAMED_UNIT ( * ) SI_UNIT ( $, .STERADIAN. ) SOLID_ANGLE_UNIT ( ) );
#8431 = CARTESIAN_POINT ( 'NONE',  ( 0.09575126888440098349, 0.03937007874015747977, -0.05590632889058937127 ) ) ;
#8432 = EDGE_CURVE ( 'NONE', #2293, #4868, #8779, .T. ) ;
#8433 = CARTESIAN_POINT ( 'NONE',  ( -0.1200787401574803237, 0.04724409448818897572, 0.05511811023622047168 ) ) ;
#8434 = SURFACE_SIDE_STYLE ('',( #2265 ) ) ;
#8435 = PRESENTATION_STYLE_ASSIGNMENT (( #7187 ) ) ;
#8436 = CARTESIAN_POINT ( 'NONE',  ( -0.1122047244094488277, 0.0000000000000000000, 0.06496062992125983815 ) ) ;
#8437 = ADVANCED_FACE ( 'NONE', ( #2062 ), #7493, .T. ) ;
#8438 =( NAMED_UNIT ( * ) PLANE_ANGLE_UNIT ( ) SI_UNIT ( $, .RADIAN. ) );
#8439 = SURFACE_STYLE_FILL_AREA ( #4370 ) ;
#8440 =( GEOMETRIC_REPRESENTATION_CONTEXT ( 3 ) GLOBAL_UNCERTAINTY_ASSIGNED_CONTEXT ( ( #4020 ) ) GLOBAL_UNIT_ASSIGNED_CONTEXT ( ( #5207, #3214, #7342 ) ) REPRESENTATION_CONTEXT ( 'NONE', 'WORKASPACE' ) );
#8441 = CARTESIAN_POINT ( 'NONE',  ( -0.04921259842519685318, 0.09448818897637795144, 0.0000000000000000000 ) ) ;
#8442 = DIRECTION ( 'NONE',  ( 0.0000000000000000000, -1.000000000000000000, -4.336808689942014778E-16 ) ) ;
#8443 = CARTESIAN_POINT ( 'NONE',  ( -0.09843617638165631789, 0.03937007874015574505, 0.05360920844283739023 ) ) ;
#8444 =( GEOMETRIC_REPRESENTATION_CONTEXT ( 3 ) GLOBAL_UNCERTAINTY_ASSIGNED_CONTEXT ( ( #6170 ) ) GLOBAL_UNIT_ASSIGNED_CONTEXT ( ( #5935, #7764, #6473 ) ) REPRESENTATION_CONTEXT ( 'NONE', 'WORKASPACE' ) );
#8445 = VERTEX_POINT ( 'NONE', #982 ) ;
#8446 = SURFACE_STYLE_FILL_AREA ( #8588 ) ;
#8447 = CARTESIAN_POINT ( 'NONE',  ( -0.2709745503680062728, 0.03937007874015747977, -0.07283464566929134798 ) ) ;
#8448 = ORIENTED_EDGE ( 'NONE', *, *, #2951, .T. ) ;
#8449 =( NAMED_UNIT ( * ) PLANE_ANGLE_UNIT ( ) SI_UNIT ( $, .RADIAN. ) );
#8450 = ORIENTED_EDGE ( 'NONE', *, *, #6976, .F. ) ;
#8451 = COLOUR_RGB ( '',0.7686274509803920907, 0.7686274509803920907, 0.7686274509803920907 ) ;
#8452 = FILL_AREA_STYLE_COLOUR ( '', #6028 ) ;
#8453 = CARTESIAN_POINT ( 'NONE',  ( 0.0000000000000000000, 0.0000000000000000000, 0.04724409448818897572 ) ) ;
#8454 = CARTESIAN_POINT ( 'NONE',  ( 0.1102370375520062978, 0.01968503937007873988, -0.07874015748031495954 ) ) ;
#8455 =( CONVERSION_BASED_UNIT ( 'INCH', #5077 ) LENGTH_UNIT ( ) NAMED_UNIT ( #771 ) );
#8456 =( NAMED_UNIT ( * ) SI_UNIT ( $, .STERADIAN. ) SOLID_ANGLE_UNIT ( ) );
#8457 = VECTOR ( 'NONE', #6193, 39.37007874015748143 ) ;
#8458 = VERTEX_POINT ( 'NONE', #8368 ) ;
#8459 =( LENGTH_UNIT ( ) NAMED_UNIT ( * ) SI_UNIT ( $, .METRE. ) );
#8460 = ORIENTED_EDGE ( 'NONE', *, *, #7570, .T. ) ;
#8461 = SURFACE_STYLE_USAGE ( .BOTH. , #7038 ) ;
#8462 = DIRECTION ( 'NONE',  ( -1.000000000000000000, 0.0000000000000000000, 0.0000000000000000000 ) ) ;
#8463 =( GEOMETRIC_REPRESENTATION_CONTEXT ( 3 ) GLOBAL_UNCERTAINTY_ASSIGNED_CONTEXT ( ( #5542 ) ) GLOBAL_UNIT_ASSIGNED_CONTEXT ( ( #8038, #6737, #584 ) ) REPRESENTATION_CONTEXT ( 'NONE', 'WORKASPACE' ) );
#8464 = VECTOR ( 'NONE', #2721, 39.37007874015748143 ) ;
#8465 = DIRECTION ( 'NONE',  ( 0.0000000000000000000, -2.409338161078900167E-16, 1.000000000000000000 ) ) ;
#8466 = SURFACE_STYLE_USAGE ( .BOTH. , #4408 ) ;
#8467 = DIRECTION ( 'NONE',  ( 3.516331370223255265E-16, 0.0000000000000000000, 1.000000000000000000 ) ) ;
#8468 = ORIENTED_EDGE ( 'NONE', *, *, #2636, .F. ) ;
#8469 = DIRECTION ( 'NONE',  ( -0.3236155771181850049, -0.8891264907159880382, 0.3236155771181855045 ) ) ;
#8470 = MECHANICAL_DESIGN_GEOMETRIC_PRESENTATION_REPRESENTATION (  '', ( #8051 ), #3487 ) ;
#8471 = ORIENTED_EDGE ( 'NONE', *, *, #2848, .F. ) ;
#8472 = LINE ( 'NONE', #7800, #1099 ) ;
#8473 = VECTOR ( 'NONE', #7230, 39.37007874015748143 ) ;
#8474 = UNCERTAINTY_MEASURE_WITH_UNIT (LENGTH_MEASURE( 1.000000000000000082E-05 ), #4989, 'distance_accuracy_value', 'NONE');
#8475 = CYLINDRICAL_SURFACE ( 'NONE', #5439, 0.007874015748031495954 ) ;
#8476 = CARTESIAN_POINT ( 'NONE',  ( -0.05314960629921260116, 0.09448818897637795144, -0.01771653543307086937 ) ) ;
#8477 = PRESENTATION_STYLE_ASSIGNMENT (( #5757 ) ) ;
#8478 = DIRECTION ( 'NONE',  ( 0.0000000000000000000, 1.000000000000000000, 0.0000000000000000000 ) ) ;
#8479 = SURFACE_STYLE_FILL_AREA ( #5760 ) ;
#8480 = EDGE_CURVE ( 'NONE', #4399, #350, #6948, .T. ) ;
#8481 = CARTESIAN_POINT ( 'NONE',  ( -0.04527559055118110520, 0.06299212598425196763, -0.02559055118110236532 ) ) ;
#8482 = FILL_AREA_STYLE ('',( #1102 ) ) ;
#8483 = EDGE_CURVE ( 'NONE', #69, #3185, #3600, .T. ) ;
#8484 = EDGE_CURVE ( 'NONE', #2643, #1627, #2973, .T. ) ;
#8485 = SURFACE_SIDE_STYLE ('',( #2974 ) ) ;
#8486 = FILL_AREA_STYLE_COLOUR ( '', #1599 ) ;
#8487 = LENGTH_MEASURE_WITH_UNIT ( LENGTH_MEASURE( 0.02539999999999999897 ), #966 );
#8488 = VECTOR ( 'NONE', #4712, 39.37007874015748143 ) ;
#8489 = CIRCLE ( 'NONE', #7773, 0.003937007874015749712 ) ;
#8490 = EDGE_LOOP ( 'NONE', ( #5819, #1632, #1320, #1204 ) ) ;
#8491 = CARTESIAN_POINT ( 'NONE',  ( 0.05511811023622047168, 0.06299212598425196763, 0.02066929133858268208 ) ) ;
#8492 =( CONVERSION_BASED_UNIT ( 'INCH', #5862 ) LENGTH_UNIT ( ) NAMED_UNIT ( #4062 ) );
#8493 = ORIENTED_EDGE ( 'NONE', *, *, #6430, .T. ) ;
#8494 = CARTESIAN_POINT ( 'NONE',  ( 0.09992174341836555784, 0.03937007874015747977, -0.05590632877942755541 ) ) ;
#8495 = ORIENTED_EDGE ( 'NONE', *, *, #5224, .T. ) ;
#8496 = MECHANICAL_DESIGN_GEOMETRIC_PRESENTATION_REPRESENTATION (  '', ( #3355 ), #1916 ) ;
#8497 = EDGE_CURVE ( 'NONE', #6358, #7621, #8336, .T. ) ;
#8498 =( NAMED_UNIT ( * ) SI_UNIT ( $, .STERADIAN. ) SOLID_ANGLE_UNIT ( ) );
#8499 = DIRECTION ( 'NONE',  ( -1.000000000000000000, 0.0000000000000000000, 1.084202172485503694E-16 ) ) ;
#8500 = LINE ( 'NONE', #2373, #5627 ) ;
#8501 = CARTESIAN_POINT ( 'NONE',  ( 0.1102370375520062978, 0.03937007874015747977, 0.01968503937007873988 ) ) ;
#8502 = CARTESIAN_POINT ( 'NONE',  ( 0.1031504233787781388, 0.03937007874015747977, -0.04850717439621220206 ) ) ;
#8503 =( CONVERSION_BASED_UNIT ( 'INCH', #4530 ) LENGTH_UNIT ( ) NAMED_UNIT ( #353 ) );
#8504 =( CONVERSION_BASED_UNIT ( 'INCH', #2379 ) LENGTH_UNIT ( ) NAMED_UNIT ( #2836 ) );
#8505 =( GEOMETRIC_REPRESENTATION_CONTEXT ( 3 ) GLOBAL_UNCERTAINTY_ASSIGNED_CONTEXT ( ( #3894 ) ) GLOBAL_UNIT_ASSIGNED_CONTEXT ( ( #1018, #5074, #8498 ) ) REPRESENTATION_CONTEXT ( 'NONE', 'WORKASPACE' ) );
#8506 =( LENGTH_UNIT ( ) NAMED_UNIT ( * ) SI_UNIT ( $, .METRE. ) );
#8507 = VERTEX_POINT ( 'NONE', #6330 ) ;
#8508 = FACE_OUTER_BOUND ( 'NONE', #8405, .T. ) ;
#8509 = ORIENTED_EDGE ( 'NONE', *, *, #3469, .F. ) ;
#8510 = CARTESIAN_POINT ( 'NONE',  ( 0.09575126888440098349, 0.04196055061682803233, 0.05220675164340077973 ) ) ;
#8511 = AXIS2_PLACEMENT_3D ( 'NONE', #8441, #333, #7770 ) ;
#8512 = LINE ( 'NONE', #3649, #5113 ) ;
#8513 = CARTESIAN_POINT ( 'NONE',  ( -0.08341662617894055054, 0.06299212598425196763, 0.03617253169075181074 ) ) ;
#8514 = VERTEX_POINT ( 'NONE', #5742 ) ;
#8515 = COLOUR_RGB ( '',0.7686274509803920907, 0.7686274509803920907, 0.7686274509803920907 ) ;
#8516 = VECTOR ( 'NONE', #3864, 39.37007874015748143 ) ;
#8517 = DIRECTION ( 'NONE',  ( 0.0000000000000000000, 0.0000000000000000000, 1.000000000000000000 ) ) ;
#8518 = VECTOR ( 'NONE', #3526, 39.37007874015748143 ) ;
#8519 = PRESENTATION_LAYER_ASSIGNMENT (  '', '', ( #4529 ) ) ;
#8520 = ORIENTED_EDGE ( 'NONE', *, *, #2310, .F. ) ;
#8521 =( CONVERSION_BASED_UNIT ( 'INCH', #8571 ) LENGTH_UNIT ( ) NAMED_UNIT ( #102 ) );
#8522 = ORIENTED_EDGE ( 'NONE', *, *, #4115, .F. ) ;
#8523 = ADVANCED_FACE ( 'NONE', ( #173, #7661 ), #271, .T. ) ;
#8524 = DIMENSIONAL_EXPONENTS ( 1.000000000000000000, 0.0000000000000000000, 0.0000000000000000000, 0.0000000000000000000, 0.0000000000000000000, 0.0000000000000000000, 0.0000000000000000000 ) ;
#8525 =( NAMED_UNIT ( * ) SI_UNIT ( $, .STERADIAN. ) SOLID_ANGLE_UNIT ( ) );
#8526 = DIRECTION ( 'NONE',  ( -2.168404344971010347E-16, 0.0000000000000000000, -1.000000000000000000 ) ) ;
#8527 = COLOUR_RGB ( '',0.7686274509803920907, 0.7686274509803920907, 0.7686274509803920907 ) ;
#8528 = AXIS2_PLACEMENT_3D ( 'NONE', #7721, #4313, #2296 ) ;
#8529 = LENGTH_MEASURE_WITH_UNIT ( LENGTH_MEASURE( 0.02539999999999999897 ), #1534 );
#8530 = DIRECTION ( 'NONE',  ( 0.0000000000000000000, 1.000000000000000000, 0.0000000000000000000 ) ) ;
#8531 = UNCERTAINTY_MEASURE_WITH_UNIT (LENGTH_MEASURE( 1.000000000000000082E-05 ), #7641, 'distance_accuracy_value', 'NONE');
#8532 = PRESENTATION_STYLE_ASSIGNMENT (( #5804 ) ) ;
#8533 = DIRECTION ( 'NONE',  ( 0.0000000000000000000, 0.0000000000000000000, 1.000000000000000000 ) ) ;
#8534 = MECHANICAL_DESIGN_GEOMETRIC_PRESENTATION_REPRESENTATION (  '', ( #2807 ), #3971 ) ;
#8535 = STYLED_ITEM ( 'NONE', ( #2241 ), #1921 ) ;
#8536 = VECTOR ( 'NONE', #3133, 39.37007874015748143 ) ;
#8537 = DIRECTION ( 'NONE',  ( 0.0000000000000000000, 0.0000000000000000000, -1.000000000000000000 ) ) ;
#8538 = EDGE_CURVE ( 'NONE', #3593, #3023, #8841, .T. ) ;
#8539 = LINE ( 'NONE', #7380, #5973 ) ;
#8540 = PRESENTATION_LAYER_ASSIGNMENT (  '', '', ( #5129 ) ) ;
#8541 = STYLED_ITEM ( 'NONE', ( #1203 ), #7835 ) ;
#8542 = AXIS2_PLACEMENT_3D ( 'NONE', #22, #6807, #1079 ) ;
#8543 =( NAMED_UNIT ( * ) PLANE_ANGLE_UNIT ( ) SI_UNIT ( $, .RADIAN. ) );
#8544 = ORIENTED_EDGE ( 'NONE', *, *, #3406, .T. ) ;
#8545 = CARTESIAN_POINT ( 'NONE',  ( -0.1122047244094488277, 0.03937007874015747977, -0.07283464566929134798 ) ) ;
#8546 = SURFACE_STYLE_FILL_AREA ( #1111 ) ;
#8547 = EDGE_LOOP ( 'NONE', ( #4217, #7922, #3307, #2934, #5255, #7982, #6775, #8448, #6873, #256, #4938, #3777, #2936, #38, #7847, #1408 ) ) ;
#8548 = COLOUR_RGB ( '',0.2980392156862745057, 0.2980392156862745057, 0.2980392156862745057 ) ;
#8549 = DIMENSIONAL_EXPONENTS ( 1.000000000000000000, 0.0000000000000000000, 0.0000000000000000000, 0.0000000000000000000, 0.0000000000000000000, 0.0000000000000000000, 0.0000000000000000000 ) ;
#8550 = SURFACE_STYLE_FILL_AREA ( #7159 ) ;
#8551 = CARTESIAN_POINT ( 'NONE',  ( 0.1200787401574803237, -0.003937007874015747977, -0.04724409448818897572 ) ) ;
#8552 = EDGE_CURVE ( 'NONE', #4215, #975, #4400, .T. ) ;
#8553 = DIRECTION ( 'NONE',  ( -1.000000000000000000, 0.0000000000000000000, 1.084202172485503694E-16 ) ) ;
#8554 = CARTESIAN_POINT ( 'NONE',  ( 0.04921259842519685318, 0.09448818897637795144, 0.0000000000000000000 ) ) ;
#8555 = PLANE ( 'NONE',  #3168 ) ;
#8556 = CARTESIAN_POINT ( 'NONE',  ( -0.1200787401574803237, 0.01574803149606299191, -0.05118110236220473064 ) ) ;
#8557 = EDGE_CURVE ( 'NONE', #7067, #1107, #2200, .T. ) ;
#8558 = EDGE_CURVE ( 'NONE', #2736, #2110, #7036, .T. ) ;
#8559 = CARTESIAN_POINT ( 'NONE',  ( -0.08987292601750590526, 0.06827566985561278612, 0.03892925428212862249 ) ) ;
#8560 = ADVANCED_FACE ( 'NONE', ( #2948 ), #5698, .F. ) ;
#8561 = ORIENTED_EDGE ( 'NONE', *, *, #2507, .T. ) ;
#8562 = EDGE_LOOP ( 'NONE', ( #6590, #8070, #303, #2565 ) ) ;
#8564 = DIRECTION ( 'NONE',  ( 0.0000000000000000000, 1.000000000000000000, 0.0000000000000000000 ) ) ;
#8563 = STYLED_ITEM ( 'NONE', ( #1165 ), #8599 ) ;
#8565 = CARTESIAN_POINT ( 'NONE',  ( -0.1200787401574803237, 0.01968503937007873988, -0.07283464566929134798 ) ) ;
#8566 = CARTESIAN_POINT ( 'NONE',  ( 0.1008533029310229451, 0.03937007874016006798, 0.05119208189346595439 ) ) ;
#8567 = LINE ( 'NONE', #5263, #1513 ) ;
#8568 = ORIENTED_EDGE ( 'NONE', *, *, #1263, .T. ) ;
#8569 = PRESENTATION_LAYER_ASSIGNMENT (  '', '', ( #1691 ) ) ;
#8570 = ORIENTED_EDGE ( 'NONE', *, *, #1642, .T. ) ;
#8571 = LENGTH_MEASURE_WITH_UNIT ( LENGTH_MEASURE( 0.02539999999999999897 ), #5005 );
#8572 = VERTEX_POINT ( 'NONE', #5968 ) ;
#8573 = UNCERTAINTY_MEASURE_WITH_UNIT (LENGTH_MEASURE( 1.000000000000000082E-05 ), #7853, 'distance_accuracy_value', 'NONE');
#8574 = DIRECTION ( 'NONE',  ( 1.000000000000000000, 0.0000000000000000000, -2.168404344971010347E-16 ) ) ;
#8575 = SURFACE_SIDE_STYLE ('',( #3705 ) ) ;
#8576 = CARTESIAN_POINT ( 'NONE',  ( -0.1122047244094488277, 0.03937007874015747977, -0.04724409448818897572 ) ) ;
#8577 =( NAMED_UNIT ( * ) SI_UNIT ( $, .STERADIAN. ) SOLID_ANGLE_UNIT ( ) );
#8578 = LENGTH_MEASURE_WITH_UNIT ( LENGTH_MEASURE( 0.02539999999999999897 ), #1706 );
#8579 = FACE_OUTER_BOUND ( 'NONE', #2472, .T. ) ;
#8580 = DIRECTION ( 'NONE',  ( -1.000000000000000000, 0.0000000000000000000, 0.0000000000000000000 ) ) ;
#8581 =( CONVERSION_BASED_UNIT ( 'INCH', #3620 ) LENGTH_UNIT ( ) NAMED_UNIT ( #1877 ) );
#8582 = UNCERTAINTY_MEASURE_WITH_UNIT (LENGTH_MEASURE( 1.000000000000000082E-05 ), #676, 'distance_accuracy_value', 'NONE');
#8583 = DIRECTION ( 'NONE',  ( 1.000000000000000000, 0.0000000000000000000, 0.0000000000000000000 ) ) ;
#8584 = PRESENTATION_LAYER_ASSIGNMENT (  '', '', ( #8301 ) ) ;
#8585 = SURFACE_SIDE_STYLE ('',( #551 ) ) ;
#8586 =( NAMED_UNIT ( * ) SI_UNIT ( $, .STERADIAN. ) SOLID_ANGLE_UNIT ( ) );
#8587 = ORIENTED_EDGE ( 'NONE', *, *, #6360, .T. ) ;
#8588 = FILL_AREA_STYLE ('',( #2823 ) ) ;
#8589 =( NAMED_UNIT ( * ) PLANE_ANGLE_UNIT ( ) SI_UNIT ( $, .RADIAN. ) );
#8590 = DIRECTION ( 'NONE',  ( 0.0000000000000000000, 0.0000000000000000000, -1.000000000000000000 ) ) ;
#8591 = ORIENTED_EDGE ( 'NONE', *, *, #3258, .T. ) ;
#8592 = FACE_OUTER_BOUND ( 'NONE', #4432, .T. ) ;
#8593 = CARTESIAN_POINT ( 'NONE',  ( 0.1431733283613561003, 0.001968503937007873988, -0.01181102362204724393 ) ) ;
#8594 = SURFACE_STYLE_USAGE ( .BOTH. , #2422 ) ;
#8595 = CARTESIAN_POINT ( 'NONE',  ( -0.04527559055118110520, 0.09448818897637795144, -0.02165354330708661734 ) ) ;
#8596 = DIRECTION ( 'NONE',  ( 1.000000000000000000, 0.0000000000000000000, 0.0000000000000000000 ) ) ;
#8597 = EDGE_LOOP ( 'NONE', ( #3734, #2243, #4049, #1229 ) ) ;
#8598 = FILL_AREA_STYLE_COLOUR ( '', #6137 ) ;
#8599 = ADVANCED_FACE ( 'NONE', ( #1834 ), #7267, .T. ) ;
#8600 = VERTEX_POINT ( 'NONE', #6589 ) ;
#8601 = FACE_OUTER_BOUND ( 'NONE', #5116, .T. ) ;
#8602 = PRESENTATION_LAYER_ASSIGNMENT (  '', '', ( #6744 ) ) ;
#8603 =( NAMED_UNIT ( * ) SI_UNIT ( $, .STERADIAN. ) SOLID_ANGLE_UNIT ( ) );
#8604 = EDGE_CURVE ( 'NONE', #2259, #1418, #6498, .T. ) ;
#8605 = EDGE_CURVE ( 'NONE', #7840, #3821, #8019, .T. ) ;
#8606 =( NAMED_UNIT ( * ) PLANE_ANGLE_UNIT ( ) SI_UNIT ( $, .RADIAN. ) );
#8607 = DIMENSIONAL_EXPONENTS ( 1.000000000000000000, 0.0000000000000000000, 0.0000000000000000000, 0.0000000000000000000, 0.0000000000000000000, 0.0000000000000000000, 0.0000000000000000000 ) ;
#8608 =( GEOMETRIC_REPRESENTATION_CONTEXT ( 3 ) GLOBAL_UNCERTAINTY_ASSIGNED_CONTEXT ( ( #2493 ) ) GLOBAL_UNIT_ASSIGNED_CONTEXT ( ( #7353, #4677, #7974 ) ) REPRESENTATION_CONTEXT ( 'NONE', 'WORKASPACE' ) );
#8609 = CARTESIAN_POINT ( 'NONE',  ( -0.1097792828309850643, 0.02307653513993019809, 0.06253518834279606087 ) ) ;
#8610 = ORIENTED_EDGE ( 'NONE', *, *, #7181, .F. ) ;
#8611 = FILL_AREA_STYLE ('',( #3148 ) ) ;
#8612 = ORIENTED_EDGE ( 'NONE', *, *, #7237, .F. ) ;
#8613 = SURFACE_STYLE_FILL_AREA ( #6602 ) ;
#8614 = ORIENTED_EDGE ( 'NONE', *, *, #5650, .F. ) ;
#8615 = AXIS2_PLACEMENT_3D ( 'NONE', #8747, #8130, #1987 ) ;
#8616 = VECTOR ( 'NONE', #1446, 39.37007874015748143 ) ;
#8617 = DIRECTION ( 'NONE',  ( 0.0000000000000000000, -1.000000000000000000, 0.0000000000000000000 ) ) ;
#8618 = SURFACE_STYLE_FILL_AREA ( #7227 ) ;
#8619 = CLOSED_SHELL ( 'NONE', ( #6704, #7774, #8106, #7828, #3423, #5285, #2901, #8659, #704, #6639, #6813, #1364, #3998, #4274 ) ) ;
#8620 = DIRECTION ( 'NONE',  ( 0.0000000000000000000, 1.000000000000000000, 0.0000000000000000000 ) ) ;
#8621 = COLOUR_RGB ( '',0.2980392156862745057, 0.2980392156862745057, 0.2980392156862745057 ) ;
#8622 = UNCERTAINTY_MEASURE_WITH_UNIT (LENGTH_MEASURE( 1.000000000000000082E-05 ), #5471, 'distance_accuracy_value', 'NONE');
#8623 = LENGTH_MEASURE_WITH_UNIT ( LENGTH_MEASURE( 0.02539999999999999897 ), #2312 );
#8624 =( BOUNDED_CURVE ( )  B_SPLINE_CURVE ( 3, ( #2799, #59, #3533, #4284 ),
 .UNSPECIFIED., .F., .T. ) 
 B_SPLINE_CURVE_WITH_KNOTS ( ( 4, 4 ),
 ( 4.712388980384689674, 5.934119456780719837 ),
 .UNSPECIFIED. ) 
 CURVE ( )  GEOMETRIC_REPRESENTATION_ITEM ( )  RATIONAL_B_SPLINE_CURVE ( ( 1.000000000000000000, 0.8794346961926610140, 0.8794346961926610140, 1.000000000000000000 ) ) 
 REPRESENTATION_ITEM ( '' )  );
#8625 = FILL_AREA_STYLE_COLOUR ( '', #2800 ) ;
#8626 = CARTESIAN_POINT ( 'NONE',  ( 0.08617334877031732066, 0.06692913385826770867, 0.03892925428212862249 ) ) ;
#8627 = DIMENSIONAL_EXPONENTS ( 1.000000000000000000, 0.0000000000000000000, 0.0000000000000000000, 0.0000000000000000000, 0.0000000000000000000, 0.0000000000000000000, 0.0000000000000000000 ) ;
#8628 = FACE_OUTER_BOUND ( 'NONE', #5985, .T. ) ;
#8629 = CARTESIAN_POINT ( 'NONE',  ( -0.1200787401574803237, 0.0000000000000000000, -0.04724409448818897572 ) ) ;
#8630 = UNCERTAINTY_MEASURE_WITH_UNIT (LENGTH_MEASURE( 1.000000000000000082E-05 ), #5566, 'distance_accuracy_value', 'NONE');
#8631 = ORIENTED_EDGE ( 'NONE', *, *, #5993, .F. ) ;
#8632 = FILL_AREA_STYLE ('',( #3166 ) ) ;
#8633 = EDGE_LOOP ( 'NONE', ( #589, #3293, #3454, #3138 ) ) ;
#8634 =( CONVERSION_BASED_UNIT ( 'INCH', #7784 ) LENGTH_UNIT ( ) NAMED_UNIT ( #1341 ) );
#8635 = FACE_OUTER_BOUND ( 'NONE', #8150, .T. ) ;
#8636 = FACE_OUTER_BOUND ( 'NONE', #5035, .T. ) ;
#8637 = ORIENTED_EDGE ( 'NONE', *, *, #3628, .T. ) ;
#8638 = DIRECTION ( 'NONE',  ( 0.1039620511844979722, -0.9891328443778537594, 0.1039620511844979722 ) ) ;
#8639 = PRESENTATION_LAYER_ASSIGNMENT (  '', '', ( #3786 ) ) ;
#8640 = ORIENTED_EDGE ( 'NONE', *, *, #2796, .T. ) ;
#8641 =( NAMED_UNIT ( * ) SI_UNIT ( $, .STERADIAN. ) SOLID_ANGLE_UNIT ( ) );
#8642 = CARTESIAN_POINT ( 'NONE',  ( -0.1102370375520064921, -0.1390208218169006193, -0.07874015748031495954 ) ) ;
#8643 = CARTESIAN_POINT ( 'NONE',  ( 0.0000000000000000000, 0.0000000000000000000, 0.0000000000000000000 ) ) ;
#8644 = LINE ( 'NONE', #2570, #5979 ) ;
#8645 = ADVANCED_FACE ( 'NONE', ( #8508 ), #2381, .F. ) ;
#8646 = DIRECTION ( 'NONE',  ( 1.000000000000000000, 0.0000000000000000000, 0.0000000000000000000 ) ) ;
#8647 = EDGE_LOOP ( 'NONE', ( #3557, #8520, #5998, #5021 ) ) ;
#8648 = DIRECTION ( 'NONE',  ( 0.0000000000000000000, -1.000000000000000000, 0.0000000000000000000 ) ) ;
#8649 =( NAMED_UNIT ( * ) SI_UNIT ( $, .STERADIAN. ) SOLID_ANGLE_UNIT ( ) );
#8650 = ORIENTED_EDGE ( 'NONE', *, *, #7459, .F. ) ;
#8651 = EDGE_CURVE ( 'NONE', #8768, #8507, #610, .T. ) ;
#8652 = ADVANCED_FACE ( 'NONE', ( #658 ), #26, .F. ) ;
#8653 = VERTEX_POINT ( 'NONE', #2097 ) ;
#8654 = MECHANICAL_DESIGN_GEOMETRIC_PRESENTATION_REPRESENTATION (  '', ( #5663 ), #922 ) ;
#8655 = UNCERTAINTY_MEASURE_WITH_UNIT (LENGTH_MEASURE( 1.000000000000000082E-05 ), #3376, 'distance_accuracy_value', 'NONE');
#8656 = LINE ( 'NONE', #6603, #3436 ) ;
#8657 = DIRECTION ( 'NONE',  ( -0.0000000000000000000, 0.3420201433256695456, 0.9396926207859080948 ) ) ;
#8658 = FACE_OUTER_BOUND ( 'NONE', #1272, .T. ) ;
#8659 = ADVANCED_FACE ( 'NONE', ( #7572 ), #6054, .T. ) ;
#8660 =( GEOMETRIC_REPRESENTATION_CONTEXT ( 3 ) GLOBAL_UNCERTAINTY_ASSIGNED_CONTEXT ( ( #2304 ) ) GLOBAL_UNIT_ASSIGNED_CONTEXT ( ( #6516, #365, #8577 ) ) REPRESENTATION_CONTEXT ( 'NONE', 'WORKASPACE' ) );
#8661 = COLOUR_RGB ( '',0.7686274509803920907, 0.7686274509803920907, 0.7686274509803920907 ) ;
#8662 = DIRECTION ( 'NONE',  ( -1.000000000000000000, 0.0000000000000000000, 1.084202172485503694E-16 ) ) ;
#8663 = CARTESIAN_POINT ( 'NONE',  ( -0.1200787401574803237, 0.04724409448818897572, -0.05511811023622047168 ) ) ;
#8664 = EDGE_CURVE ( 'NONE', #2053, #2300, #4340, .T. ) ;
#8665 = ORIENTED_EDGE ( 'NONE', *, *, #1457, .T. ) ;
#8666 = FILL_AREA_STYLE ('',( #3196 ) ) ;
#8667 = CARTESIAN_POINT ( 'NONE',  ( -0.1102370375520064921, 0.03149606299212598381, 0.01968503937007873988 ) ) ;
#8668 = EDGE_CURVE ( 'NONE', #8250, #7274, #3592, .T. ) ;
#8669 = UNCERTAINTY_MEASURE_WITH_UNIT (LENGTH_MEASURE( 1.000000000000000082E-05 ), #5949, 'distance_accuracy_value', 'NONE');
#8670 = STYLED_ITEM ( 'NONE', ( #6133 ), #2378 ) ;
#8672 = PRESENTATION_STYLE_ASSIGNMENT (( #4789 ) ) ;
#8671 = AXIS2_PLACEMENT_3D ( 'NONE', #1403, #5429, #3497 ) ;
#8673 = COLOUR_RGB ( '',0.7686274509803920907, 0.7686274509803920907, 0.7686274509803920907 ) ;
#8674 = SURFACE_STYLE_USAGE ( .BOTH. , #3263 ) ;
#8675 = CARTESIAN_POINT ( 'NONE',  ( 0.1431733283613561003, -0.001968503937007873988, 0.01181102362204724393 ) ) ;
#8676 = VECTOR ( 'NONE', #2962, 39.37007874015748143 ) ;
#8677 = ORIENTED_EDGE ( 'NONE', *, *, #990, .F. ) ;
#8678 =( GEOMETRIC_REPRESENTATION_CONTEXT ( 3 ) GLOBAL_UNCERTAINTY_ASSIGNED_CONTEXT ( ( #579 ) ) GLOBAL_UNIT_ASSIGNED_CONTEXT ( ( #3579, #5677, #4929 ) ) REPRESENTATION_CONTEXT ( 'NONE', 'WORKASPACE' ) );
#8679 = VECTOR ( 'NONE', #2953, 39.37007874015748143 ) ;
#8680 = DIRECTION ( 'NONE',  ( 0.0000000000000000000, 1.000000000000000000, 0.0000000000000000000 ) ) ;
#8681 = SURFACE_SIDE_STYLE ('',( #8086 ) ) ;
#8682 =( LENGTH_UNIT ( ) NAMED_UNIT ( * ) SI_UNIT ( $, .METRE. ) );
#8683 = ORIENTED_EDGE ( 'NONE', *, *, #1045, .T. ) ;
#8684 = MECHANICAL_DESIGN_GEOMETRIC_PRESENTATION_REPRESENTATION (  '', ( #5129 ), #1962 ) ;
#8685 = STYLED_ITEM ( 'NONE', ( #3569 ), #7672 ) ;
#8686 =( GEOMETRIC_REPRESENTATION_CONTEXT ( 3 ) GLOBAL_UNCERTAINTY_ASSIGNED_CONTEXT ( ( #325 ) ) GLOBAL_UNIT_ASSIGNED_CONTEXT ( ( #4254, #6820, #1456 ) ) REPRESENTATION_CONTEXT ( 'NONE', 'WORKASPACE' ) );
#8687 = PLANE ( 'NONE',  #6046 ) ;
#8688 = CARTESIAN_POINT ( 'NONE',  ( 0.08617334877031732066, 0.07086614173228347746, 0.0000000000000000000 ) ) ;
#8689 = CARTESIAN_POINT ( 'NONE',  ( -0.09805920168340709342, 0.04135943069846637066, -0.05242554140090897874 ) ) ;
#8690 = DIMENSIONAL_EXPONENTS ( 1.000000000000000000, 0.0000000000000000000, 0.0000000000000000000, 0.0000000000000000000, 0.0000000000000000000, 0.0000000000000000000, 0.0000000000000000000 ) ;
#8691 = EDGE_LOOP ( 'NONE', ( #3085, #5633, #2737, #8190 ) ) ;
#8692 = PRESENTATION_LAYER_ASSIGNMENT (  '', '', ( #7688 ) ) ;
#8693 =( NAMED_UNIT ( * ) PLANE_ANGLE_UNIT ( ) SI_UNIT ( $, .RADIAN. ) );
#8694 = VERTEX_POINT ( 'NONE', #2854 ) ;
#8695 = CARTESIAN_POINT ( 'NONE',  ( -0.1161417322834645688, 0.03937007874015747977, -0.06889763779527559306 ) ) ;
#8696 = SURFACE_STYLE_USAGE ( .BOTH. , #1170 ) ;
#8697 = PRESENTATION_LAYER_ASSIGNMENT (  '', '', ( #252 ) ) ;
#8698 = FILL_AREA_STYLE_COLOUR ( '', #7370 ) ;
#8699 =( GEOMETRIC_REPRESENTATION_CONTEXT ( 3 ) GLOBAL_UNCERTAINTY_ASSIGNED_CONTEXT ( ( #8124 ) ) GLOBAL_UNIT_ASSIGNED_CONTEXT ( ( #8786, #8133, #8833 ) ) REPRESENTATION_CONTEXT ( 'NONE', 'WORKASPACE' ) );
#8700 = ORIENTED_EDGE ( 'NONE', *, *, #8128, .T. ) ;
#8701 = DIRECTION ( 'NONE',  ( -4.336808689942016158E-15, 1.000000000000000000, 0.0000000000000000000 ) ) ;
#8702 = FILL_AREA_STYLE ('',( #4496 ) ) ;
#8703 = ORIENTED_EDGE ( 'NONE', *, *, #1694, .T. ) ;
#8704 =( NAMED_UNIT ( * ) PLANE_ANGLE_UNIT ( ) SI_UNIT ( $, .RADIAN. ) );
#8705 = VERTEX_POINT ( 'NONE', #6986 ) ;
#8706 =( CONVERSION_BASED_UNIT ( 'INCH', #1985 ) LENGTH_UNIT ( ) NAMED_UNIT ( #4882 ) );
#8707 = LINE ( 'NONE', #2576, #1427 ) ;
#8708 = DIRECTION ( 'NONE',  ( 2.344220913482170177E-16, 0.0000000000000000000, 1.000000000000000000 ) ) ;
#8709 =( NAMED_UNIT ( * ) PLANE_ANGLE_UNIT ( ) SI_UNIT ( $, .RADIAN. ) );
#8710 = VERTEX_POINT ( 'NONE', #4384 ) ;
#8711 = FILL_AREA_STYLE_COLOUR ( '', #1228 ) ;
#8712 = LINE ( 'NONE', #6075, #3793 ) ;
#8713 = EDGE_CURVE ( 'NONE', #8357, #7535, #3131, .T. ) ;
#8714 = SURFACE_SIDE_STYLE ('',( #418 ) ) ;
#8715 = EDGE_CURVE ( 'NONE', #6964, #5662, #8355, .T. ) ;
#8716 =( GEOMETRIC_REPRESENTATION_CONTEXT ( 3 ) GLOBAL_UNCERTAINTY_ASSIGNED_CONTEXT ( ( #6521 ) ) GLOBAL_UNIT_ASSIGNED_CONTEXT ( ( #186, #8270, #4231 ) ) REPRESENTATION_CONTEXT ( 'NONE', 'WORKASPACE' ) );
#8717 = EDGE_CURVE ( 'NONE', #312, #4764, #7852, .T. ) ;
#8718 = LINE ( 'NONE', #8047, #2094 ) ;
#8719 = ORIENTED_EDGE ( 'NONE', *, *, #4179, .F. ) ;
#8720 = SURFACE_SIDE_STYLE ('',( #1907 ) ) ;
#8721 = CARTESIAN_POINT ( 'NONE',  ( -0.1200787401574803237, -0.009085487128351082964, -0.01968503937007873988 ) ) ;
#8722 = COLOUR_RGB ( '',0.2980392156862745057, 0.2980392156862745057, 0.2980392156862745057 ) ;
#8723 = DIMENSIONAL_EXPONENTS ( 1.000000000000000000, 0.0000000000000000000, 0.0000000000000000000, 0.0000000000000000000, 0.0000000000000000000, 0.0000000000000000000, 0.0000000000000000000 ) ;
#8724 = CARTESIAN_POINT ( 'NONE',  ( 0.1031504233787781111, 0.03937007874015747977, -0.05294031065940998926 ) ) ;
#8725 = CARTESIAN_POINT ( 'NONE',  ( -0.04527559055118110520, 0.09448818897637795144, -0.02559055118110236532 ) ) ;
#8726 =( NAMED_UNIT ( * ) PLANE_ANGLE_UNIT ( ) SI_UNIT ( $, .RADIAN. ) );
#8727 =( CONVERSION_BASED_UNIT ( 'INCH', #6139 ) LENGTH_UNIT ( ) NAMED_UNIT ( #7495 ) );
#8728 = ORIENTED_EDGE ( 'NONE', *, *, #8012, .T. ) ;
#8729 = ORIENTED_EDGE ( 'NONE', *, *, #6472, .T. ) ;
#8730 = VECTOR ( 'NONE', #6049, 39.37007874015748143 ) ;
#8731 = CARTESIAN_POINT ( 'NONE',  ( -0.1200787401574803237, 0.01968503937007873988, 0.07283464566929134798 ) ) ;
#8732 = CARTESIAN_POINT ( 'NONE',  ( -0.1200787401574803237, -0.009085487128351082964, -0.01968503937007873988 ) ) ;
#8733 = PLANE ( 'NONE',  #8227 ) ;
#8734 = CARTESIAN_POINT ( 'NONE',  ( 0.0000000000000000000, 0.09842519685039370636, 0.0000000000000000000 ) ) ;
#8735 = EDGE_CURVE ( 'NONE', #3023, #6427, #7611, .T. ) ;
#8736 = DIRECTION ( 'NONE',  ( 1.000000000000000000, 0.0000000000000000000, 0.0000000000000000000 ) ) ;
#8737 = STYLED_ITEM ( 'NONE', ( #605 ), #4160 ) ;
#8738 = ORIENTED_EDGE ( 'NONE', *, *, #4114, .F. ) ;
#8739 = ORIENTED_EDGE ( 'NONE', *, *, #8735, .T. ) ;
#8740 = DIMENSIONAL_EXPONENTS ( 1.000000000000000000, 0.0000000000000000000, 0.0000000000000000000, 0.0000000000000000000, 0.0000000000000000000, 0.0000000000000000000, 0.0000000000000000000 ) ;
#8741 =( NAMED_UNIT ( * ) SI_UNIT ( $, .STERADIAN. ) SOLID_ANGLE_UNIT ( ) );
#8742 = EDGE_LOOP ( 'NONE', ( #5257, #8161, #5909, #5907 ) ) ;
#8743 = UNCERTAINTY_MEASURE_WITH_UNIT (LENGTH_MEASURE( 1.000000000000000082E-05 ), #7349, 'distance_accuracy_value', 'NONE');
#8744 = LINE ( 'NONE', #1256, #7726 ) ;
#8745 = AXIS2_PLACEMENT_3D ( 'NONE', #2251, #2829, #3566 ) ;
#8746 = DIRECTION ( 'NONE',  ( 0.0000000000000000000, 0.0000000000000000000, -1.000000000000000000 ) ) ;
#8747 = CARTESIAN_POINT ( 'NONE',  ( -0.09708156932104941572, 0.03695904420870039370, 0.04983747483286071062 ) ) ;
#8748 = DIRECTION ( 'NONE',  ( -1.000000000000000000, 0.0000000000000000000, 0.0000000000000000000 ) ) ;
#8749 = DIRECTION ( 'NONE',  ( 1.000000000000000000, 0.0000000000000000000, 0.0000000000000000000 ) ) ;
#8750 = AXIS2_PLACEMENT_3D ( 'NONE', #8626, #6439, #8537 ) ;
#8751 = ORIENTED_EDGE ( 'NONE', *, *, #8221, .T. ) ;
#8752 = DIRECTION ( 'NONE',  ( -1.000000000000000000, 0.0000000000000000000, 0.0000000000000000000 ) ) ;
#8753 = UNCERTAINTY_MEASURE_WITH_UNIT (LENGTH_MEASURE( 1.000000000000000082E-05 ), #1692, 'distance_accuracy_value', 'NONE');
#8754 =( NAMED_UNIT ( * ) SI_UNIT ( $, .STERADIAN. ) SOLID_ANGLE_UNIT ( ) );
#8755 = COLOUR_RGB ( '',0.7686274509803920907, 0.7686274509803920907, 0.7686274509803920907 ) ;
#8756 = ADVANCED_FACE ( 'NONE', ( #4203 ), #2190, .T. ) ;
#8757 = CARTESIAN_POINT ( 'NONE',  ( -0.1003937007874015908, 0.04196055061682803233, -0.05220675164340077973 ) ) ;
#8758 = ORIENTED_EDGE ( 'NONE', *, *, #8480, .F. ) ;
#8759 = STYLED_ITEM ( 'NONE', ( #8766 ), #139 ) ;
#8760 = AXIS2_PLACEMENT_3D ( 'NONE', #2691, #8113, #5348 ) ;
#8761 = EDGE_CURVE ( 'NONE', #3126, #8040, #2935, .T. ) ;
#8762 = ADVANCED_FACE ( 'NONE', ( #7747 ), #4226, .F. ) ;
#8763 = PLANE ( 'NONE',  #637 ) ;
#8764 = CARTESIAN_POINT ( 'NONE',  ( -0.1431733283613561003, 0.003937007874015747977, 0.01181102362204724393 ) ) ;
#8765 = FACE_OUTER_BOUND ( 'NONE', #6032, .T. ) ;
#8766 = PRESENTATION_STYLE_ASSIGNMENT (( #5338 ) ) ;
#8767 = ORIENTED_EDGE ( 'NONE', *, *, #716, .F. ) ;
#8768 = VERTEX_POINT ( 'NONE', #5117 ) ;
#8769 = SURFACE_SIDE_STYLE ('',( #7269 ) ) ;
#8770 = EDGE_CURVE ( 'NONE', #7361, #6487, #7824, .T. ) ;
#8771 = CARTESIAN_POINT ( 'NONE',  ( 0.1122047244094488277, 0.01968503937007873988, 0.05118110236220473064 ) ) ;
#8772 = FACE_OUTER_BOUND ( 'NONE', #1945, .T. ) ;
#8773 = CARTESIAN_POINT ( 'NONE',  ( 0.1102370375520062978, 0.04724409448818897572, -0.05511811023622047168 ) ) ;
#8774 = CARTESIAN_POINT ( 'NONE',  ( -0.1200787401574803237, 0.01901624810599303328, -0.01181102362204724393 ) ) ;
#8775 = FILL_AREA_STYLE_COLOUR ( '', #3038 ) ;
#8776 = DIMENSIONAL_EXPONENTS ( 1.000000000000000000, 0.0000000000000000000, 0.0000000000000000000, 0.0000000000000000000, 0.0000000000000000000, 0.0000000000000000000, 0.0000000000000000000 ) ;
#8777 = FILL_AREA_STYLE_COLOUR ( '', #6118 ) ;
#8778 = ORIENTED_EDGE ( 'NONE', *, *, #3631, .T. ) ;
#8779 = LINE ( 'NONE', #3426, #684 ) ;
#8780 = ORIENTED_EDGE ( 'NONE', *, *, #3344, .T. ) ;
#8781 = ORIENTED_EDGE ( 'NONE', *, *, #3243, .F. ) ;
#8782 = PRESENTATION_STYLE_ASSIGNMENT (( #2159 ) ) ;
#8783 = MECHANICAL_DESIGN_GEOMETRIC_PRESENTATION_REPRESENTATION (  '', ( #8215 ), #7928 ) ;
#8784 = SURFACE_STYLE_FILL_AREA ( #1938 ) ;
#8785 = LENGTH_MEASURE_WITH_UNIT ( LENGTH_MEASURE( 0.02539999999999999897 ), #3248 );
#8786 =( CONVERSION_BASED_UNIT ( 'INCH', #8266 ) LENGTH_UNIT ( ) NAMED_UNIT ( #4865 ) );
#8787 = ORIENTED_EDGE ( 'NONE', *, *, #4791, .F. ) ;
#8788 = LENGTH_MEASURE_WITH_UNIT ( LENGTH_MEASURE( 0.02539999999999999897 ), #1857 );
#8789 = LINE ( 'NONE', #464, #8356 ) ;
#8790 =( LENGTH_UNIT ( ) NAMED_UNIT ( * ) SI_UNIT ( $, .METRE. ) );
#8791 = DIMENSIONAL_EXPONENTS ( 1.000000000000000000, 0.0000000000000000000, 0.0000000000000000000, 0.0000000000000000000, 0.0000000000000000000, 0.0000000000000000000, 0.0000000000000000000 ) ;
#8792 = PRESENTATION_STYLE_ASSIGNMENT (( #1267 ) ) ;
#8793 = CIRCLE ( 'NONE', #5377, 0.003937007874015749712 ) ;
#8794 = DIRECTION ( 'NONE',  ( 0.0000000000000000000, 0.0000000000000000000, 1.000000000000000000 ) ) ;
#8795 = DIRECTION ( 'NONE',  ( -1.000000000000000000, 0.0000000000000000000, 0.0000000000000000000 ) ) ;
#8796 = UNCERTAINTY_MEASURE_WITH_UNIT (LENGTH_MEASURE( 1.000000000000000082E-05 ), #8727, 'distance_accuracy_value', 'NONE');
#8797 = ORIENTED_EDGE ( 'NONE', *, *, #5723, .F. ) ;
#8798 = FILL_AREA_STYLE ('',( #7516 ) ) ;
#8799 = SURFACE_SIDE_STYLE ('',( #7299 ) ) ;
#8800 = EDGE_CURVE ( 'NONE', #462, #2331, #8009, .T. ) ;
#8801 = LINE ( 'NONE', #2680, #7318 ) ;
#8802 = LENGTH_MEASURE_WITH_UNIT ( LENGTH_MEASURE( 0.02539999999999999897 ), #3349 );
#8803 = FACE_OUTER_BOUND ( 'NONE', #339, .T. ) ;
#8804 = MECHANICAL_DESIGN_GEOMETRIC_PRESENTATION_REPRESENTATION (  '', ( #7953 ), #6959 ) ;
#8805 = VECTOR ( 'NONE', #6713, 39.37007874015748143 ) ;
#8806 = MECHANICAL_DESIGN_GEOMETRIC_PRESENTATION_REPRESENTATION (  '', ( #4974 ), #6394 ) ;
#8807 = STYLED_ITEM ( 'NONE', ( #6213 ), #6704 ) ;
#8808 = SURFACE_SIDE_STYLE ('',( #7565 ) ) ;
#8809 =( LENGTH_UNIT ( ) NAMED_UNIT ( * ) SI_UNIT ( $, .METRE. ) );
#8810 = VERTEX_POINT ( 'NONE', #469 ) ;
#8811 = VERTEX_POINT ( 'NONE', #4521 ) ;
#8812 = SURFACE_STYLE_FILL_AREA ( #7213 ) ;
#8813 = MECHANICAL_DESIGN_GEOMETRIC_PRESENTATION_REPRESENTATION (  '', ( #1230 ), #5832 ) ;
#8814 = EDGE_CURVE ( 'NONE', #176, #6853, #4477, .T. ) ;
#8815 =( LENGTH_UNIT ( ) NAMED_UNIT ( * ) SI_UNIT ( $, .METRE. ) );
#8816 =( LENGTH_UNIT ( ) NAMED_UNIT ( * ) SI_UNIT ( $, .METRE. ) );
#8817 = CYLINDRICAL_SURFACE ( 'NONE', #6754, 0.01181102362204724046 ) ;
#8818 = ADVANCED_FACE ( 'NONE', ( #427 ), #3208, .F. ) ;
#8819 = ADVANCED_FACE ( 'NONE', ( #8837 ), #633, .F. ) ;
#8820 = PRESENTATION_LAYER_ASSIGNMENT (  '', '', ( #4552 ) ) ;
#8821 = MECHANICAL_DESIGN_GEOMETRIC_PRESENTATION_REPRESENTATION (  '', ( #7688 ), #5988 ) ;
#8822 = PRESENTATION_LAYER_ASSIGNMENT (  '', '', ( #6814 ) ) ;
#8823 = EDGE_LOOP ( 'NONE', ( #2526, #2961, #5813, #4721 ) ) ;
#8824 = DIRECTION ( 'NONE',  ( 0.0000000000000000000, 0.0000000000000000000, 1.000000000000000000 ) ) ;
#8825 = ORIENTED_EDGE ( 'NONE', *, *, #2034, .F. ) ;
#8826 = FACE_OUTER_BOUND ( 'NONE', #6719, .T. ) ;
#8827 = UNCERTAINTY_MEASURE_WITH_UNIT (LENGTH_MEASURE( 1.000000000000000082E-05 ), #960, 'distance_accuracy_value', 'NONE');
#8828 =( GEOMETRIC_REPRESENTATION_CONTEXT ( 3 ) GLOBAL_UNCERTAINTY_ASSIGNED_CONTEXT ( ( #7507 ) ) GLOBAL_UNIT_ASSIGNED_CONTEXT ( ( #6988, #548, #4653 ) ) REPRESENTATION_CONTEXT ( 'NONE', 'WORKASPACE' ) );
#8830 = LINE ( 'NONE', #5312, #7582 ) ;
#8829 = AXIS2_PLACEMENT_3D ( 'NONE', #3253, #4606, #2448 ) ;
#8831 =( LENGTH_UNIT ( ) NAMED_UNIT ( * ) SI_UNIT ( $, .METRE. ) );
#8832 = AXIS2_PLACEMENT_3D ( 'NONE', #37, #1419, #7449 ) ;
#8833 =( NAMED_UNIT ( * ) SI_UNIT ( $, .STERADIAN. ) SOLID_ANGLE_UNIT ( ) );
#8834 = ORIENTED_EDGE ( 'NONE', *, *, #773, .F. ) ;
#8835 = DIMENSIONAL_EXPONENTS ( 1.000000000000000000, 0.0000000000000000000, 0.0000000000000000000, 0.0000000000000000000, 0.0000000000000000000, 0.0000000000000000000, 0.0000000000000000000 ) ;
#8836 = DIRECTION ( 'NONE',  ( 0.0000000000000000000, 0.0000000000000000000, 1.000000000000000000 ) ) ;
#8837 = FACE_OUTER_BOUND ( 'NONE', #2340, .T. ) ;
#8838 = UNCERTAINTY_MEASURE_WITH_UNIT (LENGTH_MEASURE( 1.000000000000000082E-05 ), #3088, 'distance_accuracy_value', 'NONE');
#8839 = CARTESIAN_POINT ( 'NONE',  ( -0.1200787401574803237, 0.04724409448818897572, 0.05511811023622047168 ) ) ;
#8840 = CARTESIAN_POINT ( 'NONE',  ( -0.1200787401574803237, 0.03937007874015747977, -0.01968503937007873988 ) ) ;
#8841 = CIRCLE ( 'NONE', #7988, 0.007874015748031495954 ) ;
#8842 = LENGTH_MEASURE_WITH_UNIT ( LENGTH_MEASURE( 0.02539999999999999897 ), #6212 );
#8843 = CARTESIAN_POINT ( 'NONE',  ( -0.1200787401574803237, 0.01968503937007873988, -0.04724409448818897572 ) ) ;
#8844 = CARTESIAN_POINT ( 'NONE',  ( 0.1431733283613561003, 0.003937007874015747977, -0.01181102362204724393 ) ) ;
#8845 = VERTEX_POINT ( 'NONE', #2123 ) ;
#8846 =( LENGTH_UNIT ( ) NAMED_UNIT ( * ) SI_UNIT ( $, .METRE. ) );
#8847 = AXIS2_PLACEMENT_3D ( 'NONE', #879, #3633, #200 ) ;
#8848 = CARTESIAN_POINT ( 'NONE',  ( -0.1102370375520064921, 0.03937007874015747977, -0.01968503937007873988 ) ) ;
#8849 = CARTESIAN_POINT ( 'NONE',  ( -0.1102370375520064921, 0.03937007874015747977, 0.01968503937007873988 ) ) ;
#8850 = CARTESIAN_POINT ( 'NONE',  ( 0.09945084613158955422, 0.04196055061682803233, -0.04850717439621220206 ) ) ;
#8851 = MANIFOLD_SOLID_BREP ( 'Imported5', #8619 ) ;
#8852 = PRESENTATION_STYLE_ASSIGNMENT (( #6931 ) ) ;
#8853 = DIMENSIONAL_EXPONENTS ( 1.000000000000000000, 0.0000000000000000000, 0.0000000000000000000, 0.0000000000000000000, 0.0000000000000000000, 0.0000000000000000000, 0.0000000000000000000 ) ;
#8854 = DIRECTION ( 'NONE',  ( 0.0000000000000000000, 1.000000000000000000, 0.0000000000000000000 ) ) ;
#8855 = FILL_AREA_STYLE ('',( #3352 ) ) ;
#8856 = ORIENTED_EDGE ( 'NONE', *, *, #654, .T. ) ;
#8857 = ORIENTED_EDGE ( 'NONE', *, *, #2549, .T. ) ;
#8858 = FILL_AREA_STYLE_COLOUR ( '', #3884 ) ;
#8859 = CYLINDRICAL_SURFACE ( 'NONE', #3398, 0.001968503937007879193 ) ;
#8860 = EDGE_CURVE ( 'NONE', #2157, #3822, #6256, .T. ) ;
#8861 = LINE ( 'NONE', #2653, #1237 ) ;
#8862 = VERTEX_POINT ( 'NONE', #8310 ) ;
#8863 = LINE ( 'NONE', #4083, #3563 ) ;
#8864 = ORIENTED_EDGE ( 'NONE', *, *, #8484, .F. ) ;
#8865 = VECTOR ( 'NONE', #3721, 39.37007874015748143 ) ;
#8866 = EDGE_CURVE ( 'NONE', #4775, #4993, #2284, .T. ) ;
#8867 = EDGE_CURVE ( 'NONE', #2811, #6274, #6864, .T. ) ;
ENDSEC;
END-ISO-10303-21;
